episode,score,epsilon,avg_loss,used_heuristic
0,-1.445,1.0,0.028238097205758095,True
1,-0.77,0.9997,0.023540045134723186,True
2,-1.8900000000000001,0.9994,0.0375038132071495,True
3,-1.775,0.9991,0.026968517547680274,True
4,-0.46499999999999997,0.9988,0.024155739073952038,True
5,-0.94,0.9985,0.025348016060888767,True
6,0.7250000000000001,0.9982,0.052438725158572196,True
7,-0.865,0.9979,0.05624536952624718,True
8,-1.285,0.9976,0.0524594109505415,True
9,-0.4149999999999999,0.9973,0.02071905881166458,True
10,-1.63,0.997,0.02115681255236268,True
11,-1.0500000000000003,0.9967,0.05207236270036768,True
12,-1.635,0.9964,0.04046298563480377,True
13,0.2450000000000001,0.9961,0.021121892457207043,True
14,-1.57,0.9958,0.03400809969753027,True
15,-0.2550000000000001,0.9955,0.029347856839497883,True
16,-1.82,0.9952,0.0319814532995224,True
17,-0.525,0.9949,0.0901363417506218,True
18,-1.3250000000000002,0.9946,0.039530619978904724,True
19,-1.0150000000000001,0.9943,0.04313986748456955,True
20,-1.56,0.994,0.03309540590271354,True
21,0.11999999999999966,0.9937,0.054366625017589994,True
22,-1.0350000000000001,0.9934,0.03784303380442517,True
23,-1.545,0.9931,0.058166383455197014,True
24,-0.69,0.9928,0.04154640482738614,True
25,-0.735,0.9925,0.034074156545102596,True
26,-1.645,0.9922,0.054226361215114594,True
27,-0.915,0.9919,0.033475888737787805,True
28,-0.5850000000000001,0.9916,0.024448022712022066,True
29,-1.6800000000000002,0.9913,0.0571340729482472,True
30,-0.935,0.991,0.04744460806250572,True
31,-0.42500000000000016,0.9907,0.049782456209262214,True
32,-1.61,0.9904,0.058256784764428936,True
33,-0.39500000000000013,0.9901,0.06935210488736629,True
34,-1.7349999999999999,0.9898,0.044953531585633755,True
35,-1.75,0.9895,0.05793926864862442,True
36,-0.12,0.9892,0.08098598569631577,True
37,-1.04,0.9889,0.03652859479188919,True
38,-1.495,0.9886,0.05040200930088758,True
39,-1.0699999999999998,0.9883,0.08011017553508282,True
40,-1.3900000000000001,0.988,0.05901012569665909,True
41,-0.8600000000000001,0.9877,0.07372255809605122,True
42,-0.6600000000000003,0.9874,0.057204990432812616,True
43,-1.0150000000000001,0.9871,0.08440382778644562,True
44,-2.17,0.9868,0.06583776790648699,True
45,-0.585,0.9865,0.066930434666574,True
46,0.47,0.9862,0.048375205136835575,True
47,-2.56,0.9859,0.07449145801365376,True
48,0.8650000000000002,0.9856,0.06349143385887146,True
49,-1.2000000000000002,0.9853,0.09416491091251374,True
50,-0.11499999999999999,0.985,0.14221853017807007,True
51,-1.1300000000000001,0.9847,0.033548299223184586,True
52,-0.615,0.9844,0.04299817234277725,True
53,-0.855,0.9841,0.09638913720846176,True
54,-0.735,0.9838,0.09702005703002214,True
55,-1.215,0.9835,0.14317360520362854,True
56,-0.675,0.9832,0.06607751175761223,True
57,-2.86,0.9829,0.07293276240428288,True
58,0.6400000000000001,0.9826,0.07362587237730622,True
59,-2.66,0.9823,0.09881763656934102,True
60,-0.1649999999999998,0.982,0.11378176386157672,True
61,-0.475,0.9817,0.0736908707767725,True
62,-1.125,0.9814,0.032171960920095444,True
63,-1.645,0.9811,0.1266935169696808,True
64,-0.5349999999999999,0.9808,0.10295646424804415,True
65,-1.4700000000000002,0.9805,0.0755530446767807,True
66,-0.355,0.9802,0.11477853109439214,True
67,-1.3400000000000003,0.9799,0.09938039949962071,True
68,-1.665,0.9796,0.048800921998918056,True
69,-1.12,0.9793,0.11041024327278137,True
70,-0.9700000000000001,0.979,0.10707299504429102,True
71,-0.7999999999999999,0.9787,0.18075923919677733,True
72,-0.08500000000000019,0.9784,0.11849543750286103,True
73,-0.765,0.9781,0.110896997153759,True
74,-1.8,0.9778,0.08885917129615943,True
75,-0.3350000000000001,0.9775,0.12470701336860657,True
76,-1.9050000000000002,0.9772,0.12709297835826874,True
77,-0.8349999999999999,0.9769,0.1471431404352188,True
78,-2.365,0.9766,0.09911287296563387,True
79,0.3700000000000001,0.9763,0.2774715721607208,True
80,-0.3550000000000001,0.976,0.13518355041742325,True
81,-1.5150000000000001,0.9757,0.1299822349101305,True
82,-1.27,0.9754,0.15178483724594116,True
83,-1.11,0.9751,0.07933823764324188,True
84,-0.6349999999999999,0.9748,0.0736764669418335,True
85,-1.44,0.9745,0.12298501282930374,True
86,-0.72,0.9742,0.14237964153289795,True
87,-1.8250000000000002,0.9739,0.20637206733226776,True
88,-0.7149999999999999,0.9736,0.1302433361609777,True
89,-1.1300000000000001,0.9733,0.09782189130783081,True
90,-1.48,0.973,0.19819118082523346,True
91,0.09499999999999975,0.9727,0.20332616791129113,True
92,-1.6900000000000002,0.9724,0.17252299785614014,True
93,-0.9800000000000002,0.9721,0.19389725290238857,True
94,-1.835,0.9718,0.12890463694930077,True
95,-0.405,0.9715,0.2291143275797367,True
96,0.365,0.9712,0.2143191397190094,True
97,-0.7599999999999999,0.9709,0.3522164821624756,True
98,-1.1400000000000001,0.9706,0.11620867997407913,True
99,-1.725,0.9703,0.1714243876437346,True
100,-0.2550000000000001,0.97,0.2556513613089919,True
101,-1.37,0.9697,0.4030529297888279,True
102,-1.5550000000000002,0.9694,0.2203717203810811,True
103,-0.20999999999999996,0.9691,0.42985397577285767,True
104,0.575,0.9688,0.2394474744796753,True
105,-1.82,0.9685,0.09359543770551682,True
106,-0.5950000000000001,0.9682,0.3216230645775795,True
107,-1.4000000000000001,0.9679,0.4059305727481842,True
108,-1.12,0.9676,0.6141824722290039,True
109,-1.125,0.9673,0.37335770577192307,True
110,-0.3350000000000001,0.967,0.5929372012615204,True
111,-1.745,0.9667,0.4153463691473007,True
112,-1.0,0.9664,0.39175372819105786,True
113,-1.725,0.9661,0.2782098079721133,True
114,-0.785,0.9658,0.33644103407859804,True
115,-1.4300000000000002,0.9655,0.8236025075117747,True
116,-1.89,0.9652000000000001,0.6752357244491577,True
117,0.2100000000000002,0.9649,0.5155645966529846,True
118,-1.3050000000000002,0.9646,0.5142954478661219,True
119,-0.7000000000000001,0.9643,0.7794220248858134,True
120,-2.465,0.964,0.4882323443889618,True
121,0.675,0.9637,1.0598540902137756,True
122,-2.16,0.9634,0.3953447739283244,True
123,-0.72,0.9631,0.4883923828601837,True
124,-0.65,0.9628,1.0873724073171616,True
125,-1.42,0.9625,0.933280423283577,True
126,-0.92,0.9622,0.6595990061759949,True
127,-1.0399999999999998,0.9619,0.7188207805156708,True
128,-0.94,0.9616,0.6597189903259277,True
129,-0.9749999999999999,0.9613,0.6387728080153465,True
130,0.15500000000000003,0.961,1.1888109644254048,True
131,-1.94,0.9607,1.8161612749099731,True
132,-1.185,0.9604,1.376654691166348,True
133,-0.735,0.9601,2.404361665248871,True
134,-0.9100000000000005,0.9598,2.1263182690510383,True
135,-1.455,0.9595,1.4130428433418274,True
136,-0.81,0.9592,2.2432522773742676,True
137,-2.005,0.9589,1.8735875010490417,True
138,-1.3550000000000004,0.9586,3.757393337213076,True
139,-0.1299999999999999,0.9583,1.5290926098823547,True
140,-1.545,0.958,2.6944578488667807,True
141,-1.135,0.9577,3.0207366943359375,True
142,-0.925,0.9574,2.6100573937098184,True
143,-1.105,0.9571000000000001,6.119169433911641,True
144,-0.3450000000000002,0.9568,6.7624295098440985,True
145,-0.66,0.9565,6.379976570606232,True
146,-0.95,0.9562,9.696848630905151,True
147,-1.875,0.9559,4.373826086521149,True
148,0.22499999999999987,0.9556,5.897839665412903,True
149,-2.4850000000000003,0.9553,9.6155424118042,True
150,-0.5000000000000001,0.955,9.111640548706054,True
151,-1.08,0.9547,4.589329659938812,True
152,0.11999999999999988,0.9544,6.0091636180877686,True
153,-1.675,0.9541,4.319136321544647,True
154,-0.5650000000000001,0.9538,14.020686467488607,True
155,-0.51,0.9535,15.589278221130371,True
156,-1.625,0.9532,10.8302001953125,True
157,-1.2650000000000001,0.9529,9.038696179023155,True
158,-0.96,0.9526,9.721173922220865,True
159,-1.37,0.9523,9.084040522575378,True
160,-0.3450000000000002,0.952,18.114601969718933,True
161,-2.135,0.9517,13.475495338439941,True
162,-0.1200000000000001,0.9514,13.703861872355143,True
163,-1.12,0.9511000000000001,24.47309684753418,True
164,-1.865,0.9508,15.128990530967712,True
165,-0.05999999999999983,0.9505,26.75734790166219,True
166,-0.925,0.9502,18.21636704036168,True
167,-1.045,0.9499,15.575738906860352,True
168,-0.32500000000000007,0.9496,10.268126487731934,True
169,-1.3050000000000002,0.9493,20.787028503417968,True
170,-0.11499999999999999,0.949,18.50616455078125,True
171,-1.5150000000000001,0.9487,6.776369094848633,True
172,-0.3700000000000001,0.9484,16.282652854919434,True
173,-1.2800000000000002,0.9481,10.174612641334534,True
174,-1.4900000000000002,0.9478,38.02460632324219,True
175,-0.62,0.9475,38.98116683959961,True
176,-0.62,0.9472,58.62019729614258,True
177,-2.015,0.9469,32.141305923461914,True
178,-0.5699999999999998,0.9466,27.449833552042644,True
179,-0.8800000000000001,0.9463,20.78585605621338,True
180,-0.84,0.946,26.953369140625,True
181,-1.745,0.9457,31.67263412475586,True
182,-1.6,0.9454,32.105724016825356,True
183,-0.22499999999999998,0.9451,90.33287048339844,True
184,-0.5500000000000002,0.9448,29.137698888778687,True
185,-2.48,0.9445,51.5277681350708,True
186,-0.7100000000000001,0.9442,36.0660088857015,True
187,-2.06,0.9439,97.23825581868489,True
188,0.8700000000000003,0.9436,52.26707077026367,True
189,-1.6150000000000002,0.9433,65.59658304850261,True
190,-1.4050000000000002,0.9430000000000001,44.60602321624756,True
191,-1.03,0.9427,50.27293395996094,True
192,-0.8099999999999999,0.9424,49.39433733622233,True
193,-1.135,0.9421,81.74340438842773,True
194,-0.74,0.9418,84.72254507882255,True
195,-0.7249999999999996,0.9415,101.61028071812221,True
196,-0.705,0.9412,57.55864906311035,True
197,-1.3250000000000002,0.9409,44.55529022216797,True
198,-0.41000000000000003,0.9406,118.4415283203125,True
199,-1.82,0.9403,62.29888153076172,True
200,-0.555,0.94,80.5153534412384,True
201,-1.525,0.9397,96.96453603108723,False
202,-1.175,0.9394,56.12803936004639,False
203,-1.415,0.9391,95.67520427703857,False
204,-0.6349999999999999,0.9388,90.50557708740234,False
205,-1.635,0.9385,173.82745252336775,False
206,-1.3649999999999998,0.9382,128.2239589691162,False
207,-0.3749999999999998,0.9379,181.88158798217773,False
208,-0.9449999999999998,0.9376,120.17894744873047,False
209,-1.78,0.9373,91.6071792602539,False
210,-0.59,0.937,173.59823608398438,False
211,-0.745,0.9367,235.69059244791666,False
212,-1.4000000000000004,0.9364,187.53648262023927,False
213,-1.3250000000000002,0.9361,124.62032318115234,False
214,-1.1700000000000002,0.9358,102.97147878011067,False
215,-1.0199999999999998,0.9355,213.0436030796596,False
216,-0.32499999999999973,0.9352,310.3708190917969,False
217,-1.845,0.9349000000000001,167.90332794189453,False
218,-0.45999999999999996,0.9346,267.5260009765625,False
219,-0.45500000000000007,0.9343,236.8014119466146,False
220,-1.2550000000000003,0.934,138.58954620361328,False
221,-1.3450000000000002,0.9337,152.69240951538086,False
222,-1.38,0.9334,224.20423431396483,False
223,-0.44000000000000017,0.9331,267.96558053152904,False
224,-2.065,0.9328,356.0176544189453,False
225,-0.585,0.9325,225.87813415527344,False
226,-1.11,0.9322,259.17926025390625,False
227,-0.79,0.9319,181.68776893615723,False
228,-0.82,0.9316,330.83460998535156,False
229,-1.55,0.9313,450.8402786254883,False
230,-1.255,0.931,398.8235168457031,False
231,-0.7549999999999999,0.9307,392.53712463378906,False
232,0.04000000000000026,0.9304,495.4889500935872,False
233,-1.6400000000000001,0.9301,401.3564453125,False
234,-0.24,0.9298,403.4538879394531,False
235,0.10999999999999965,0.9295,396.2097473144531,False
236,0.1050000000000002,0.9292,451.14784240722656,False
237,-0.4400000000000003,0.9289000000000001,431.5974884033203,False
238,-0.2749999999999999,0.9286,312.54881286621094,False
239,-1.36,0.9283,327.7257385253906,False
240,-0.675,0.928,238.05439376831055,False
241,-1.845,0.9277,471.53541564941406,False
242,-1.165,0.9274,560.7850973946707,False
243,-1.175,0.9271,575.3976135253906,False
244,0.5950000000000002,0.9268000000000001,0,False
245,-1.0150000000000001,0.9265,257.6893005371094,False
246,-0.745,0.9262,457.08765665690106,False
247,-1.71,0.9259,429.52191162109375,False
248,-0.2650000000000001,0.9256,352.55605061848956,False
249,-1.465,0.9253,535.4556350708008,False
250,-1.3050000000000002,0.925,618.6423522949219,False
251,-1.4900000000000002,0.9247,992.7655883789063,False
252,-1.1750000000000003,0.9244,698.1516402395148,False
253,-1.2250000000000003,0.9241,750.7542169744319,False
254,-0.94,0.9238,787.7703348795573,False
255,-1.33,0.9235,1467.9736328125,False
256,-1.1500000000000004,0.9232,692.8164344200721,False
257,-0.8399999999999999,0.9229,1764.7200317382812,False
258,-0.5349999999999999,0.9226,878.5208129882812,False
259,-0.95,0.9223,477.38336181640625,False
260,-0.365,0.922,611.1493682861328,False
261,-1.665,0.9217,1080.2607460021973,False
262,-1.03,0.9214,1277.0223999023438,False
263,0.5149999999999997,0.9211,1362.6612182617187,False
264,-1.9,0.9208000000000001,1067.0133911132812,False
265,-1.3599999999999999,0.9205,1863.3944905598958,False
266,0.23999999999999977,0.9202,1566.4866638183594,False
267,-1.73,0.9199,1793.148681640625,False
268,-1.3350000000000002,0.9196,1378.8383614676338,False
269,-0.965,0.9193,1765.0297241210938,False
270,-1.4500000000000002,0.919,1770.6799011230469,False
271,-0.3400000000000001,0.9187,2959.8328857421875,False
272,-1.245,0.9184,2121.5862426757812,False
273,-1.645,0.9181,2204.009969075521,False
274,-0.1349999999999998,0.9178,3053.2735595703125,False
275,-1.25,0.9175,2006.2408854166667,False
276,-1.195,0.9172,2589.916650390625,False
277,-1.78,0.9169,2815.5930447048613,False
278,-0.885,0.9166,2701.875244140625,False
279,-1.04,0.9163,3529.3926595052085,False
280,-0.06000000000000005,0.916,1647.728271484375,False
281,-2.085,0.9157,2479.1767578125,False
282,-0.7449999999999999,0.9154,2332.2345377604165,False
283,-0.24499999999999988,0.9151,2410.117919921875,False
284,-1.0550000000000002,0.9148000000000001,2205.6783854166665,False
285,-0.91,0.9145,0,False
286,-0.38,0.9142,7177.250048828125,False
287,-1.335,0.9139,5854.07861328125,False
288,-1.725,0.9136,883.4024658203125,False
289,-1.29,0.9133,4210.252685546875,False
290,-0.21499999999999986,0.913,3668.1809692382812,False
291,-0.45000000000000007,0.9127000000000001,5480.759440104167,False
292,-1.2650000000000001,0.9124,3546.7792154947915,False
293,-0.8449999999999999,0.9121,4132.8359375,False
294,-1.4699999999999998,0.9118,4336.28076171875,False
295,-0.9349999999999998,0.9115,3288.9989013671875,False
296,-0.9549999999999998,0.9112,3329.35009765625,False
297,-1.5500000000000003,0.9109,4375.930521647136,False
298,-1.035,0.9106,5151.142333984375,False
299,-1.0199999999999998,0.9103,5291.645438058035,False
300,-0.26,0.91,2809.3485514322915,False
301,-2.085,0.9097,3943.0851440429688,False
302,-0.23499999999999965,0.9094,5990.5282639723555,False
303,-1.195,0.9091,7274.28935546875,False
304,0.24499999999999988,0.9088,7563.60791015625,False
305,-1.955,0.9085,7329.168619791667,False
306,-0.965,0.9082,5590.7080078125,False
307,-1.13,0.9079,4808.5093994140625,False
308,-0.55,0.9076,14991.875651041666,False
309,-0.050000000000000044,0.9073,10382.767578125,False
310,-2.1550000000000002,0.907,6148.357096354167,False
311,0.43000000000000016,0.9067000000000001,6179.9256591796875,False
312,-1.145,0.9064,5827.011962890625,False
313,-1.3599999999999999,0.9061,10414.5224609375,False
314,0.2500000000000002,0.9058,5407.984293619792,False
315,-1.0649999999999995,0.9055,7665.450927734375,False
316,-0.8649999999999998,0.9052,22146.299479166668,False
317,-1.0599999999999998,0.9049,22294.59130859375,False
318,-1.5749999999999997,0.9046000000000001,13349.79296875,False
319,-0.040000000000000036,0.9043,10448.552734375,False
320,-1.87,0.904,13844.209716796875,False
321,-0.4299999999999997,0.9037,32107.458984375,False
322,-0.7100000000000001,0.9034,10864.577473958334,False
323,-1.085,0.9031,21021.4837890625,False
324,-1.32,0.9028,23731.423828125,False
325,-1.03,0.9025,21034.4931640625,False
326,-0.8600000000000001,0.9022,16317.325520833334,False
327,-0.9500000000000001,0.9019,16271.1787109375,False
328,-1.205,0.9016,14176.930859375,False
329,-1.85,0.9013,11120.813802083334,False
330,-0.44499999999999984,0.901,16495.285993303572,False
331,-0.685,0.9007000000000001,16516.73359375,False
332,-1.165,0.9004,25499.296875,False
333,-1.8650000000000002,0.9001,26907.14892578125,False
334,-0.09000000000000019,0.8998,20931.1078125,False
335,-3.025,0.8995,16985.574951171875,False
336,-0.345,0.8992,99127.59130859375,False
337,-0.26,0.8989,19224.838541666668,False
338,-1.34,0.8986000000000001,60120.87890625,False
339,-1.55,0.8983,41734.632161458336,False
340,-0.46499999999999986,0.898,29331.15625,False
341,-1.7200000000000002,0.8977,44450.46791294643,False
342,-0.040000000000000036,0.8974,120401.5625,False
343,-1.955,0.8971,93482.10416666667,False
344,-0.765,0.8968,50177.701822916664,False
345,-1.7349999999999999,0.8965,78537.88671875,False
346,-0.6149999999999999,0.8962,41233.78125,False
347,-1.145,0.8959,47295.198567708336,False
348,-0.7549999999999999,0.8956,48696.6533203125,False
349,-1.795,0.8953,60378.69453125,False
350,-0.23499999999999965,0.895,60726.888671875,False
351,-1.855,0.8947,156468.74479166666,False
352,-0.33999999999999986,0.8944,81065.77287946429,False
353,-1.125,0.8941,109875.65625,False
354,-1.5050000000000001,0.8938,66157.62265625,False
355,-0.7649999999999999,0.8935,74488.28125,False
356,-1.27,0.8932,103035.79166666667,False
357,-0.925,0.8929,81873.26171875,False
358,-0.1200000000000001,0.8926000000000001,230499.53645833334,False
359,-1.835,0.8923,118106.2890625,False
360,-1.2550000000000001,0.892,113936.58353365384,False
361,-1.165,0.8917,222963.84765625,False
362,-0.31499999999999995,0.8914,721721.125,False
363,-1.445,0.8911,310109.9140625,False
364,-1.5550000000000002,0.8908,166619.77604166666,False
365,-0.31499999999999995,0.8905000000000001,173373.84244791666,False
366,-1.935,0.8902,122770.90625,False
367,-0.7349999999999999,0.8899,176460.0625,False
368,-0.9450000000000001,0.8896000000000001,148189.14453125,False
369,0.1549999999999998,0.8893,726119.109375,False
370,-1.135,0.889,672906.765625,False
371,-1.6099999999999999,0.8887,317772.2838541667,False
372,-0.5499999999999999,0.8884,233346.671875,False
373,-0.7299999999999999,0.8881,287696.734375,False
374,-1.74,0.8878,245371.5078125,False
375,0.9849999999999997,0.8875,208448.88932291666,False
376,-2.465,0.8872,484101.115234375,False
377,-1.05,0.8869,573157.96875,False
378,-0.235,0.8866,496915.140625,False
379,-1.5650000000000002,0.8863,349913.2734375,False
380,-0.94,0.886,292419.8359375,False
381,-0.27500000000000013,0.8857,290693.16015625,False
382,-2.435,0.8854,233503.3125,False
383,-0.04499999999999971,0.8851,573150.6510416666,False
384,-0.73,0.8848,489642.125,False
385,-1.5450000000000002,0.8845000000000001,320208.140625,False
386,-1.35,0.8842,1323695.125,False
387,-0.7299999999999999,0.8839,1445956.0,False
388,-1.045,0.8836,987257.4583333334,False
389,-0.9650000000000001,0.8833,518787.25,False
390,-1.53,0.883,624292.25,False
391,-1.0399999999999998,0.8827,560042.0625,False
392,-0.24,0.8824,924453.8645833334,False
393,-1.91,0.8821,546010.19375,False
394,-0.39,0.8818,887930.325,False
395,-0.8450000000000001,0.8815,1969753.2083333333,False
396,-1.75,0.8812,1718629.8125,False
397,-0.66,0.8809,1332642.421875,False
398,-1.9949999999999999,0.8806,1094661.81875,False
399,-0.8549999999999999,0.8803,798811.4583333334,False
400,-0.345,0.88,727427.1875,False
401,-1.1700000000000002,0.8797,973919.953125,False
402,-1.035,0.8794,3600109.25,False
403,-1.3150000000000002,0.8791,3244955.5208333335,False
404,-1.2599999999999998,0.8788,1560578.0833333333,False
405,-0.97,0.8785000000000001,1169482.78125,False
406,-1.63,0.8782,1046871.375,False
407,-1.27,0.8779,1312502.8333333333,False
408,-0.2599999999999998,0.8776,1338183.171875,False
409,-1.165,0.8773,3217851.2916666665,False
410,-1.1800000000000002,0.877,4131712.75,False
411,-0.865,0.8767,2380731.8125,False
412,-0.04499999999999993,0.8764000000000001,3432940.5833333335,False
413,-0.355,0.8761,3541675.6666666665,False
414,-1.235,0.8758,1977084.375,False
415,-0.5349999999999997,0.8755000000000001,3039669.375,False
416,-2.055,0.8752,2720211.1328125,False
417,-0.33999999999999986,0.8749,3156287.8214285714,False
418,-0.2400000000000001,0.8746,2435242.5625,False
419,-2.1550000000000002,0.8743000000000001,1684766.8333333333,False
420,0.2650000000000001,0.874,4255336.5,False
421,-2.175,0.8737,2749563.90625,False
422,-0.05999999999999983,0.8734,2271014.0,False
423,-0.24499999999999988,0.8731,14539057.0,False
424,-2.0300000000000002,0.8728,8529486.0,False
425,-0.135,0.8725,9268057.5,False
426,-1.24,0.8722,8321435.5,False
427,-0.8600000000000001,0.8719,5535717.6875,False
428,-1.44,0.8716,7357763.5,False
429,-0.41999999999999993,0.8713,2686402.0,False
430,-1.5350000000000001,0.871,4430236.0,False
431,-1.67,0.8707,7247664.125,False
432,-0.135,0.8704000000000001,4265653.75,False
433,-0.8700000000000001,0.8701,16427521.625,False
434,-1.33,0.8698,15011286.0,False
435,-0.64,0.8695,23013476.666666668,False
436,-1.7550000000000001,0.8692,18451319.0,False
437,-0.94,0.8689,11217124.0,False
438,-1.33,0.8686,15680218.5,False
439,-0.7299999999999999,0.8683000000000001,15800294.0,False
440,-1.2449999999999999,0.868,9187778.0,False
441,-0.9449999999999998,0.8677,10057368.25,False
442,-0.735,0.8674,5763586.0,False
443,-0.9299999999999999,0.8671,7279743.75,False
444,-1.345,0.8668,9730652.666666666,False
445,-1.545,0.8665,13620313.0,False
446,-0.8449999999999999,0.8662000000000001,19960251.333333332,False
447,-1.3599999999999999,0.8659,15797891.0,False
448,1.065,0.8656,17797837.0,False
449,-1.635,0.8653,10741897.5,False
450,-1.54,0.865,9062371.0,False
451,-0.745,0.8647,10624399.666666666,False
452,-0.94,0.8644000000000001,16174815.5,False
453,-0.7449999999999999,0.8641,11586664.666666666,False
454,-1.03,0.8638,14923294.0,False
455,-0.73,0.8635,17991514.0,False
456,-2.0300000000000002,0.8632,24815570.5,False
457,-0.4449999999999996,0.8629,24475584.0,False
458,-1.44,0.8626,19640684.666666668,False
459,-0.3450000000000001,0.8623000000000001,29379310.0,False
460,-0.84,0.862,16755073.0,False
461,-1.65,0.8617,20403262.666666668,False
462,-1.5350000000000001,0.8613999999999999,18142030.0,False
463,0.06000000000000005,0.8611,11061456.5,False
464,-1.335,0.8608,19604843.0,False
465,-1.435,0.8605,13832307.0,False
466,-1.1400000000000001,0.8602000000000001,36096218.666666664,False
467,-1.0399999999999998,0.8599,53526304.0,False
468,-1.54,0.8596,56639632.0,False
469,-0.3299999999999996,0.8593,38971232.0,False
470,-1.335,0.859,32747413.0,False
471,-0.5349999999999997,0.8587,54293724.0,False
472,-0.84,0.8584,27119910.0,False
473,-1.93,0.8581,23408152.5,False
474,-0.6449999999999996,0.8578,19200451.5,False
475,-0.735,0.8575,32544325.0,False
476,-0.74,0.8572,26273914.666666668,False
477,-1.23,0.8569,63293228.0,False
478,-1.745,0.8566,35064795.333333336,False
479,-1.0399999999999998,0.8563000000000001,78918206.0,False
480,-0.235,0.856,116295582.0,False
481,-1.74,0.8557,46169984.0,False
482,-1.54,0.8554,58149194.666666664,False
483,-0.4399999999999997,0.8551,87844788.0,False
484,-0.645,0.8548,35791421.0,False
485,-1.33,0.8545,50477660.0,False
486,-0.9349999999999998,0.8542000000000001,42382270.0,False
487,-0.7399999999999999,0.8539,29091149.0,False
488,-0.83,0.8536,33485476.0,False
489,-1.545,0.8533,37059554.666666664,False
490,-1.335,0.853,107192844.0,False
491,-0.97,0.8527,151747445.33333334,False
492,-1.03,0.8524,33604837.0,False
493,-1.23,0.8521000000000001,72795634.0,False
494,-1.24,0.8518,91440392.0,False
495,-0.3299999999999996,0.8515,35029516.0,False
496,-0.2300000000000001,0.8512,76757648.0,False
497,-0.44499999999999995,0.8509,35298825.0,False
498,-1.33,0.8506,107069392.0,False
499,-1.44,0.8503000000000001,40623224.0,False
500,-1.145,0.85,52985390.666666664,False
501,-1.145,0.8497,129939832.0,False
502,-0.4399999999999997,0.8494,187601696.0,False
503,-1.1400000000000001,0.8491,90179156.0,False
504,-1.145,0.8488,165331960.0,False
505,-2.04,0.8485,208665141.33333334,False
506,0.15500000000000025,0.8482000000000001,117791320.0,False
507,-1.745,0.8479,132636538.66666667,False
508,-0.7349999999999999,0.8476,101206984.0,False
509,-0.5299999999999999,0.8473,107267312.0,False
510,-0.94,0.847,172253541.33333334,False
511,-1.1450000000000002,0.8467,103463708.0,False
512,-1.235,0.8464,242308808.0,False
513,-0.3400000000000001,0.8461000000000001,355086368.0,False
514,-2.145,0.8458,255559925.33333334,False
515,-0.22999999999999998,0.8455,214987400.0,False
516,-2.0300000000000002,0.8452,283717696.0,False
517,-0.04500000000000015,0.8449,156403914.66666666,False
518,-0.42499999999999993,0.8446,123329792.0,False
519,-1.1400000000000001,0.8443,261819216.0,False
520,-0.9299999999999999,0.844,105081012.0,False
521,-0.9449999999999998,0.8437,122879096.0,False
522,-1.6400000000000001,0.8434,130982408.0,False
523,-0.6399999999999999,0.8431,144114789.33333334,False
524,-1.435,0.8428,289108928.0,False
525,0.16500000000000004,0.8425,277736404.0,False
526,-2.04,0.8422000000000001,305497456.0,False
527,-1.235,0.8419,232007928.0,False
528,-0.33499999999999996,0.8416,227394412.0,False
529,-1.635,0.8413,253096904.0,False
530,-1.4300000000000002,0.841,251423072.0,False
531,-0.6449999999999996,0.8407,232813488.0,False
532,-0.42999999999999994,0.8404,204858512.0,False
533,-2.24,0.8401000000000001,303318232.0,False
534,-0.029999999999999805,0.8398,449565888.0,False
535,-0.5350000000000003,0.8395,220675560.0,False
536,-0.38,0.8392,609154624.0,False
537,-1.845,0.8389,685415914.6666666,False
538,-0.7299999999999999,0.8386,646106016.0,False
539,-0.345,0.8383,840821440.0,False
540,-1.34,0.8380000000000001,509520576.0,False
541,-0.43000000000000005,0.8377,508460032.0,False
542,-1.745,0.8374,432145994.6666667,False
543,-0.9450000000000001,0.8371,380513264.0,False
544,-1.14,0.8368,294792664.0,False
545,-1.23,0.8365,335722960.0,False
546,-1.035,0.8362,197513004.0,False
547,-1.44,0.8359,549977376.0,False
548,-0.5299999999999999,0.8356,489909984.0,False
549,-1.74,0.8353,340193536.0,False
550,-0.24499999999999966,0.835,461627498.6666667,False
551,-0.64,0.8347,402352176.0,False
552,-2.135,0.8344,532135472.0,False
553,-0.7349999999999999,0.8341000000000001,570712896.0,False
554,-1.345,0.8338,397764106.6666667,False
555,-0.8349999999999999,0.8335,437247888.0,False
556,-0.32999999999999985,0.8332,610989952.0,False
557,-1.435,0.8329,419725824.0,False
558,-0.5299999999999999,0.8326,305426032.0,False
559,-1.935,0.8323,1067176032.0,False
560,-0.34499999999999975,0.8320000000000001,1077196586.6666667,False
561,-0.64,0.8317,697432352.0,False
562,-2.145,0.8314,580887608.0,False
563,-0.24499999999999988,0.8311,612021845.3333334,False
564,-0.6349999999999998,0.8308,434969728.0,False
565,-0.13,0.8305,932356928.0,False
566,-1.245,0.8302,698410432.0,False
567,-1.54,0.8299000000000001,461648416.0,False
568,-1.24,0.8296,403476688.0,False
569,0.16500000000000026,0.8293,383436792.0,False
570,-1.145,0.829,535134261.3333333,False
571,-1.34,0.8287,526467040.0,False
572,-0.4349999999999996,0.8284,383448544.0,False
573,-1.2449999999999999,0.8281000000000001,583945920.0,False
574,-0.845,0.8278,698283530.6666666,False
575,-1.0399999999999998,0.8275,568033984.0,False
576,-0.94,0.8272,550983744.0,False
577,-0.835,0.8269,529119008.0,False
578,-1.13,0.8266,462785280.0,False
579,-1.435,0.8263,993344416.0,False
580,-0.7399999999999999,0.8260000000000001,600074688.0,False
581,-1.7650000000000001,0.8257,1684851824.0,False
582,-1.34,0.8254,1745669888.0,False
583,-0.1349999999999998,0.8251000000000001,1300060160.0,False
584,-0.545,0.8248,1086276096.0,False
585,-1.33,0.8245,1451390336.0,False
586,-1.53,0.8242,1205351872.0,False
587,0.27,0.8239000000000001,551803312.0,False
588,-1.33,0.8236,1146592672.0,False
589,-1.0399999999999998,0.8233,1305831808.0,False
590,-1.145,0.823,860380245.3333334,False
591,-0.14000000000000012,0.8227,1131019008.0,False
592,-2.04,0.8224,1368437888.0,False
593,-0.7299999999999999,0.8221,1982276864.0,False
594,-1.34,0.8218,1679784960.0,False
595,-0.1399999999999999,0.8215,2179442176.0,False
596,-1.34,0.8212,1657431338.6666667,False
597,-0.845,0.8209,1198232480.0,False
598,-1.135,0.8206,776839632.0,False
599,-1.13,0.8203,718187104.0,False
600,-1.145,0.8200000000000001,735355520.0,False
601,-1.235,0.8197,1484997888.0,False
602,-1.335,0.8194,855442208.0,False
603,-0.34499999999999975,0.8191,1215555669.3333333,False
604,-1.5350000000000001,0.8188,2801516032.0,False
605,-1.145,0.8185,3825786752.0,False
606,-0.2300000000000001,0.8182,1902853824.0,False
607,-1.03,0.8179000000000001,1195723392.0,False
608,-1.9449999999999998,0.8176,2084293312.0,False
609,-0.8399999999999999,0.8173,1834738346.6666667,False
610,-0.44000000000000006,0.817,1406747008.0,False
611,-0.835,0.8167,1634165440.0,False
612,-2.33,0.8164,1277009024.0,False
613,-0.12999999999999967,0.8161,1142648064.0,False
614,-1.2449999999999999,0.8158000000000001,1842040618.6666667,False
615,-1.6400000000000001,0.8155,742991360.0,False
616,-1.045,0.8152,2529287850.6666665,False
617,-0.4349999999999996,0.8149,3575848064.0,False
618,-0.44000000000000006,0.8146,1763677056.0,False
619,-1.335,0.8143,2030116864.0,False
620,-2.33,0.8140000000000001,2645490752.0,False
621,-0.03999999999999959,0.8137,3131720704.0,False
622,-1.545,0.8134,2893356928.0,False
623,-0.64,0.8131,2640997845.3333335,False
624,-1.145,0.8128,2979966272.0,False
625,-0.6349999999999999,0.8125,1726404288.0,False
626,-0.935,0.8122,2742915200.0,False
627,-1.645,0.8119000000000001,3596252330.6666665,False
628,-0.2450000000000001,0.8116,2920444544.0,False
629,-1.045,0.8113,3510189397.3333335,False
630,-2.045,0.811,2201439424.0,False
631,-0.7299999999999999,0.8107,3297737984.0,False
632,-0.9349999999999998,0.8104,2406942976.0,False
633,-0.845,0.8101,2095555072.0,False
634,-1.04,0.8098000000000001,2901881002.6666665,False
635,-0.845,0.8095,2952953344.0,False
636,-1.335,0.8092,1663227776.0,False
637,-1.2449999999999999,0.8089,1775451733.3333333,False
638,-1.04,0.8086,4903111936.0,False
639,-0.94,0.8083,6192460288.0,False
640,-1.045,0.808,2516385877.3333335,False
641,-0.9299999999999999,0.8077000000000001,4249750784.0,False
642,-1.2449999999999999,0.8074,2916900010.6666665,False
643,-0.735,0.8071,2743806080.0,False
644,-1.4300000000000002,0.8068,4016963328.0,False
645,-1.03,0.8065,4649138688.0,False
646,-1.63,0.8062,1621399296.0,False
647,-0.6399999999999997,0.8059000000000001,4818581248.0,False
648,-0.23999999999999977,0.8056,2711241984.0,False
649,-1.4300000000000002,0.8053,2142186880.0,False
650,-1.33,0.805,4429601792.0,False
651,-1.0399999999999998,0.8047,6313993472.0,False
652,-0.7449999999999997,0.8044,4673524821.333333,False
653,-0.9299999999999999,0.8041,5668328448.0,False
654,-0.54,0.8038000000000001,3658986496.0,False
655,-0.74,0.8035,3710648576.0,False
656,-1.33,0.8032,3405461888.0,False
657,-1.145,0.8029000000000001,3996474496.0,False
658,-1.835,0.8026,2961888512.0,False
659,0.07000000000000006,0.8023,4009934592.0,False
660,-2.035,0.802,2283595520.0,False
661,0.17499999999999982,0.8017000000000001,3070503936.0,False
662,-0.6349999999999999,0.8014,3627406080.0,False
663,-0.94,0.8011,3217941632.0,False
664,-2.035,0.8008,5608659456.0,False
665,-0.9449999999999998,0.8005,3656430762.6666665,False
666,-0.94,0.8002,4535247360.0,False
667,-1.03,0.7999,3741664000.0,False
668,-0.9449999999999998,0.7996,4758175488.0,False
669,-0.545,0.7993,4277095168.0,False
670,-1.1400000000000001,0.799,4110737024.0,False
671,-0.74,0.7987,5608598528.0,False
672,-1.445,0.7984,2963307946.6666665,False
673,-0.83,0.7981,5012850688.0,False
674,-1.545,0.7978000000000001,5123133781.333333,False
675,-0.8349999999999999,0.7975,3818068224.0,False
676,-0.5399999999999999,0.7972,4631267968.0,False
677,-0.84,0.7969,3441755136.0,False
678,-1.74,0.7966,5557266090.666667,False
679,-1.355,0.7963,4422948608.0,False
680,-1.035,0.796,4824735104.0,False
681,0.06000000000000005,0.7957000000000001,4700057600.0,False
682,-1.1300000000000001,0.7954,6040246784.0,False
683,-2.035,0.7951,6294898944.0,False
684,0.06499999999999995,0.7948,4311021952.0,False
685,-1.455,0.7945,8400646144.0,False
686,-1.8,0.7942,5378720819.2,False
687,-0.8399999999999999,0.7939,10208555520.0,False
688,-0.5799999999999998,0.7936000000000001,6548247552.0,False
689,-2.23,0.7933,5912499200.0,False
690,-1.0799999999999996,0.793,4457883520.0,False
691,-0.22999999999999976,0.7927,4882462208.0,False
692,-0.7999999999999999,0.7924,5713383526.4,False
693,-1.585,0.7921,6804457676.8,False
694,-0.3450000000000001,0.7918000000000001,4392755456.0,False
695,-1.23,0.7915,7286409216.0,False
696,-2.045,0.7912,8354942976.0,False
697,-0.4399999999999997,0.7909,7893497600.0,False
698,-1.135,0.7906,4808211584.0,False
699,-0.975,0.7903,7310673792.0,False
700,-0.74,0.79,7758246144.0,False
701,-0.835,0.7897000000000001,8176763904.0,False
702,-1.845,0.7894,6199400106.666667,False
703,1.0450000000000008,0.7891,5312220842.666667,False
704,-1.935,0.7888000000000001,4580387712.0,False
705,-0.745,0.7885,6432673280.0,False
706,-1.04,0.7882,7769284949.333333,False
707,0.3599999999999999,0.7879,5818252032.0,False
708,-1.5350000000000001,0.7876000000000001,4616082688.0,False
709,-1.7849999999999997,0.7873,4686976614.4,False
710,0.17000000000000015,0.787,4261059584.0,False
711,-1.685,0.7867,8027164876.8,False
712,-1.24,0.7864,9474722816.0,False
713,0.06499999999999995,0.7861,6753359360.0,False
714,-1.335,0.7858,7985832192.0,False
715,-1.1400000000000001,0.7855000000000001,14598010368.0,False
716,-1.24,0.7852,8994162346.666666,False
717,-1.045,0.7849,7951911936.0,False
718,-1.13,0.7846,8124765184.0,False
719,-1.335,0.7843,11198136320.0,False
720,-0.6399999999999997,0.784,7467113472.0,False
721,-1.235,0.7837000000000001,5579692160.0,False
722,-0.74,0.7834,8040009216.0,False
723,-1.235,0.7831,9565977344.0,False
724,-1.455,0.7828,8895763456.0,False
725,-1.145,0.7825,5756211712.0,False
726,-0.8199999999999998,0.7822,7402386602.666667,False
727,-1.235,0.7819,7496243456.0,False
728,-0.5299999999999999,0.7816000000000001,7553940480.0,False
729,-1.44,0.7813,6909671936.0,False
730,-0.7299999999999999,0.781,7010819328.0,False
731,-1.44,0.7807000000000001,6239046400.0,False
732,-0.5399999999999999,0.7804,4862281088.0,False
733,-0.935,0.7801,5109679360.0,False
734,-0.7350000000000002,0.7798,7280680106.666667,False
735,-1.035,0.7795000000000001,6611800064.0,False
736,-0.1399999999999999,0.7792,4615155712.0,False
737,-2.335,0.7789,8773350144.0,False
738,-0.23999999999999977,0.7786,2640683584.0,False
739,-0.73,0.7783,6170676224.0,False
740,-1.545,0.778,5957858944.0,False
741,-0.545,0.7777000000000001,6485190826.666667,False
742,-1.46,0.7774,6609620480.0,False
743,-0.2250000000000002,0.7771,7510019072.0,False
744,-0.9600000000000001,0.7768,6720593066.666667,False
745,-2.3150000000000004,0.7765,4726919296.0,False
746,-0.9600000000000001,0.7762,5935032172.307693,False
747,-1.235,0.7759,5601951488.0,False
748,-1.37,0.7756000000000001,5448608128.0,False
749,-0.4249999999999998,0.7753,5636276053.333333,False
750,-1.3650000000000002,0.775,4220068096.0,False
751,0.52,0.7747,4696617088.0,False
752,-0.8950000000000001,0.7744,7070913536.0,False
753,-1.94,0.7741,3934610261.3333335,False
754,-1.395,0.7738,5180576563.2,False
755,0.04999999999999982,0.7735000000000001,3426663168.0,False
756,-1.565,0.7732,4466047360.0,False
757,-1.645,0.7729,4339429248.0,False
758,0.1349999999999998,0.7726,3689155029.3333335,False
759,-1.315,0.7723,4688250368.0,False
760,-1.01,0.772,5782990848.0,False
761,-1.1600000000000001,0.7717,4632799573.333333,False
762,-1.5300000000000002,0.7714000000000001,4569434953.142858,False
763,-0.6600000000000001,0.7711,3788532480.0,False
764,-1.465,0.7708,4292710400.0,False
765,-1.3350000000000002,0.7705,3855975460.571429,False
766,-0.695,0.7702,4115989299.2,False
767,-1.24,0.7699,3330406144.0,False
768,-0.8350000000000001,0.7696000000000001,3069871286.857143,False
769,-2.3,0.7693,3897852646.4,False
770,-1.135,0.769,4160951113.142857,False
771,-0.8449999999999999,0.7687,4196061696.0,False
772,-0.24999999999999978,0.7684,3775633584.0,False
773,-1.865,0.7681,2738745088.0,False
774,-1.67,0.7678,3943996842.6666665,False
775,-0.5399999999999999,0.7675000000000001,4360189440.0,False
776,0.3599999999999999,0.7672,4184086016.0,False
777,-1.625,0.7669,4031051501.714286,False
778,-0.6899999999999997,0.7666000000000001,3520057728.0,False
779,-0.47499999999999987,0.7663,3185310476.8,False
780,-0.7000000000000001,0.766,3383736844.8,False
781,-1.25,0.7657,4219754496.0,False
782,-0.935,0.7654000000000001,3262801298.285714,False
783,-1.1300000000000001,0.7651,2778835242.6666665,False
784,-0.33999999999999997,0.7648,2628098730.6666665,False
785,-1.8550000000000002,0.7645,2345711402.6666665,False
786,-0.31499999999999995,0.7642,2778064896.0,False
787,-0.91,0.7639,0,False
788,-1.37,0.7636000000000001,2640647936.0,False
789,-1.165,0.7633000000000001,2055879008.0,False
790,-1.1300000000000001,0.763,3071439872.0,False
791,-1.59,0.7627,2121097395.2,False
792,-0.5549999999999997,0.7624,2410031360.0,False
793,-0.71,0.7621,2355874560.0,False
794,-1.4500000000000002,0.7618,1964409002.6666667,False
795,-0.07000000000000006,0.7615000000000001,2594231488.0,False
796,-1.12,0.7612,3305276416.0,False
797,-0.765,0.7609,2833906176.0,False
798,-1.11,0.7606,2219709184.0,False
799,-1.375,0.7603,2007680832.0,False
800,-0.91,0.76,860517696.0,False
801,-0.81,0.7597,2391188650.6666665,False
802,-1.3250000000000002,0.7594000000000001,3223905536.0,False
803,-0.9600000000000001,0.7591,2637931861.3333335,False
804,-0.71,0.7588,2828633856.0,False
805,-1.36,0.7585,3137853610.6666665,False
806,-0.5349999999999999,0.7582,3563187712.0,False
807,-1.7400000000000002,0.7579,2712469248.0,False
808,-1.29,0.7576,1737936896.0,False
809,-0.525,0.7573000000000001,2950464640.0,False
810,-0.71,0.757,2029900800.0,False
811,-1.3850000000000002,0.7567,2109604544.0,False
812,-1.11,0.7564,1115231232.0,False
813,-0.7799999999999999,0.7561,2834576064.0,False
814,-0.9950000000000001,0.7558,1853163622.4,False
815,-1.9849999999999999,0.7555000000000001,1963024409.6,False
816,-0.32499999999999996,0.7552,1781337344.0,False
817,-1.645,0.7549,1789518549.3333333,False
818,-0.515,0.7546,2340787200.0,False
819,-0.885,0.7543,2133289120.0,False
820,-0.91,0.754,1443153664.0,False
821,-1.44,0.7537,1213143712.0,False
822,-0.5700000000000001,0.7534000000000001,2116479680.0,False
823,-1.925,0.7531,1349356672.0,False
824,-1.135,0.7528,1690393728.0,False
825,-1.3,0.7525000000000001,2446476757.3333335,False
826,0.38500000000000023,0.7522,3261049088.0,False
827,-1.1400000000000001,0.7519,2318940224.0,False
828,-1.955,0.7516,2890548650.6666665,False
829,-0.4650000000000001,0.7513000000000001,2830955605.3333335,False
830,-0.9450000000000001,0.751,2817478656.0,False
831,-1.715,0.7507,3545397248.0,False
832,-0.725,0.7504,2641356800.0,False
833,-1.425,0.7501,2163704192.0,False
834,-0.7399999999999999,0.7498,2924874880.0,False
835,-1.74,0.7495,2131922304.0,False
836,-0.30999999999999994,0.7492000000000001,3725353984.0,False
837,-0.94,0.7489,2144068416.0,False
838,-1.355,0.7486,2731656789.3333335,False
839,-0.13,0.7483,2283611392.0,False
840,-1.75,0.748,1627674666.6666667,False
841,-1.01,0.7477,2550030336.0,False
842,-1.02,0.7474000000000001,2876279552.0,False
843,-0.75,0.7471000000000001,3348951210.6666665,False
844,0.385,0.7468,2720071680.0,False
845,-1.3400000000000003,0.7464999999999999,2370752128.0,False
846,-1.32,0.7462,1338706432.0,False
847,-0.8349999999999999,0.7459,2382305280.0,False
848,-1.745,0.7456,1979029418.6666667,False
849,-0.94,0.7453000000000001,1834856832.0,False
850,-1.11,0.745,1901097770.6666667,False
851,-1.245,0.7447,1768021696.0,False
852,-0.25,0.7444,2381884928.0,False
853,-1.06,0.7441,2008514389.3333333,False
854,-0.81,0.7438,1347916352.0,False
855,-2.035,0.7435,2938132224.0,False
856,-0.14,0.7432000000000001,1290807936.0,False
857,-1.96,0.7429,1318988864.0,False
858,-1.255,0.7426,1812664320.0,False
859,-0.43499999999999994,0.7423,2217335680.0,False
860,-1.6400000000000001,0.742,1504081792.0,False
861,-0.24999999999999978,0.7417,1655862400.0,False
862,-0.54,0.7414000000000001,2122229632.0,False
863,-1.12,0.7411000000000001,3110647040.0,False
864,-0.935,0.7408,1902808832.0,False
865,-1.425,0.7405,1716100224.0,False
866,-1.12,0.7402,1245870592.0,False
867,-1.445,0.7399,1409348928.0,False
868,-0.765,0.7396,1566214176.0,False
869,-1.83,0.7393000000000001,1740533888.0,False
870,-0.5099999999999999,0.7390000000000001,0,False
871,-0.4950000000000001,0.7387,1417824588.8,False
872,-0.93,0.7384,1125350080.0,False
873,-1.21,0.7381,1891456384.0,False
874,-1.01,0.7378,1190209536.0,False
875,-1.665,0.7375,1683410090.6666667,False
876,-0.5850000000000001,0.7372000000000001,1918559769.6,False
877,-1.23,0.7369,1229537920.0,False
878,-0.625,0.7366,1726031072.0,False
879,-1.11,0.7363,1894665088.0,False
880,-1.115,0.736,1799163648.0,False
881,-1.33,0.7357,1089794304.0,False
882,-0.825,0.7354,1925077888.0,False
883,-0.5099999999999999,0.7351000000000001,1312678912.0,False
884,-1.315,0.7348,1243972608.0,False
885,-0.8099999999999999,0.7345,0,False
886,-1.445,0.7342,1695592149.3333333,False
887,-0.825,0.7339,1036028480.0,False
888,-0.915,0.7336,1637012224.0,False
889,-1.1300000000000001,0.7333000000000001,1596007104.0,False
890,-1.01,0.7330000000000001,2146683648.0,False
891,-1.32,0.7327,2243879936.0,False
892,-0.815,0.7324,1887814400.0,False
893,-1.6099999999999999,0.7321,1429808128.0,False
894,0.07500000000000018,0.7318,1990522368.0,False
895,-2.0300000000000002,0.7315,1383303872.0,False
896,-0.5099999999999999,0.7312000000000001,1089612032.0,False
897,-1.34,0.7309000000000001,1575684160.0,False
898,-1.04,0.7306,1125254688.0,False
899,-0.71,0.7303,993437312.0,False
900,-0.73,0.73,1484798592.0,False
901,-1.4650000000000003,0.7297,1165537962.6666667,False
902,-1.27,0.7294,1325870656.0,False
903,0.32499999999999973,0.7291000000000001,1180917792.0,False
904,-0.745,0.7288,1599503488.0,False
905,-1.8250000000000002,0.7285,710144832.0,False
906,-1.01,0.7282,1231576576.0,False
907,-1.145,0.7279,1219565397.3333333,False
908,-0.43500000000000005,0.7276,1666298752.0,False
909,-1.11,0.7273000000000001,0,False
910,-2.095,0.7270000000000001,1476382489.6,False
911,0.060000000000000275,0.7267,1966029354.6666667,False
912,-1.335,0.7264,1366317888.0,False
913,-0.84,0.7261,1687975680.0,False
914,-0.81,0.7258,1063466624.0,False
915,-1.115,0.7255,1342877184.0,False
916,-1.32,0.7252000000000001,995678272.0,False
917,-0.61,0.7249000000000001,999100224.0,False
918,-2.065,0.7246,1696676522.6666667,False
919,-0.02499999999999991,0.7242999999999999,924969856.0,False
920,-1.31,0.724,0,False
921,-1.35,0.7237,1100685760.0,False
922,-0.255,0.7234,1324410368.0,False
923,-1.625,0.7231000000000001,1378040768.0,False
924,-0.61,0.7228,0,False
925,-1.4650000000000003,0.7225,1435987264.0,False
926,-1.135,0.7222,1536781248.0,False
927,-0.925,0.7219,1729643520.0,False
928,-0.10999999999999999,0.7216,1477681920.0,False
929,-0.64,0.7213,1187684394.6666667,False
930,-0.61,0.7210000000000001,0,False
931,-2.815,0.7207,1618586405.3333333,False
932,0.19000000000000017,0.7204,873667072.0,False
933,-0.725,0.7201,2501968704.0,False
934,-1.9400000000000002,0.7198,1358037632.0,False
935,-0.755,0.7195,1181702058.6666667,False
936,-0.8999999999999999,0.7192000000000001,1214789580.8,False
937,-0.85,0.7189000000000001,1192897066.6666667,False
938,-1.7349999999999999,0.7186,1614771456.0,False
939,-0.6350000000000001,0.7183,1419862491.4285715,False
940,-1.31,0.718,1734801536.0,False
941,-0.91,0.7177,0,False
942,-1.2600000000000002,0.7174,1618918528.0,False
943,-0.41000000000000003,0.7171000000000001,0,False
944,-0.935,0.7168000000000001,1596283136.0,False
945,-1.5100000000000002,0.7165,1169638528.0,False
946,-0.9500000000000001,0.7162,1583594944.0,False
947,-1.61,0.7159,1398954240.0,False
948,-1.3050000000000002,0.7156,1289957606.4,False
949,-0.5499999999999999,0.7153,1174358421.3333333,False
950,-0.74,0.7150000000000001,1570677152.0,False
951,-0.6,0.7147,1222866611.2,False
952,-1.05,0.7144,1047351338.6666666,False
953,-1.435,0.7141,924565856.0,False
954,-1.32,0.7138,724047616.0,False
955,-0.55,0.7135,1126742698.6666667,False
956,-0.735,0.7132000000000001,823207456.0,False
957,-1.2750000000000004,0.7129000000000001,1216548192.0,False
958,-1.125,0.7126,1409120576.0,False
959,-1.4100000000000001,0.7123,0,False
960,-0.91,0.712,1779000320.0,False
961,-0.44000000000000006,0.7117,643204480.0,False
962,-1.71,0.7114,1098446197.3333333,False
963,-0.915,0.7111000000000001,1274095616.0,False
964,-1.335,0.7108000000000001,887915344.0,False
965,-1.215,0.7105,1275207680.0,False
966,-0.355,0.7101999999999999,1042357760.0,False
967,-0.91,0.7099,1037944576.0,False
968,-1.42,0.7096,1903290880.0,False
969,-0.555,0.7093,1215097642.6666667,False
970,-1.725,0.7090000000000001,804080112.0,False
971,-0.515,0.7087000000000001,1933855360.0,False
972,-1.0150000000000001,0.7084,1743486208.0,False
973,-0.915,0.7081,1242963072.0,False
974,-1.63,0.7078,1185145344.0,False
975,-0.925,0.7075,899875200.0,False
976,-0.75,0.7072,706419392.0,False
977,-1.85,0.7069000000000001,974461504.0,False
978,-0.64,0.7066,1040389288.0,False
979,-0.7599999999999999,0.7063,1333682176.0,False
980,-1.2550000000000001,0.706,981241066.6666666,False
981,-1.7349999999999999,0.7057,964997760.0,False
982,0.06500000000000017,0.7054,1126507136.0,False
983,-1.04,0.7051000000000001,1363467232.0,False
984,-1.935,0.7048000000000001,1528551808.0,False
985,-0.3500000000000001,0.7045,1401781077.3333333,False
986,-2.365,0.7042,941107408.0,False
987,-0.61,0.7039,1014438336.0,False
988,-0.725,0.7036,1040595104.0,False
989,-1.1900000000000002,0.7033,1004491911.1111112,False
990,-0.725,0.7030000000000001,1244972928.0,False
991,-0.9450000000000001,0.7027000000000001,872373792.0,False
992,-1.6050000000000002,0.7024,877799456.0,False
993,0.7349999999999999,0.7021,864539541.3333334,False
994,-1.415,0.7018,926051712.0,False
995,-2.075,0.7015,841545600.0,False
996,0.29000000000000026,0.7012,0,False
997,-0.9100000000000001,0.7009000000000001,929988746.6666666,False
998,-1.745,0.7006,959325120.0,False
999,-0.77,0.7003,714771200.0,False
1000,-1.335,0.7,486078416.0,False
1001,-0.52,0.6997,1141582848.0,False
1002,-0.9400000000000001,0.6994,716707072.0,False
1003,-1.715,0.6991,515167168.0,False
1004,-0.7350000000000001,0.6988000000000001,621798934.8571428,False
1005,-1.2500000000000002,0.6985,735753352.0,False
1006,-0.915,0.6982,476655232.0,False
1007,-0.9950000000000001,0.6979,720568566.4,False
1008,-1.4450000000000003,0.6976,529135936.0,False
1009,-0.42000000000000004,0.6973,1065128832.0,False
1010,-1.625,0.6970000000000001,739710432.0,False
1011,-0.8500000000000001,0.6967000000000001,803808042.6666666,False
1012,-1.475,0.6964,887745576.0,False
1013,-1.4300000000000002,0.6961,1054939136.0,False
1014,-0.4750000000000001,0.6958,949356736.0,False
1015,-1.54,0.6955,857131157.3333334,False
1016,-0.43499999999999994,0.6952,1031355776.0,False
1017,-0.51,0.6949000000000001,0,False
1018,-2.13,0.6946000000000001,841316937.1428572,False
1019,-0.915,0.6943,861859968.0,False
1020,-1.115,0.694,1079912096.0,False
1021,-0.395,0.6937,867285644.8,False
1022,-1.54,0.6934,694012128.0,False
1023,-1.42,0.6931,1008279040.0,False
1024,-0.6549999999999996,0.6928000000000001,794320362.6666666,False
1025,-0.8950000000000001,0.6925,650178425.6,False
1026,-1.9900000000000002,0.6922,902657248.0,False
1027,-0.21999999999999997,0.6919,696283872.0,False
1028,-1.96,0.6916,1064612394.6666666,False
1029,-0.42499999999999993,0.6913,719482240.0,False
1030,-1.345,0.6910000000000001,606461920.0,False
1031,0.27500000000000013,0.6907000000000001,946647168.0,False
1032,-1.9849999999999999,0.6904,921491174.4,False
1033,-0.5100000000000001,0.6901,1020526826.6666666,False
1034,-1.3650000000000002,0.6898,679212074.6666666,False
1035,-0.9400000000000001,0.6895,934837920.0,False
1036,-1.865,0.6892,680567488.0,False
1037,-0.98,0.6889000000000001,868837904.0,False
1038,-1.2550000000000003,0.6886000000000001,933320480.0,False
1039,-0.355,0.6883,863492117.3333334,False
1040,-1.755,0.688,667004394.6666666,False
1041,0.030000000000000027,0.6877,726298864.0,False
1042,-1.82,0.6874,1001832832.0,False
1043,0.014999999999999902,0.6871,1042805324.8,False
1044,-1.4450000000000003,0.6868000000000001,702785312.0,False
1045,-1.1400000000000001,0.6865000000000001,753268960.0,False
1046,-1.315,0.6862,526307072.0,False
1047,-1.54,0.6859,832176936.0,False
1048,-0.5449999999999999,0.6856,423331280.0,False
1049,-0.97,0.6853,793559584.0,False
1050,-1.59,0.685,905432006.4,False
1051,-1.05,0.6847000000000001,738994180.5714285,False
1052,-0.9650000000000001,0.6844,781127008.0,False
1053,-1.59,0.6841,714467033.6,False
1054,-0.5349999999999999,0.6838,595997120.0,False
1055,-0.73,0.6835,1377281792.0,False
1056,-0.86,0.6832,590942984.0,False
1057,-0.4149999999999998,0.6829000000000001,539469738.6666666,False
1058,-2.145,0.6826000000000001,702515040.0,False
1059,0.45999999999999974,0.6823,727075368.0,False
1060,-2.1550000000000002,0.682,722029290.6666666,False
1061,-0.3900000000000001,0.6817,829765640.0,False
1062,-1.9249999999999998,0.6814,607923968.0,False
1063,-0.02499999999999991,0.6811,783413568.0,False
1064,-1.3050000000000002,0.6808000000000001,858861376.0,False
1065,-1.855,0.6805000000000001,578698538.6666666,False
1066,-0.5299999999999999,0.6802,565603968.0,False
1067,-1.33,0.6799,425114880.0,False
1068,-0.6549999999999999,0.6796,528309941.3333333,False
1069,-1.7350000000000003,0.6793,788301800.0,False
1070,-0.8949999999999998,0.679,672109740.8,False
1071,-0.45000000000000007,0.6787000000000001,613274506.6666666,False
1072,-1.63,0.6784,881311872.0,False
1073,-0.4900000000000002,0.6781,636660128.0,False
1074,-0.8400000000000001,0.6778,487362272.0,False
1075,-1.485,0.6775,507901384.0,False
1076,-2.17,0.6772,600918144.0,False
1077,0.3800000000000001,0.6769000000000001,611579712.0,False
1078,-1.48,0.6766000000000001,537764172.8,False
1079,-1.3250000000000002,0.6763,442734848.0,False
1080,-1.085,0.676,783728729.6,False
1081,-0.855,0.6757,749786133.3333334,False
1082,-1.1400000000000001,0.6754,754951136.0,False
1083,-0.825,0.6751,475959200.0,False
1084,-1.78,0.6748000000000001,722938035.2,False
1085,-0.6799999999999997,0.6745000000000001,866648352.0,False
1086,-0.905,0.6742,606086630.4,False
1087,-0.41000000000000003,0.6739,876461248.0,False
1088,-1.96,0.6736,702591445.3333334,False
1089,-0.22499999999999998,0.6733,829532576.0,False
1090,-1.455,0.673,680620224.0,False
1091,-1.9150000000000003,0.6727000000000001,538140352.0,False
1092,-0.21499999999999997,0.6724000000000001,395678752.0,False
1093,-0.84,0.6721,731022400.0,False
1094,-1.09,0.6718,823822489.6,False
1095,-1.415,0.6715,758183477.3333334,False
1096,-1.045,0.6712,600266688.0,False
1097,-1.9700000000000002,0.6709,595238101.3333334,False
1098,0.17500000000000027,0.6706000000000001,295297968.0,False
1099,-1.5300000000000002,0.6703,627525760.0,False
1100,-0.935,0.67,646033074.2857143,False
1101,-1.115,0.6697,401079104.0,False
1102,-1.74,0.6694,604244181.3333334,False
1103,-1.635,0.6691,551598939.4285715,False
1104,-0.2649999999999997,0.6688000000000001,527428384.0,False
1105,0.4299999999999997,0.6685000000000001,605033578.6666666,False
1106,-1.61,0.6682,477555578.6666667,False
1107,-0.715,0.6679,333370048.0,False
1108,-1.745,0.6676,556902048.0,False
1109,-0.925,0.6673,681661328.0,False
1110,-0.45499999999999985,0.667,577620970.6666666,False
1111,-1.355,0.6667000000000001,728093120.0,False
1112,-0.28500000000000014,0.6664000000000001,387555984.0,False
1113,-1.1700000000000004,0.6661,517231377.7777778,False
1114,-0.24499999999999988,0.6658,345619232.0,False
1115,-1.0850000000000002,0.6655,423790128.0,False
1116,-1.7200000000000002,0.6652,629866592.0,False
1117,-1.29,0.6649,417490568.0,False
1118,0.06499999999999995,0.6646000000000001,622433776.0,False
1119,-2.55,0.6643000000000001,643515285.3333334,False
1120,0.28000000000000025,0.664,558308786.2857143,False
1121,-0.94,0.6637,547773440.0,False
1122,-0.42499999999999993,0.6634,1042365952.0,False
1123,-0.4550000000000003,0.6631,440577233.14285713,False
1124,-1.56,0.6628000000000001,469139146.6666667,False
1125,-0.44500000000000006,0.6625000000000001,452690848.0,False
1126,-0.935,0.6622,491956080.0,False
1127,-0.1499999999999999,0.6619,554498122.6666666,False
1128,-1.2000000000000002,0.6616,478409200.0,False
1129,-1.5550000000000002,0.6613,734481109.3333334,False
1130,0.2599999999999998,0.661,665349667.7647059,False
1131,-1.565,0.6607000000000001,441628952.0,False
1132,-0.6749999999999999,0.6604000000000001,431841288.0,False
1133,-0.5350000000000004,0.6601,493847085.71428573,False
1134,-0.625,0.6598,466729504.0,False
1135,-0.795,0.6595,431209420.8,False
1136,-1.445,0.6592,204873696.0,False
1137,-0.9700000000000001,0.6589,398391380.0,False
1138,-1.09,0.6586000000000001,466486538.6666667,False
1139,-1.76,0.6583000000000001,383178032.0,False
1140,-0.42500000000000016,0.658,337070672.0,False
1141,-1.97,0.6577,504156272.0,False
1142,-1.01,0.6574,209609744.0,False
1143,-1.275,0.6571,362388672.0,False
1144,-0.7549999999999999,0.6568,382989621.3333333,False
1145,-0.7399999999999999,0.6565000000000001,239043904.0,False
1146,-1.6600000000000001,0.6562,513880746.6666667,False
1147,-0.33499999999999974,0.6559,304590032.0,False
1148,-0.545,0.6556,384224373.3333333,False
1149,-1.65,0.6553,684178560.0,False
1150,-1.35,0.655,299328480.0,False
1151,-0.355,0.6547000000000001,395767104.0,False
1152,-1.635,0.6544000000000001,595798480.0,False
1153,-0.08000000000000007,0.6541,485085184.0,False
1154,-2.7199999999999998,0.6538,400067926.85714287,False
1155,0.11500000000000021,0.6535,381838784.0,False
1156,-0.76,0.6532,581180010.6666666,False
1157,-0.9650000000000001,0.6529,328000780.0,False
1158,-1.755,0.6526000000000001,335282709.3333333,False
1159,-0.7499999999999999,0.6523000000000001,372864757.3333333,False
1160,-0.265,0.652,386913184.0,False
1161,-0.895,0.6517000000000001,371187993.6,False
1162,-0.46499999999999986,0.6514,399207000.0,False
1163,-1.56,0.6511,419801472.0,False
1164,-1.46,0.6508,387541120.0,False
1165,-0.6399999999999997,0.6505000000000001,414889206.85714287,False
1166,-0.33999999999999986,0.6502000000000001,371312208.0,False
1167,-1.9000000000000001,0.6499,372964051.2,False
1168,0.004999999999999893,0.6496,409582267.2,False
1169,-1.3250000000000002,0.6493,498991460.5714286,False
1170,-1.9250000000000003,0.649,471819982.54545456,False
1171,-0.43499999999999983,0.6487,280947328.0,False
1172,-1.8900000000000001,0.6484000000000001,330458592.0,False
1173,-0.28,0.6481,347454292.0,False
1174,-1.4650000000000003,0.6478,311480076.4444444,False
1175,-1.685,0.6475,380267720.0,False
1176,-0.7749999999999997,0.6472,279387416.0,False
1177,-0.44000000000000006,0.6469,367844634.6666667,False
1178,-1.04,0.6466000000000001,438823520.0,False
1179,-1.755,0.6463000000000001,360189258.6666667,False
1180,0.14000000000000012,0.646,383534992.0,False
1181,-1.42,0.6457,397947725.71428573,False
1182,-1.11,0.6454,333029984.0,False
1183,-0.45500000000000007,0.6451,355920085.3333333,False
1184,-1.75,0.6448,197205232.0,False
1185,-0.1349999999999998,0.6445000000000001,382992960.0,False
1186,-0.915,0.6442000000000001,376165786.6666667,False
1187,-1.485,0.6439,330532384.0,False
1188,0.20499999999999985,0.6436,306797385.6,False
1189,-0.9600000000000002,0.6433,292972064.0,False
1190,-1.975,0.643,315394128.0,False
1191,-0.9800000000000001,0.6427,275798673.7777778,False
1192,-1.7349999999999999,0.6424000000000001,266693392.0,False
1193,0.2549999999999999,0.6421,241297077.33333334,False
1194,-1.94,0.6418,235795316.0,False
1195,-1.14,0.6415,341521648.0,False
1196,-0.45499999999999996,0.6412,189218053.33333334,False
1197,-1.6400000000000001,0.6409,343744757.3333333,False
1198,-1.0599999999999996,0.6406000000000001,429905461.3333333,False
1199,-1.2750000000000001,0.6403000000000001,333520968.0,False
1200,0.15999999999999992,0.64,410048968.0,False
1201,-1.55,0.6397,283199566.6666667,False
1202,-0.535,0.6394,495965760.0,False
1203,-2.1399999999999997,0.6391,396453600.0,False
1204,-1.0,0.6388,403468294.4,False
1205,-0.755,0.6385000000000001,307966058.6666667,False
1206,-1.6800000000000002,0.6382000000000001,310545252.8,False
1207,-1.255,0.6379,277583624.0,False
1208,-0.6449999999999996,0.6376000000000001,307978272.0,False
1209,-1.75,0.6373,254804114.66666666,False
1210,-0.5399999999999999,0.637,323277456.0,False
1211,-0.3300000000000002,0.6367,311741149.71428573,False
1212,-2.135,0.6364000000000001,291416096.0,False
1213,-0.32999999999999985,0.6361000000000001,362461773.71428573,False
1214,-0.8050000000000002,0.6358,267580982.4,False
1215,-2.23,0.6355,292872518.85714287,False
1216,-0.45499999999999985,0.6352,251110012.0,False
1217,-0.8299999999999998,0.6349,127800864.0,False
1218,-1.5250000000000001,0.6346,365829829.3333333,False
1219,-1.2449999999999999,0.6343000000000001,347061440.0,False
1220,-1.0699999999999998,0.634,386077216.0,False
1221,-0.3800000000000001,0.6337,249468499.2,False
1222,-0.875,0.6334,355237680.0,False
1223,-1.34,0.6331,278793408.0,False
1224,-1.915,0.6328,287837642.6666667,False
1225,-0.5699999999999996,0.6325000000000001,281232496.0,False
1226,0.16999999999999993,0.6322000000000001,266193808.0,False
1227,-1.395,0.6319,324176537.6,False
1228,-1.145,0.6316,261463968.0,False
1229,-0.65,0.6313,277036842.6666667,False
1230,-0.5800000000000001,0.631,333816840.0,False
1231,-2.12,0.6307,361780010.6666667,False
1232,-0.22999999999999998,0.6304000000000001,184582144.0,False
1233,-1.8399999999999999,0.6301000000000001,242049856.0,False
1234,-1.24,0.6298,278831232.0,False
1235,-0.8099999999999998,0.6295000000000001,288907012.8,False
1236,0.04499999999999993,0.6292,255249356.0,False
1237,-1.3499999999999999,0.6289,366923808.0,False
1238,-0.565,0.6286,266562640.0,False
1239,-1.395,0.6283000000000001,277233254.4,False
1240,-0.22499999999999998,0.6280000000000001,566704384.0,False
1241,-1.9600000000000002,0.6277,291266560.0,False
1242,-1.2449999999999999,0.6274,230175872.0,False
1243,-0.29500000000000015,0.6271,456362432.0,False
1244,-2.0300000000000002,0.6268,399377856.0,False
1245,-1.15,0.6265000000000001,207057311.0,False
1246,0.050000000000000044,0.6262000000000001,304429696.0,False
1247,-1.125,0.6259,261000560.0,False
1248,-1.9449999999999998,0.6256,263697392.0,False
1249,-0.8399999999999999,0.6253,367397717.3333333,False
1250,-1.69,0.625,230408416.0,False
1251,0.15500000000000003,0.6247,203246458.66666666,False
1252,-2.255,0.6244000000000001,350438421.3333333,False
1253,-0.6349999999999999,0.6241000000000001,307272544.0,False
1254,-0.9900000000000001,0.6238,285545963.2,False
1255,0.13500000000000023,0.6235,215598368.0,False
1256,-1.2799999999999998,0.6232,233128438.4,False
1257,-1.025,0.6229,316196704.0,False
1258,-1.055,0.6226,333693493.3333333,False
1259,-0.51,0.6223000000000001,247126882.66666666,False
1260,-1.63,0.6220000000000001,181986016.0,False
1261,-0.8449999999999999,0.6217,251205456.0,False
1262,-0.8299999999999998,0.6214,321548512.0,False
1263,-0.555,0.6211,179147888.0,False
1264,-1.24,0.6208,263683056.0,False
1265,-1.8599999999999999,0.6205,249773328.0,False
1266,-0.6449999999999996,0.6202000000000001,260299898.66666666,False
1267,-1.4300000000000002,0.6199,332214392.0,False
1268,-1.34,0.6196,361011088.0,False
1269,0.17000000000000015,0.6193,369593232.0,False
1270,-1.5750000000000002,0.619,294292128.0,False
1271,-0.735,0.6187,163887432.0,False
1272,-1.885,0.6184000000000001,234543592.0,False
1273,-1.0399999999999998,0.6181000000000001,191136592.0,False
1274,-0.5399999999999999,0.6178,299564944.0,False
1275,-2.145,0.6175,197998440.0,False
1276,-0.2649999999999999,0.6172,202884538.0,False
1277,-0.9900000000000001,0.6169,188610756.44444445,False
1278,-1.745,0.6166,212444064.0,False
1279,0.3650000000000002,0.6163000000000001,195329736.0,False
1280,-1.335,0.6160000000000001,273120912.0,False
1281,-1.0550000000000002,0.6157,308132533.3333333,False
1282,-1.695,0.6154000000000001,300450806.4,False
1283,-0.8299999999999998,0.6151,238125936.0,False
1284,-1.2600000000000002,0.6148,284442762.6666667,False
1285,-0.94,0.6145,323055808.0,False
1286,-1.67,0.6142000000000001,190691268.0,False
1287,-0.1349999999999998,0.6139000000000001,211974048.0,False
1288,-2.145,0.6136,260426784.0,False
1289,-1.0049999999999997,0.6133,213978690.66666666,False
1290,0.1050000000000002,0.613,154953011.2,False
1291,-1.2300000000000002,0.6127,232446724.57142857,False
1292,-1.695,0.6124,181731440.0,False
1293,-0.5299999999999999,0.6121000000000001,307512320.0,False
1294,-1.2400000000000002,0.6118,275125478.0,False
1295,0.2400000000000002,0.6115,249711850.66666666,False
1296,-1.245,0.6112,213002000.0,False
1297,-1.5550000000000002,0.6109,231845573.33333334,False
1298,-0.48,0.6106,276588364.0,False
1299,-0.83,0.6103000000000001,258824600.0,False
1300,-1.665,0.6100000000000001,185665157.33333334,False
1301,-1.4300000000000002,0.6097,215337760.0,False
1302,-0.03500000000000003,0.6094,186351160.0,False
1303,-1.935,0.6091,173225448.0,False
1304,-0.7599999999999996,0.6088,141859413.33333334,False
1305,-1.24,0.6085,242593800.0,False
1306,-0.23499999999999988,0.6082000000000001,240282152.0,False
1307,-1.8399999999999999,0.6079000000000001,188015488.0,False
1308,-1.76,0.6076,196871762.66666666,False
1309,-0.23999999999999977,0.6073000000000001,310255824.0,False
1310,-0.24499999999999988,0.607,224882701.33333334,False
1311,-1.73,0.6067,159665536.0,False
1312,-0.05500000000000016,0.6064,302405104.0,False
1313,-2.135,0.6061000000000001,208581088.0,False
1314,-1.0450000000000002,0.6058000000000001,210201883.07692307,False
1315,-1.2449999999999999,0.6055,287340736.0,False
1316,-0.2400000000000001,0.6052,293062986.6666667,False
1317,-2.39,0.6049,165735492.0,False
1318,-0.5399999999999996,0.6046,169246768.0,False
1319,0.27000000000000024,0.6043000000000001,226873760.0,False
1320,-1.44,0.6040000000000001,107674516.0,False
1321,-1.345,0.6037,178554664.0,False
1322,-0.5299999999999999,0.6034,272500856.0,False
1323,-1.035,0.6031,270611232.0,False
1324,0.6999999999999995,0.6028,217905175.27272728,False
1325,-2.035,0.6025,249916504.0,False
1326,-0.3250000000000002,0.6022000000000001,221164074.66666666,False
1327,-1.3650000000000002,0.6019000000000001,163539804.0,False
1328,-0.9550000000000001,0.6016,309583136.0,False
1329,-1.33,0.6013000000000001,174132368.0,False
1330,-1.095,0.601,243721779.2,False
1331,-0.83,0.6007,194730112.0,False
1332,-1.54,0.6004,241348704.0,False
1333,-1.4500000000000002,0.6001000000000001,200822565.33333334,False
1334,-0.5699999999999998,0.5998000000000001,205906384.0,False
1335,-1.045,0.5995,187080520.0,False
1336,0.3500000000000001,0.5992,190396213.33333334,False
1337,-1.385,0.5989,159887387.2,False
1338,-0.9550000000000003,0.5986,201711470.76923078,False
1339,-0.8400000000000002,0.5983,250221456.0,False
1340,-1.2799999999999998,0.5980000000000001,148650596.8,False
1341,-0.2599999999999998,0.5977,221817509.33333334,False
1342,-1.455,0.5974,203516394.66666666,False
1343,-0.6299999999999999,0.5971,298229240.0,False
1344,-1.7349999999999999,0.5968,248360264.0,False
1345,0.16500000000000004,0.5965,188249652.0,False
1346,-1.215,0.5962000000000001,220554985.33333334,False
1347,-1.44,0.5959000000000001,234900936.0,False
1348,-1.365,0.5956,212354122.66666666,False
1349,-1.655,0.5953,114080640.0,False
1350,1.0500000000000003,0.595,169455349.33333334,False
1351,-2.86,0.5947,262281872.0,False
1352,0.25500000000000034,0.5944,186378500.0,False
1353,0.06499999999999995,0.5941000000000001,153877824.0,False
1354,-2.0949999999999998,0.5938000000000001,193591443.2,False
1355,0.25500000000000034,0.5935,191728016.0,False
1356,-0.9550000000000001,0.5932000000000001,142049317.33333334,False
1357,-1.4300000000000002,0.5929,245625520.0,False
1358,-1.2650000000000001,0.5926,218706032.0,False
1359,-0.45499999999999985,0.5923,179983384.0,False
1360,-2.175,0.5920000000000001,109032420.0,False
1361,-0.8699999999999999,0.5917000000000001,190575729.7777778,False
1362,-0.7699999999999999,0.5914,158625428.0,False
1363,-1.05,0.5911,142337208.0,False
1364,-0.535,0.5908,182042536.0,False
1365,-1.4649999999999999,0.5905,156791856.0,False
1366,-1.2449999999999999,0.5902000000000001,116970612.0,False
1367,-0.2400000000000001,0.5899000000000001,183907493.33333334,False
1368,-1.25,0.5896,159239632.0,False
1369,-1.97,0.5893,130069860.0,False
1370,-0.34499999999999975,0.589,194687021.33333334,False
1371,-0.78,0.5887,200200644.0,False
1372,-1.93,0.5884,102512088.0,False
1373,-0.33499999999999996,0.5881000000000001,141478288.0,False
1374,-1.74,0.5878000000000001,133922920.0,False
1375,0.1499999999999999,0.5875,182235616.0,False
1376,-2.045,0.5872,110701752.0,False
1377,-0.3450000000000001,0.5869,200174037.33333334,False
1378,-0.8250000000000002,0.5866,198672781.33333334,False
1379,-2.33,0.5863,147112566.2857143,False
1380,-0.35499999999999976,0.5860000000000001,200326768.0,False
1381,-0.745,0.5857000000000001,209932180.0,False
1382,-1.23,0.5854,213778696.0,False
1383,-1.5350000000000001,0.5851,148528456.0,False
1384,-1.3599999999999999,0.5848,157764613.33333334,False
1385,-0.27,0.5845,120300861.0,False
1386,-1.54,0.5842,165856376.0,False
1387,-0.8749999999999999,0.5839000000000001,137409174.0,False
1388,-1.8599999999999999,0.5836000000000001,153780668.0,False
1389,0.5700000000000001,0.5833,229001344.0,False
1390,-1.6400000000000001,0.583,142852797.33333334,False
1391,-1.44,0.5827,74622508.0,False
1392,-0.9299999999999999,0.5824,141087220.0,False
1393,-0.64,0.5821000000000001,161711728.0,False
1394,-1.545,0.5818000000000001,202767912.0,False
1395,-0.7349999999999999,0.5815,163261696.0,False
1396,-0.66,0.5812,149327648.0,False
1397,-1.34,0.5809,205603808.0,False
1398,-1.835,0.5806,129636908.0,False
1399,-0.9449999999999998,0.5803,114814776.0,False
1400,-1.1649999999999996,0.5800000000000001,176622286.0,False
1401,-1.455,0.5797000000000001,136440938.66666666,False
1402,-0.3299999999999996,0.5794,195805512.0,False
1403,-0.65,0.5791000000000001,163176776.0,False
1404,-1.13,0.5788,136422136.0,False
1405,-0.64,0.5785,180959552.0,False
1406,-1.775,0.5782,188583832.0,False
1407,-0.13,0.5779000000000001,154463576.0,False
1408,-1.73,0.5776000000000001,155929120.0,False
1409,-0.29500000000000015,0.5773,163809408.0,False
1410,-1.63,0.577,159547168.0,False
1411,-0.8700000000000001,0.5767,147928285.33333334,False
1412,-0.635,0.5764,137995680.0,False
1413,-1.4300000000000002,0.5761000000000001,112943100.0,False
1414,-2.04,0.5758000000000001,141773840.0,False
1415,0.26000000000000023,0.5755,183208349.33333334,False
1416,-1.845,0.5752,85933976.0,False
1417,-1.33,0.5749,157934768.0,False
1418,-0.9449999999999998,0.5746,184811008.0,False
1419,-0.4,0.5743,145062909.33333334,False
1420,-1.935,0.5740000000000001,167640840.0,False
1421,-0.6599999999999999,0.5737000000000001,141077117.33333334,False
1422,-0.7849999999999997,0.5734,183147272.0,False
1423,-1.645,0.5731,120687640.0,False
1424,0.15999999999999992,0.5728,153705056.0,False
1425,-1.53,0.5725,158345960.0,False
1426,-1.23,0.5722,239667048.0,False
1427,-1.4649999999999999,0.5719000000000001,97993717.33333333,False
1428,-1.2149999999999999,0.5716000000000001,125621757.33333333,False
1429,-0.7699999999999996,0.5713,133906714.0,False
1430,-0.97,0.5710000000000001,231651668.0,False
1431,-1.3599999999999999,0.5707,142299626.66666666,False
1432,-0.3999999999999999,0.5704,129521216.0,False
1433,-0.9900000000000001,0.5701,75876529.6,False
1434,-1.95,0.5698000000000001,160646816.0,False
1435,-0.7399999999999999,0.5695000000000001,187533112.0,False
1436,-1.335,0.5692,166251604.0,False
1437,-0.14500000000000013,0.5689,155404846.0,False
1438,-1.93,0.5686,136902136.0,False
1439,-1.44,0.5683,67886012.0,False
1440,-0.5349999999999997,0.5680000000000001,177617464.0,False
1441,-0.7649999999999999,0.5677000000000001,116590562.0,False
1442,-0.22999999999999998,0.5674,156632472.0,False
1443,-0.42500000000000004,0.5671,137890128.0,False
1444,-1.045,0.5668,135969688.0,False
1445,-1.145,0.5665,174574480.0,False
1446,-0.935,0.5662,111283542.0,False
1447,-1.6400000000000001,0.5659000000000001,119248722.66666667,False
1448,-0.2400000000000001,0.5656000000000001,110386308.0,False
1449,-1.9449999999999998,0.5653,210647248.0,False
1450,-0.7299999999999999,0.5650000000000001,127460632.0,False
1451,-1.13,0.5647,171042304.0,False
1452,-0.9349999999999998,0.5644,142544960.0,False
1453,-1.27,0.5641,165249753.0,False
1454,-0.745,0.5638000000000001,114252036.0,False
1455,-1.0399999999999998,0.5635000000000001,36911072.0,False
1456,-1.245,0.5632,138242442.66666666,False
1457,-0.33999999999999986,0.5629,216753776.0,False
1458,-2.665,0.5626,186135848.0,False
1459,0.07000000000000028,0.5623,138522192.0,False
1460,-0.84,0.562,99292416.0,False
1461,-1.65,0.5617000000000001,201026352.0,False
1462,-0.6549999999999999,0.5614000000000001,159914578.66666666,False
1463,-1.09,0.5611,177264707.2,False
1464,-1.245,0.5608,80192042.66666667,False
1465,-0.8299999999999998,0.5605,165199840.0,False
1466,-1.235,0.5602,135189788.0,False
1467,-1.235,0.5599000000000001,135679504.0,False
1468,0.16500000000000004,0.5596000000000001,179454020.0,False
1469,-2.73,0.5593,83208592.0,False
1470,-0.265,0.559,90534556.25,False
1471,-1.44,0.5587,124014542.0,False
1472,0.5700000000000003,0.5584,193724776.0,False
1473,-0.845,0.5581,131350932.0,False
1474,-1.03,0.5578000000000001,191915728.0,False
1475,-1.235,0.5575000000000001,96759676.0,False
1476,-0.63,0.5572,175859576.0,False
1477,-1.9449999999999998,0.5569000000000001,166852528.0,False
1478,-0.12999999999999967,0.5566,127822548.0,False
1479,-1.135,0.5563,72824188.0,False
1480,-1.1350000000000002,0.556,206888984.0,False
1481,-0.94,0.5557000000000001,166446444.0,False
1482,-1.63,0.5554000000000001,157641088.0,False
1483,-0.2350000000000001,0.5551,135790704.0,False
1484,-0.575,0.5548,137231224.0,False
1485,-0.535,0.5545,120416056.0,False
1486,-2.065,0.5542,154083749.0,False
1487,-0.9049999999999998,0.5539000000000001,117949061.6,False
1488,-0.5599999999999999,0.5536000000000001,104522635.0,False
1489,-0.64,0.5533,120078200.0,False
1490,-2.24,0.553,132335520.0,False
1491,-1.975,0.5527,118279082.0,False
1492,0.96,0.5524,48087076.0,False
1493,-0.54,0.5521,129282770.66666667,False
1494,-1.575,0.5518000000000001,155717576.0,False
1495,-1.345,0.5515000000000001,93101452.0,False
1496,-0.0349999999999997,0.5512,228223656.0,False
1497,-1.2300000000000002,0.5509000000000001,156189121.14285713,False
1498,-0.9299999999999999,0.5506,198628704.0,False
1499,-1.63,0.5503,212532672.0,False
1500,-0.54,0.55,134342948.0,False
1501,-1.54,0.5497000000000001,186337896.0,False
1502,-0.55,0.5494000000000001,152475616.0,False
1503,-1.13,0.5491,155953480.0,False
1504,-0.4650000000000001,0.5488000000000001,149247936.0,False
1505,-1.935,0.5485,154085016.0,False
1506,-0.63,0.5482,105453660.0,False
1507,-1.73,0.5479,118613612.0,False
1508,-0.2400000000000001,0.5476000000000001,163098920.0,False
1509,-1.635,0.5473000000000001,206828112.0,False
1510,-1.235,0.547,157664776.0,False
1511,0.16999999999999993,0.5467,113729544.0,False
1512,-1.3150000000000004,0.5464,107835399.33333333,False
1513,-1.63,0.5461,55254012.0,False
1514,-0.8349999999999999,0.5458000000000001,103126688.0,False
1515,-0.66,0.5455000000000001,101632233.0,False
1516,-1.745,0.5452,114622936.0,False
1517,-0.9450000000000001,0.5449,120329664.0,False
1518,-1.23,0.5446,271333536.0,False
1519,-0.1499999999999999,0.5443,175038178.66666666,False
1520,-2.245,0.544,141800386.66666666,False
1521,-0.3299999999999996,0.5437000000000001,60785716.0,False
1522,-0.535,0.5434000000000001,107030472.0,False
1523,-0.13,0.5431,122581892.0,False
1524,-1.53,0.5428000000000001,150676136.0,False
1525,-0.55,0.5425,121859474.66666667,False
1526,-1.13,0.5422,156469356.0,False
1527,-0.7250000000000002,0.5419,104476544.0,False
1528,-1.135,0.5416000000000001,137084360.0,False
1529,-0.4299999999999997,0.5413000000000001,122518376.0,False
1530,-1.0450000000000002,0.541,149193808.0,False
1531,-0.1299999999999999,0.5407,191735072.0,False
1532,-0.745,0.5404,102893708.0,False
1533,-2.335,0.5401,139310996.0,False
1534,-0.33499999999999974,0.5398000000000001,103673408.0,False
1535,-0.8349999999999999,0.5395000000000001,176350296.0,False
1536,-0.3450000000000001,0.5392,109573813.33333333,False
1537,-2.355,0.5389,110157941.33333333,False
1538,-0.9299999999999999,0.5386,185806512.0,False
1539,-1.05,0.5383,149246106.66666666,False
1540,-0.7399999999999999,0.538,167595752.0,False
1541,-0.44499999999999995,0.5377000000000001,166737618.66666666,False
1542,-1.845,0.5374000000000001,80959948.0,False
1543,-1.145,0.5371,105453034.66666667,False
1544,-0.44500000000000006,0.5368,103677854.0,False
1545,-1.53,0.5365,77771012.0,False
1546,-1.045,0.5362,121681141.33333333,False
1547,-0.8349999999999999,0.5359,138354376.0,False
1548,-1.355,0.5356000000000001,81536784.0,False
1549,-0.039999999999999813,0.5353000000000001,87741168.0,False
1550,-1.645,0.535,168870228.0,False
1551,-1.335,0.5347000000000001,45310924.0,False
1552,-0.7399999999999999,0.5344,86260545.33333333,False
1553,-1.445,0.5341,106206120.0,False
1554,0.06499999999999995,0.5338,117384144.0,False
1555,-1.94,0.5335000000000001,85195540.0,False
1556,-0.63,0.5332000000000001,71420810.0,False
1557,-0.745,0.5329,69458394.66666667,False
1558,-0.7300000000000001,0.5326,135592376.0,False
1559,-0.5399999999999998,0.5323,190301088.0,False
1560,-0.935,0.532,142127728.0,False
1561,-1.73,0.5317000000000001,101708440.0,False
1562,-0.6649999999999998,0.5314000000000001,156648338.66666666,False
1563,-0.9349999999999998,0.5311,154742368.0,False
1564,-0.2350000000000001,0.5308,107477432.0,False
1565,-2.145,0.5305,150389522.66666666,False
1566,-1.0399999999999998,0.5302,157122216.0,False
1567,-1.44,0.5299,83982772.0,False
1568,-0.6299999999999999,0.5296000000000001,139059872.0,False
1569,-1.545,0.5293000000000001,98556012.0,False
1570,-0.22999999999999976,0.529,107054384.0,False
1571,-0.935,0.5287000000000001,128839972.0,False
1572,-1.33,0.5284,197171808.0,False
1573,-1.0599999999999998,0.5281,131732517.33333333,False
1574,-1.435,0.5278,101379552.0,False
1575,-0.1449999999999998,0.5275000000000001,108797869.33333333,False
1576,-1.645,0.5272000000000001,95162718.0,False
1577,0.4650000000000003,0.5269,136346400.0,False
1578,-0.63,0.5266000000000001,119395316.0,False
1579,-2.4299999999999997,0.5263,94333104.0,False
1580,-0.04000000000000015,0.526,84456184.0,False
1581,-0.64,0.5257000000000001,131483968.0,False
1582,-2.035,0.5254000000000001,115786640.0,False
1583,-1.03,0.5251000000000001,141043592.0,False
1584,-0.030000000000000027,0.5248,151456392.0,False
1585,-1.83,0.5245,101348212.0,False
1586,-1.33,0.5242,103923840.0,False
1587,-1.165,0.5239,151288496.0,False
1588,-1.23,0.5236000000000001,141413336.0,False
1589,-1.145,0.5233000000000001,86871086.0,False
1590,-0.5349999999999997,0.523,155776596.0,False
1591,-0.135,0.5227,163314332.0,False
1592,-2.18,0.5224,95926081.0,False
1593,-1.665,0.5221,140656156.0,False
1594,0.3600000000000003,0.5218,92040458.0,False
1595,-1.54,0.5215000000000001,142737324.0,False
1596,-0.040000000000000036,0.5212000000000001,109892994.66666667,False
1597,-2.3499999999999996,0.5209,110445552.0,False
1598,-0.13500000000000012,0.5206000000000001,145475312.0,False
1599,-2.1399999999999997,0.5203,118121901.33333333,False
1600,-0.23999999999999977,0.52,78748708.0,False
1601,-0.54,0.5197,77300294.0,False
1602,-1.73,0.5194000000000001,92717992.0,False
1603,-1.56,0.5191000000000001,108707613.33333333,False
1604,-1.235,0.5188,69097650.0,False
1605,-0.5649999999999997,0.5185,107892644.0,False
1606,-0.47,0.5182,78718285.33333333,False
1607,-1.035,0.5179,138928268.0,False
1608,-1.9449999999999998,0.5176000000000001,113309829.33333333,False
1609,0.26,0.5173000000000001,113021856.0,False
1610,-2.135,0.517,72200340.0,False
1611,-1.03,0.5167,106277968.0,False
1612,-0.6399999999999999,0.5164,160304824.0,False
1613,-1.13,0.5161,125257652.0,False
1614,-0.2400000000000001,0.5158,82671276.0,False
1615,-2.5599999999999996,0.5155000000000001,105631184.0,False
1616,-0.4399999999999997,0.5152000000000001,93374496.0,False
1617,0.040000000000000036,0.5149,130262208.0,False
1618,-0.8499999999999999,0.5146000000000001,63127272.0,False
1619,-1.13,0.5143,77252616.0,False
1620,-1.0399999999999998,0.514,77294028.0,False
1621,-1.7349999999999999,0.5137,88879368.0,False
1622,-0.4399999999999997,0.5134000000000001,38639052.0,False
1623,-0.94,0.5131000000000001,90725866.0,False
1624,-0.6349999999999999,0.5128,58401892.0,False
1625,-1.53,0.5125000000000001,114210236.0,False
1626,-0.13000000000000012,0.5122,79629890.0,False
1627,-1.245,0.5119,96825757.33333333,False
1628,-1.045,0.5116,97412028.0,False
1629,-0.7449999999999997,0.5113000000000001,117796218.66666667,False
1630,-1.4300000000000002,0.5110000000000001,73163608.0,False
1631,-0.43499999999999983,0.5107,107275684.0,False
1632,-0.935,0.5104,150021376.0,False
1633,-1.44,0.5101,71933929.33333333,False
1634,-0.5599999999999999,0.5098,107569157.33333333,False
1635,-0.54,0.5095000000000001,127765092.0,False
1636,-1.0450000000000002,0.5092000000000001,95557232.0,False
1637,-1.93,0.5089,115488896.0,False
1638,-0.3400000000000001,0.5086,139273957.33333334,False
1639,-1.93,0.5083,76967680.0,False
1640,-0.57,0.508,93499872.0,False
1641,-1.445,0.5077,106322678.66666667,False
1642,-1.15,0.5074000000000001,114043420.0,False
1643,-1.445,0.5071000000000001,131237205.33333333,False
1644,-0.5249999999999999,0.5068,141572256.0,False
1645,-0.83,0.5065000000000001,99525508.0,False
1646,-1.13,0.5062,123520788.0,False
1647,-1.3599999999999999,0.5059,92355209.33333333,False
1648,-0.635,0.5056,83155652.0,False
1649,-0.53,0.5053000000000001,99517784.0,False
1650,-2.34,0.5050000000000001,116628904.0,False
1651,-0.6449999999999996,0.5047,99435976.0,False
1652,-1.33,0.5044000000000001,110512976.0,False
1653,-0.44499999999999995,0.5041,125682178.66666667,False
1654,-0.5399999999999999,0.5038,121306880.0,False
1655,-0.745,0.5035000000000001,145859877.33333334,False
1656,-1.8399999999999999,0.5032000000000001,120019584.0,False
1657,-0.33499999999999996,0.5029000000000001,100328144.0,False
1658,-1.94,0.5026,112897888.0,False
1659,-1.0399999999999998,0.5023,145163768.0,False
1660,-0.3350000000000001,0.502,95826432.0,False
1661,-0.545,0.5017,127492312.0,False
1662,-1.9449999999999998,0.5014000000000001,71850666.0,False
1663,-0.84,0.5011000000000001,122664640.0,False
1664,-1.54,0.5008,117098988.0,False
1665,0.05499999999999994,0.5005000000000001,88836776.0,False
1666,-1.53,0.5002,99654028.0,False
1667,-0.74,0.4999,57120328.0,False
1668,-1.755,0.49960000000000004,110632453.33333333,False
1669,-1.23,0.4993000000000001,89806680.0,False
1670,-1.4300000000000002,0.499,123676224.0,False
1671,-0.1349999999999998,0.49870000000000003,104879196.0,False
1672,-1.55,0.49840000000000007,144691416.0,False
1673,-1.145,0.4981000000000001,72745536.0,False
1674,-1.4300000000000002,0.4978,133172632.0,False
1675,0.2550000000000001,0.49750000000000005,129340048.0,False
1676,-1.4300000000000002,0.4972000000000001,110248488.0,False
1677,-1.5750000000000002,0.4969,119227232.0,False
1678,-0.6399999999999997,0.49660000000000004,126154964.0,False
1679,-1.135,0.4963000000000001,81057402.0,False
1680,-1.5350000000000001,0.496,112172004.0,False
1681,-0.9349999999999998,0.49570000000000003,112114928.0,False
1682,-0.14500000000000002,0.49540000000000006,110041477.33333333,False
1683,-0.14000000000000012,0.4951000000000001,102555312.0,False
1684,-0.3450000000000001,0.4948,92940741.33333333,False
1685,-1.76,0.49450000000000005,93610136.0,False
1686,0.8000000000000016,0.4942000000000001,95761513.33333333,False
1687,0.16999999999999993,0.4939,68329296.0,False
1688,-0.645,0.49360000000000004,140148948.0,False
1689,-2.365,0.49330000000000007,125186104.0,False
1690,-0.3299999999999996,0.493,105125308.0,False
1691,-0.545,0.4927,60110852.0,False
1692,-2.44,0.49240000000000006,144935080.0,False
1693,-0.33999999999999986,0.4921000000000001,81517518.66666667,False
1694,-1.44,0.4918,82690592.0,False
1695,-0.6049999999999998,0.49150000000000005,137874596.8,False
1696,-1.145,0.4912000000000001,89503080.0,False
1697,-0.5349999999999999,0.4909,61276248.0,False
1698,-1.03,0.49060000000000004,128108252.0,False
1699,-1.63,0.49030000000000007,67083464.0,False
1700,-1.03,0.49,110474760.0,False
1701,-1.33,0.4897,112301736.0,False
1702,-0.94,0.48940000000000006,151005056.0,False
1703,-1.24,0.4891000000000001,63935184.0,False
1704,-0.1399999999999999,0.4888,85925194.66666667,False
1705,-1.24,0.48850000000000005,68311252.0,False
1706,-0.935,0.4882000000000001,123086128.0,False
1707,-1.745,0.4879,86054496.0,False
1708,-0.95,0.48760000000000003,117013621.33333333,False
1709,-0.03499999999999992,0.48730000000000007,129438764.0,False
1710,-2.06,0.4870000000000001,121273048.0,False
1711,0.18500000000000005,0.4867,109365492.57142857,False
1712,-1.045,0.48640000000000005,74910916.0,False
1713,-1.44,0.4861000000000001,113414424.0,False
1714,-0.030000000000000027,0.4858,82856160.0,False
1715,-2.1550000000000002,0.48550000000000004,97965618.66666667,False
1716,-0.8299999999999998,0.4852000000000001,88353676.0,False
1717,-0.535,0.4849,95757796.0,False
1718,-0.545,0.48460000000000003,65664666.0,False
1719,-1.1450000000000002,0.48430000000000006,91372470.66666667,False
1720,-2.055,0.4840000000000001,84910258.0,False
1721,-0.7699999999999999,0.4837,80851436.44444445,False
1722,-2.045,0.48340000000000005,46789086.0,False
1723,-0.1549999999999998,0.4831000000000001,127113770.66666667,False
1724,-1.63,0.4828,92831656.0,False
1725,-0.6749999999999998,0.48250000000000004,96842152.0,False
1726,-0.775,0.4822000000000001,90836712.0,False
1727,-1.83,0.4819,57466448.0,False
1728,-0.5349999999999997,0.48160000000000003,99616828.0,False
1729,-1.085,0.48130000000000006,74470964.0,False
1730,-0.7699999999999999,0.4810000000000001,76151714.0,False
1731,-1.1600000000000001,0.4807,87864908.0,False
1732,-0.9649999999999999,0.48040000000000005,107593566.0,False
1733,-0.83,0.4801000000000001,64349528.0,False
1734,-1.3450000000000002,0.4798,97957218.66666667,False
1735,-0.45500000000000007,0.47950000000000004,73191001.33333333,False
1736,-2.3449999999999998,0.47920000000000007,80312512.0,False
1737,0.8449999999999998,0.4789,77034519.0,False
1738,-2.785,0.4786,67638286.0,False
1739,0.24500000000000077,0.47830000000000006,68451434.375,False
1740,-0.2549999999999999,0.4780000000000001,107953882.66666667,False
1741,-1.3900000000000001,0.4777,65269595.2,False
1742,-1.0950000000000002,0.47740000000000005,80158018.0,False
1743,-1.2750000000000001,0.4771000000000001,92915642.0,False
1744,0.365,0.4768,91159184.0,False
1745,-1.6250000000000002,0.47650000000000003,61451876.571428575,False
1746,-1.46,0.47620000000000007,68598701.33333333,False
1747,-1.0699999999999998,0.4759000000000001,61857678.0,False
1748,-0.06499999999999995,0.4756,81435125.33333333,False
1749,-0.345,0.47530000000000006,62827405.333333336,False
1750,-0.31999999999999995,0.4750000000000001,115238272.0,False
1751,-2.285,0.4747,65265580.4,False
1752,-0.8649999999999995,0.47440000000000004,130969205.33333333,False
1753,-1.0750000000000002,0.4741000000000001,84439388.0,False
1754,-0.19999999999999996,0.4738,72518147.33333333,False
1755,-1.935,0.47350000000000003,69531858.85714285,False
1756,0.2350000000000001,0.47320000000000007,63862458.666666664,False
1757,-2.04,0.4729000000000001,37882294.0,False
1758,-0.47,0.4726,52505410.666666664,False
1759,-0.46499999999999964,0.47230000000000005,60578134.0,False
1760,-0.805,0.4720000000000001,75357170.4,False
1761,-0.9100000000000001,0.4717,63133794.0,False
1762,-1.115,0.47140000000000004,33519578.0,False
1763,-0.765,0.4711000000000001,70736590.0,False
1764,-1.335,0.4708,51025954.0,False
1765,-1.56,0.47050000000000003,75803948.0,False
1766,-1.3050000000000002,0.47020000000000006,49542587.6,False
1767,-0.475,0.4699000000000001,55153013.75,False
1768,-1.24,0.4696,91320144.0,False
1769,-0.535,0.46930000000000005,68801134.0,False
1770,-1.0150000000000001,0.4690000000000001,53174646.666666664,False
1771,-1.3050000000000002,0.4687,73506874.4,False
1772,-0.41500000000000015,0.46840000000000004,70737523.33333333,False
1773,-1.22,0.46810000000000007,57557829.14285714,False
1774,-0.635,0.4678,92726676.0,False
1775,-1.34,0.4675,32652370.0,False
1776,-2.1950000000000003,0.46720000000000006,60019206.4,False
1777,0.11999999999999988,0.4669000000000001,78884068.0,False
1778,-0.73,0.4666,69288080.0,False
1779,-1.01,0.46630000000000005,58138436.0,False
1780,-1.7850000000000001,0.4660000000000001,51246217.0,False
1781,-1.03,0.4657,92429620.0,False
1782,-1.0150000000000001,0.46540000000000004,55693297.666666664,False
1783,-1.115,0.46510000000000007,92270440.0,False
1784,0.3700000000000001,0.4648000000000001,45922130.0,False
1785,-0.7350000000000001,0.4645,81879389.71428572,False
1786,-0.9299999999999999,0.46420000000000006,69129660.0,False
1787,-0.31999999999999995,0.4639000000000001,65179692.0,False
1788,-1.34,0.4636,56455460.0,False
1789,-1.695,0.46330000000000005,62942167.2,False
1790,-0.5399999999999999,0.4630000000000001,53949482.666666664,False
1791,-1.945,0.4627,30103922.0,False
1792,-0.6499999999999997,0.46240000000000003,85805725.33333333,False
1793,-1.245,0.46210000000000007,66888172.0,False
1794,-0.6749999999999999,0.4618000000000001,46699403.0,False
1795,-0.21499999999999997,0.4615,38336008.0,False
1796,-1.34,0.46120000000000005,87455677.33333333,False
1797,-1.58,0.4609000000000001,45416646.0,False
1798,-0.6249999999999999,0.4606,43117320.0,False
1799,-0.77,0.46030000000000004,68918994.0,False
1800,-1.165,0.4600000000000001,89881724.0,False
1801,-0.88,0.4597,75852722.0,False
1802,-2.45,0.45940000000000003,73264185.33333333,False
1803,0.17500000000000027,0.45910000000000006,90826560.0,False
1804,-0.019999999999999796,0.4588000000000001,49173400.0,False
1805,-2.01,0.4585,0,False
1806,-0.46499999999999997,0.45820000000000005,84387906.0,False
1807,-0.91,0.4579000000000001,67365360.0,False
1808,-1.32,0.4576,41647156.0,False
1809,-1.63,0.45730000000000004,58957382.0,False
1810,-0.5349999999999999,0.4570000000000001,70595858.0,False
1811,-0.61,0.4567,0,False
1812,-0.51,0.45640000000000003,109210896.0,False
1813,-1.1300000000000001,0.45610000000000006,71749976.0,False
1814,-1.235,0.4558000000000001,66857078.0,False
1815,-1.02,0.4555,46387120.0,False
1816,-1.1300000000000001,0.45520000000000005,57098484.0,False
1817,-0.715,0.4549000000000001,51472012.0,False
1818,-1.33,0.4546,65001922.0,False
1819,-1.6099999999999999,0.45430000000000004,0,False
1820,-0.3450000000000001,0.45400000000000007,61910912.0,False
1821,-1.415,0.4537000000000001,76795440.0,False
1822,-1.01,0.4534,56570928.0,False
1823,-0.515,0.45310000000000006,54248696.0,False
1824,-1.215,0.4528000000000001,83563960.0,False
1825,-1.55,0.4525,55246194.0,False
1826,-1.1549999999999998,0.45220000000000005,49725348.0,False
1827,0.029999999999999805,0.4519000000000001,65595912.0,False
1828,-1.5250000000000001,0.4516,66898272.0,False
1829,-0.96,0.45130000000000003,65731530.666666664,False
1830,-1.1450000000000002,0.45100000000000007,44564848.0,False
1831,-1.22,0.4507000000000001,59593332.0,False
1832,-1.4500000000000002,0.4504,61835268.0,False
1833,-0.3450000000000001,0.45010000000000006,46428032.0,False
1834,-1.4100000000000001,0.4498000000000001,70099520.0,False
1835,-0.21999999999999997,0.4495,101281680.0,False
1836,-1.4250000000000003,0.44920000000000004,77780888.0,False
1837,-1.04,0.4489000000000001,58395612.0,False
1838,-1.79,0.4486,42887260.0,False
1839,-0.7749999999999999,0.44830000000000003,56091153.0,False
1840,-0.935,0.44800000000000006,83284696.0,False
1841,-1.21,0.4477000000000001,25484254.0,False
1842,-0.3400000000000001,0.4474,82072568.0,False
1843,-1.25,0.44710000000000005,65609918.666666664,False
1844,-1.0150000000000001,0.4468000000000001,69488616.0,False
1845,-1.37,0.4465,62696785.0,False
1846,-1.705,0.44620000000000004,56332117.6,False
1847,-1.6600000000000001,0.4459000000000001,51239452.0,False
1848,1.1950000000000003,0.4456,0,False
1849,-0.835,0.44530000000000003,56956500.0,False
1850,-1.125,0.44500000000000006,55434080.0,False
1851,-0.76,0.4447000000000001,62892349.333333336,False
1852,-0.91,0.4444,64743228.0,False
1853,-1.1400000000000001,0.44410000000000005,64345958.0,False
1854,-1.53,0.4438000000000001,47671364.0,False
1855,-1.375,0.4435,48933022.0,False
1856,-0.245,0.44320000000000004,40394304.0,False
1857,-2.87,0.44290000000000007,63004705.0,False
1858,0.645,0.4426,52936497.333333336,False
1859,-1.4100000000000001,0.4423,51312072.0,False
1860,-2.12,0.44200000000000006,56834456.0,False
1861,0.4650000000000001,0.4417000000000001,62355050.0,False
1862,-1.77,0.4414,65338216.0,False
1863,-0.725,0.44110000000000005,74562464.0,False
1864,-0.835,0.4408000000000001,76298432.0,False
1865,-0.06500000000000017,0.4405,79789066.0,False
1866,-0.93,0.44020000000000004,60251454.0,False
1867,-1.335,0.43990000000000007,66835104.0,False
1868,-1.115,0.4396000000000001,61565920.0,False
1869,-0.715,0.4393,75688464.0,False
1870,-1.455,0.43900000000000006,34944221.333333336,False
1871,-0.71,0.4387000000000001,102157024.0,False
1872,-1.135,0.4384,39202150.0,False
1873,-1.44,0.43810000000000004,53541808.0,False
1874,-0.44999999999999996,0.4378000000000001,43066037.333333336,False
1875,-1.16,0.4375,56491402.666666664,False
1876,-1.0150000000000001,0.43720000000000003,78542448.0,False
1877,-2.12,0.43690000000000007,53291580.333333336,False
1878,-0.9299999999999999,0.4366000000000001,67720468.0,False
1879,-0.30000000000000004,0.4363,44288487.2,False
1880,-0.745,0.43600000000000005,50668522.666666664,False
1881,-1.21,0.4357000000000001,0,False
1882,-0.6149999999999999,0.4354,22843648.0,False
1883,-1.9700000000000002,0.43510000000000004,47371530.0,False
1884,-1.145,0.4348000000000001,54450448.0,False
1885,-0.43999999999999995,0.4345,49624484.0,False
1886,-0.925,0.43420000000000003,69911432.0,False
1887,-1.32,0.43390000000000006,39676982.0,False
1888,-1.22,0.4336000000000001,37436008.0,False
1889,-0.42500000000000004,0.4333,50782404.0,False
1890,-1.0450000000000002,0.43300000000000005,64708096.666666664,False
1891,-1.11,0.4327000000000001,85549544.0,False
1892,-0.52,0.4324,92707136.0,False
1893,-0.235,0.43210000000000004,35253489.0,False
1894,-1.525,0.4318000000000001,50423050.0,False
1895,-1.01,0.4315,0,False
1896,-0.835,0.4312,76938178.0,False
1897,-1.245,0.43090000000000006,43454613.333333336,False
1898,-0.81,0.4306000000000001,31248210.0,False
1899,-1.01,0.4303,0,False
1900,-2.065,0.43000000000000005,57652036.0,False
1901,0.3550000000000002,0.4297000000000001,72647244.0,False
1902,-1.11,0.4294,41324200.0,False
1903,-1.33,0.42910000000000004,42451842.0,False
1904,-1.71,0.42880000000000007,51313000.0,False
1905,-0.715,0.4285000000000001,57392380.0,False
1906,-1.04,0.4282,60495658.0,False
1907,-0.61,0.42790000000000006,52840148.0,False
1908,-1.0450000000000002,0.4276000000000001,57451992.0,False
1909,-1.15,0.4273,46308913.333333336,False
1910,-1.31,0.42700000000000005,48628664.0,False
1911,-1.035,0.4267000000000001,56844172.0,False
1912,-0.885,0.4264,54609783.5,False
1913,-0.74,0.42610000000000003,37027580.0,False
1914,-0.9450000000000001,0.42580000000000007,39271888.0,False
1915,-1.34,0.4255000000000001,52696554.0,False
1916,-1.11,0.4252,45770268.0,False
1917,-0.61,0.42490000000000006,45149776.0,False
1918,-1.42,0.4246000000000001,22448312.0,False
1919,-0.9299999999999999,0.4243,32012504.0,False
1920,-0.51,0.42400000000000004,0,False
1921,-1.02,0.4237000000000001,44866028.0,False
1922,-1.6400000000000001,0.4234,52579238.0,False
1923,-1.04,0.42310000000000003,39895104.0,False
1924,-0.885,0.42280000000000006,36538451.6,False
1925,-0.43499999999999994,0.4225000000000001,48382484.0,False
1926,-0.825,0.4222,83551200.0,False
1927,0.09499999999999997,0.42190000000000005,30829296.0,False
1928,-0.73,0.4216000000000001,72796952.0,False
1929,-1.525,0.4213,37196320.0,False
1930,-0.71,0.42100000000000004,51803376.0,False
1931,-1.465,0.4207000000000001,45926824.0,False
1932,-1.3250000000000002,0.4204,58801560.0,False
1933,-0.8600000000000001,0.42010000000000003,50424823.0,False
1934,-0.30999999999999994,0.41980000000000006,83404192.0,False
1935,-1.4300000000000002,0.4195000000000001,46739048.0,False
1936,-1.3800000000000001,0.4192,57159958.0,False
1937,-0.64,0.41890000000000005,49053058.0,False
1938,-1.215,0.4186000000000001,41626812.0,False
1939,-1.37,0.4183,39482734.5,False
1940,-0.91,0.41800000000000004,45170080.0,False
1941,-0.16999999999999993,0.41770000000000007,63402224.5,False
1942,-0.21999999999999997,0.4174000000000001,20655228.0,False
1943,-1.56,0.4171,45608464.0,False
1944,-0.91,0.41680000000000006,42569568.0,False
1945,-1.54,0.4165000000000001,45100278.0,False
1946,-0.41000000000000003,0.4162,26712012.0,False
1947,-1.3650000000000002,0.41590000000000005,44178283.0,False
1948,-1.215,0.4156000000000001,72526936.0,False
1949,-0.5099999999999999,0.4153,0,False
1950,-1.185,0.41500000000000004,42436521.6,False
1951,-1.54,0.41470000000000007,31612636.0,False
1952,-0.41999999999999993,0.4144000000000001,71954048.0,False
1953,-0.915,0.4141,43182120.0,False
1954,-1.815,0.41380000000000006,42947408.0,False
1955,-0.25,0.4135000000000001,55636512.0,False
1956,-1.7349999999999999,0.4132,47901764.0,False
1957,-0.71,0.41290000000000004,68990416.0,False
1958,-0.76,0.4126000000000001,45805240.0,False
1959,-1.57,0.4123,44034136.5,False
1960,-0.20999999999999996,0.41200000000000003,93142160.0,False
1961,-1.5100000000000002,0.41170000000000007,0,False
1962,-0.22999999999999998,0.4114000000000001,72899192.0,False
1963,0.04499999999999993,0.4111,62013201.0,False
1964,-1.11,0.41080000000000005,0,False
1965,-1.235,0.4105000000000001,37946843.0,False
1966,-0.26,0.4102,49208658.0,False
1967,-0.935,0.40990000000000004,64206600.0,False
1968,-1.11,0.4096000000000001,0,False
1969,-1.5550000000000002,0.4093,41709164.0,False
1970,-1.21,0.40900000000000003,31231244.0,False
1971,-0.42500000000000004,0.40870000000000006,56287908.0,False
1972,-1.115,0.4084000000000001,23442660.0,False
1973,-0.9900000000000001,0.4081,49304163.0,False
1974,-1.22,0.40780000000000005,35215768.0,False
1975,-0.91,0.4075000000000001,0,False
1976,-1.42,0.4072,39732220.5,False
1977,-0.715,0.40690000000000004,88957792.0,False
1978,-2.385,0.4066000000000001,44546316.5,False
1979,0.29000000000000026,0.4063000000000001,36845348.0,False
1980,-0.9450000000000001,0.406,38342890.0,False
1981,-1.51,0.40570000000000006,50166168.0,False
1982,-0.5199999999999999,0.4054000000000001,51144528.0,False
1983,-1.3650000000000002,0.4051,48549202.0,False
1984,-1.2600000000000002,0.40480000000000005,48496468.0,False
1985,-0.30999999999999994,0.4045000000000001,75840816.0,False
1986,-1.63,0.4042,47163176.0,False
1987,-0.815,0.40390000000000004,76640832.0,False
1988,-1.22,0.40360000000000007,73027440.0,False
1989,-0.41999999999999993,0.4033000000000001,55582512.0,False
1990,-1.8399999999999999,0.403,33846556.0,False
1991,-0.43499999999999983,0.40270000000000006,52226322.666666664,False
1992,-0.009999999999999787,0.4024000000000001,0,False
1993,-1.3450000000000002,0.4021,34112414.666666664,False
1994,-0.935,0.40180000000000005,57665576.0,False
1995,-0.63,0.4015000000000001,45027898.0,False
1996,-0.82,0.4012,56731716.0,False
1997,-1.0150000000000001,0.40090000000000003,39396076.0,False
1998,-1.235,0.40060000000000007,32754185.0,False
1999,-1.51,0.4003000000000001,27819580.0,False
2000,-0.855,0.4,37212016.0,False
2001,-1.12,0.39970000000000006,56430424.0,False
2002,-0.3500000000000001,0.3994000000000001,55255721.333333336,False
2003,-1.53,0.3991,30528704.0,False
2004,-1.01,0.39880000000000004,45507488.0,False
2005,-0.72,0.3985000000000001,74387440.0,False
2006,-1.4250000000000003,0.3982,46102716.0,False
2007,-0.815,0.39790000000000003,27211300.0,False
2008,-1.525,0.39760000000000006,69352504.0,False
2009,-0.5099999999999999,0.3973000000000001,49090720.0,False
2010,-1.12,0.397,50007544.0,False
2011,-1.22,0.39670000000000005,59248538.0,False
2012,-1.045,0.3964000000000001,38903512.0,False
2013,-0.5800000000000002,0.3961,35349743.0,False
2014,-1.02,0.39580000000000004,44965484.0,False
2015,-2.21,0.3955000000000001,0,False
2016,-0.10999999999999999,0.3952000000000001,22389188.0,False
2017,-1.4100000000000001,0.39490000000000003,32608028.0,False
2018,-0.72,0.39460000000000006,33295776.0,False
2019,-0.9199999999999999,0.3943000000000001,38189560.0,False
2020,-1.185,0.394,59469455.2,False
2021,-1.31,0.39370000000000005,28130662.0,False
2022,-0.515,0.3934000000000001,30242838.0,False
2023,-0.73,0.3931,38570228.0,False
2024,-1.5350000000000001,0.39280000000000004,39983023.0,False
2025,-1.22,0.39250000000000007,54120000.0,False
2026,-0.96,0.3922000000000001,57567893.333333336,False
2027,-0.925,0.3919,29594212.0,False
2028,-1.6900000000000002,0.39160000000000006,49657083.6,False
2029,-1.1400000000000001,0.3913000000000001,58263224.0,False
2030,-0.515,0.391,63192256.0,False
2031,-1.63,0.39070000000000005,42734278.0,False
2032,0.09000000000000008,0.3904000000000001,29768004.0,False
2033,-1.03,0.3901,31391280.0,False
2034,-1.225,0.38980000000000004,29384018.0,False
2035,-1.01,0.38950000000000007,50897284.0,False
2036,-0.8400000000000001,0.3892000000000001,60692016.0,False
2037,-1.1500000000000001,0.3889,42506648.666666664,False
2038,-1.71,0.38860000000000006,73332608.0,False
2039,-0.20999999999999996,0.3883000000000001,0,False
2040,-1.4350000000000003,0.388,35714763.14285714,False
2041,-1.445,0.38770000000000004,58308606.666666664,False
2042,-0.625,0.3874000000000001,45959240.0,False
2043,-1.4100000000000001,0.3871,45529296.0,False
2044,-1.375,0.38680000000000003,48417931.0,False
2045,-0.6399999999999999,0.38650000000000007,31546128.0,False
2046,-0.5099999999999999,0.3862000000000001,43949416.0,False
2047,-1.51,0.3859,48301916.0,False
2048,0.29499999999999993,0.38560000000000005,27496280.0,False
2049,-1.58,0.3853000000000001,46428985.0,False
2050,-0.9600000000000001,0.385,25087484.0,False
2051,-0.825,0.38470000000000004,34107234.0,False
2052,-0.8099999999999999,0.3844000000000001,0,False
2053,-1.4100000000000001,0.3841000000000001,74669752.0,False
2054,-0.43999999999999995,0.38380000000000003,23743539.5,False
2055,-1.22,0.38350000000000006,27442634.0,False
2056,-1.4100000000000001,0.3832000000000001,0,False
2057,-0.45500000000000007,0.3829,51843341.333333336,False
2058,-1.3450000000000002,0.38260000000000005,47410362.666666664,False
2059,-1.01,0.3823000000000001,48418976.0,False
2060,-1.315,0.382,53676156.0,False
2061,-0.9199999999999999,0.38170000000000004,47347752.0,False
2062,-0.51,0.3814000000000001,19884234.0,False
2063,-1.815,0.3811000000000001,55785688.0,False
2064,-0.31500000000000006,0.3808,56018984.0,False
2065,-1.32,0.38050000000000006,57635612.0,False
2066,-0.61,0.3802000000000001,41156784.0,False
2067,-1.215,0.3799,27994288.0,False
2068,-0.84,0.37960000000000005,32588262.0,False
2069,-1.01,0.3793000000000001,40509692.0,False
2070,-1.31,0.379,0,False
2071,-1.8650000000000002,0.37870000000000004,45042879.0,False
2072,-0.11499999999999999,0.37840000000000007,33078504.0,False
2073,-1.52,0.3781000000000001,35127856.0,False
2074,-0.31499999999999995,0.3778,24237280.0,False
2075,-1.3450000000000002,0.37750000000000006,32563010.666666668,False
2076,-1.0350000000000001,0.3772000000000001,30711604.0,False
2077,-0.83,0.3769,15900448.0,False
2078,-0.67,0.37660000000000005,48081313.0,False
2079,-1.625,0.3763000000000001,47774742.0,False
2080,-0.83,0.376,46647152.0,False
2081,-0.715,0.37570000000000003,32372262.0,False
2082,-1.44,0.37540000000000007,49436289.333333336,False
2083,-1.125,0.3751000000000001,35672936.0,False
2084,-0.63,0.3748,32867694.0,False
2085,-0.835,0.37450000000000006,49341842.0,False
2086,-2.02,0.3742000000000001,34179648.0,False
2087,-0.5299999999999999,0.3739,56888644.0,False
2088,-0.71,0.37360000000000004,55862488.0,False
2089,-1.9100000000000001,0.3733000000000001,0,False
2090,-0.30999999999999994,0.3730000000000001,40048240.0,False
2091,-1.42,0.37270000000000003,31038836.0,False
2092,-0.21999999999999997,0.37240000000000006,31682947.0,False
2093,-1.83,0.3721000000000001,48584184.0,False
2094,-0.51,0.3718,61864160.0,False
2095,-0.915,0.37150000000000005,43907572.0,False
2096,-1.31,0.3712000000000001,50822184.0,False
2097,-0.71,0.3709,59578428.0,False
2098,-1.31,0.37060000000000004,0,False
2099,-1.03,0.3703000000000001,37022641.0,False
2100,-1.5350000000000001,0.3700000000000001,54433640.0,False
2101,-0.44500000000000006,0.36970000000000003,47372414.666666664,False
2102,-1.01,0.36940000000000006,0,False
2103,-1.69,0.3691000000000001,35001253.2,False
2104,-0.9199999999999999,0.3688,10241406.0,False
2105,-0.71,0.36850000000000005,51053880.0,False
2106,-2.04,0.3682000000000001,28375684.0,False
2107,-0.34999999999999987,0.3679,40248520.0,False
2108,-0.5299999999999999,0.36760000000000004,43620520.0,False
2109,-1.1800000000000002,0.36730000000000007,36265631.0,False
2110,-1.0150000000000001,0.3670000000000001,34974240.0,False
2111,-0.8200000000000001,0.3667,25418664.0,False
2112,-1.42,0.36640000000000006,28423185.0,False
2113,-1.135,0.3661000000000001,41362854.0,False
2114,-0.6249999999999999,0.3658,32700236.0,False
2115,-1.51,0.36550000000000005,54049164.0,False
2116,-1.525,0.3652000000000001,13371930.0,False
2117,-0.72,0.3649,40744818.0,False
2118,-0.71,0.36460000000000004,0,False
2119,-0.5099999999999999,0.36430000000000007,31936368.0,False
2120,-1.645,0.3640000000000001,32127372.0,False
2121,0.06999999999999984,0.3637,43621752.0,False
2122,-1.23,0.36340000000000006,39935816.0,False
2123,-0.62,0.3631000000000001,26734137.0,False
2124,-0.93,0.3628,39315728.0,False
2125,-1.145,0.36250000000000004,33559727.333333336,False
2126,-1.71,0.3622000000000001,29205404.0,False
2127,-0.21999999999999997,0.3619000000000001,59532784.0,False
2128,-1.74,0.36160000000000003,57020860.0,False
2129,-0.835,0.36130000000000007,49002028.0,False
2130,-0.935,0.3610000000000001,46407346.0,False
2131,0.29000000000000004,0.3607,35530400.0,False
2132,-0.525,0.36040000000000005,31321299.0,False
2133,-1.21,0.3601000000000001,0,False
2134,-1.73,0.3598,31903006.0,False
2135,-0.92,0.35950000000000004,44020256.0,False
2136,0.2849999999999999,0.3592000000000001,34115219.0,False
2137,-0.825,0.3589000000000001,39539912.0,False
2138,-2.59,0.35860000000000003,34540464.0,False
2139,-0.11499999999999999,0.35830000000000006,63265832.0,False
2140,-0.8099999999999999,0.3580000000000001,30804944.0,False
2141,-0.51,0.3577,0,False
2142,-1.115,0.35740000000000005,26141636.0,False
2143,-0.31500000000000006,0.3571000000000001,31810838.0,False
2144,-1.21,0.3568,0,False
2145,-0.4850000000000001,0.35650000000000004,33392585.6,False
2146,-1.37,0.35620000000000007,42363169.0,False
2147,-1.0150000000000001,0.3559000000000001,16779428.0,False
2148,-1.0150000000000001,0.3556,54241940.0,False
2149,-1.56,0.35530000000000006,28049712.0,False
2150,-0.61,0.3550000000000001,44683440.0,False
2151,-0.5299999999999999,0.3547,33313004.0,False
2152,-1.21,0.35440000000000005,22502772.0,False
2153,-1.315,0.3541000000000001,34836944.0,False
2154,-0.925,0.3538,35588482.0,False
2155,-1.34,0.35350000000000004,31813004.0,False
2156,-0.21999999999999997,0.35320000000000007,56397500.0,False
2157,-1.315,0.3529000000000001,45627448.0,False
2158,-1.125,0.3526,43431362.0,False
2159,-2.02,0.35230000000000006,24137684.0,False
2160,-0.8099999999999999,0.3520000000000001,27706530.0,False
2161,-0.21499999999999997,0.3517,31296716.0,False
2162,-1.83,0.35140000000000005,70743440.0,False
2163,-0.4149999999999999,0.3511000000000001,49078992.0,False
2164,-1.2550000000000001,0.3508000000000001,41574310.666666664,False
2165,-1.0550000000000002,0.35050000000000003,33539642.666666668,False
2166,-1.135,0.35020000000000007,35642142.0,False
2167,-0.925,0.3499000000000001,39250392.0,False
2168,-0.62,0.3496,29784704.0,False
2169,-1.4100000000000001,0.34930000000000005,39738444.0,False
2170,-0.715,0.3490000000000001,19848044.0,False
2171,-1.71,0.3487,30491650.0,False
2172,-0.31999999999999995,0.34840000000000004,18777804.0,False
2173,-1.4100000000000001,0.3481000000000001,46308336.0,False
2174,-0.44000000000000006,0.3478000000000001,31743070.0,False
2175,-1.9800000000000002,0.34750000000000003,21401512.5,False
2176,-0.5099999999999999,0.34720000000000006,23775016.0,False
2177,-0.71,0.3469000000000001,21373620.0,False
2178,-0.835,0.3466,32220184.0,False
2179,-0.92,0.34630000000000005,40358640.0,False
2180,-1.5100000000000002,0.3460000000000001,22023142.0,False
2181,-1.165,0.3457,39435407.333333336,False
2182,-1.3650000000000002,0.34540000000000004,37741904.0,False
2183,-0.44499999999999984,0.3451000000000001,42703012.0,False
2184,-1.215,0.3448000000000001,40086032.0,False
2185,-0.62,0.34450000000000003,23724228.0,False
2186,-1.82,0.34420000000000006,34661950.0,False
2187,-1.02,0.3439000000000001,36371868.0,False
2188,-0.6149999999999999,0.3436,15957372.0,False
2189,-0.64,0.34330000000000005,53654056.0,False
2190,-1.1300000000000001,0.3430000000000001,42459870.0,False
2191,-0.91,0.3427,17966024.0,False
2192,-1.44,0.34240000000000004,38613376.0,False
2193,-1.42,0.34210000000000007,32520820.0,False
2194,-0.615,0.3418000000000001,23582058.0,False
2195,-1.22,0.3415,38803024.0,False
2196,-1.54,0.34120000000000006,31659282.0,False
2197,-0.21999999999999997,0.3409000000000001,22388874.0,False
2198,-1.835,0.3406,32047189.0,False
2199,-0.009999999999999787,0.34030000000000005,21950330.0,False
2200,-1.1300000000000001,0.3400000000000001,22751684.0,False
2201,-0.85,0.3397000000000001,26598483.333333332,False
2202,-1.775,0.33940000000000003,31218597.5,False
2203,-0.5499999999999999,0.33910000000000007,35913172.666666664,False
2204,-0.81,0.3388000000000001,35612088.0,False
2205,-1.215,0.3385,31801542.0,False
2206,-1.12,0.33820000000000006,41207040.0,False
2207,-1.22,0.3379000000000001,18849642.0,False
2208,-0.94,0.3376,40379317.0,False
2209,-0.44500000000000006,0.33730000000000004,21120342.666666668,False
2210,-1.42,0.3370000000000001,23756390.0,False
2211,-1.225,0.3367000000000001,35802296.0,False
2212,-2.065,0.33640000000000003,31719408.0,False
2213,0.09000000000000008,0.33610000000000007,33063284.0,False
2214,-0.61,0.3358000000000001,41179852.0,False
2215,-1.52,0.3355,23134064.0,False
2216,-0.715,0.33520000000000005,49138200.0,False
2217,-1.63,0.3349000000000001,23581053.0,False
2218,-0.20999999999999996,0.3346,0,False
2219,-1.5350000000000001,0.33430000000000004,48108768.0,False
2220,-1.1500000000000001,0.3340000000000001,38084512.0,False
2221,-0.6399999999999999,0.3337000000000001,38610822.0,False
2222,-0.79,0.33340000000000003,29491734.0,False
2223,-1.42,0.33310000000000006,22549792.0,False
2224,-1.3250000000000002,0.3328000000000001,29721687.0,False
2225,-0.835,0.3325,41346520.0,False
2226,-0.9299999999999999,0.33220000000000005,24470937.0,False
2227,-1.025,0.3319000000000001,36090956.0,False
2228,-1.02,0.3316,42081604.0,False
2229,-1.6600000000000001,0.33130000000000004,29641639.0,False
2230,-0.3450000000000001,0.33100000000000007,43605902.0,False
2231,-1.22,0.3307000000000001,26551884.0,False
2232,-1.315,0.3304,48110712.0,False
2233,-1.0350000000000001,0.33010000000000006,35416395.0,False
2234,-0.4750000000000001,0.3298000000000001,35884137.0,False
2235,-1.315,0.3295,24335536.0,False
2236,-1.2400000000000002,0.32920000000000005,28910949.666666668,False
2237,0.5449999999999997,0.3289000000000001,41222657.333333336,False
2238,-1.025,0.3286000000000001,25867072.0,False
2239,-1.0150000000000001,0.32830000000000004,23869590.0,False
2240,-1.335,0.32800000000000007,45287154.0,False
2241,-1.47,0.3277000000000001,27547426.5,False
2242,-0.42999999999999994,0.3274,24002635.0,False
2243,-1.0550000000000002,0.32710000000000006,34165510.666666664,False
2244,-1.9100000000000001,0.3268000000000001,32990868.0,False
2245,-0.92,0.3265,35613520.0,False
2246,-0.020000000000000018,0.32620000000000005,46373280.0,False
2247,-1.71,0.3259000000000001,22481700.0,False
2248,-0.2500000000000001,0.3256000000000001,22758714.0,False
2249,-1.415,0.32530000000000003,42031032.0,False
2250,-1.21,0.32500000000000007,0,False
2251,-0.615,0.3247000000000001,37770916.0,False
2252,-1.51,0.3244,28560496.0,False
2253,-1.04,0.32410000000000005,25214952.0,False
2254,-1.03,0.3238000000000001,33734878.0,False
2255,-0.8099999999999999,0.3235,42621092.0,False
2256,-1.6099999999999999,0.32320000000000004,36675320.0,False
2257,-0.1349999999999998,0.3229000000000001,35220153.0,False
2258,-1.145,0.3226000000000001,34705277.0,False
2259,-0.81,0.32230000000000003,26245756.0,False
2260,-1.5150000000000001,0.32200000000000006,33789616.0,False
2261,-0.91,0.3217000000000001,39174072.0,False
2262,-1.1700000000000002,0.3214,41241550.666666664,False
2263,-1.34,0.32110000000000005,29911134.0,False
2264,-0.32499999999999996,0.3208000000000001,22837692.0,False
2265,-1.4300000000000002,0.3205,25036554.0,False
2266,-1.21,0.32020000000000004,11790513.0,False
2267,-1.01,0.3199000000000001,0,False
2268,-0.81,0.3196000000000001,26293160.0,False
2269,-1.11,0.31930000000000003,29910732.0,False
2270,-0.975,0.31900000000000006,34389640.0,False
2271,-1.445,0.3187000000000001,24609581.0,False
2272,-0.54,0.3184,44442513.333333336,False
2273,-0.88,0.31810000000000005,29532855.5,False
2274,-1.2800000000000002,0.3178000000000001,35941131.5,False
2275,-1.51,0.3175,28307076.0,False
2276,-1.255,0.31720000000000004,35457348.0,False
2277,-1.08,0.31690000000000007,28944893.777777776,False
2278,-0.10999999999999999,0.3166000000000001,40276520.0,False
2279,-1.31,0.3163,28408360.0,False
2280,-0.95,0.31600000000000006,15284596.0,False
2281,-1.1500000000000001,0.3157000000000001,35116120.0,False
2282,-1.73,0.3154,36910512.0,False
2283,-0.5349999999999999,0.31510000000000005,32713148.0,False
2284,-1.24,0.3148000000000001,21959073.0,False
2285,-0.87,0.3145000000000001,32710386.0,False
2286,-0.925,0.31420000000000003,40025992.0,False
2287,-0.825,0.31390000000000007,20695989.0,False
2288,-1.21,0.3136000000000001,22128360.0,False
2289,-1.025,0.3133,33206634.0,False
2290,-1.33,0.31300000000000006,27047558.0,False
2291,-1.21,0.3127000000000001,26543880.0,False
2292,-0.515,0.3124,32924680.0,False
2293,-0.555,0.31210000000000004,26465253.333333332,False
2294,-1.665,0.3118000000000001,19179234.0,False
2295,-0.51,0.3115000000000001,17344746.0,False
2296,-1.0350000000000001,0.31120000000000003,26081590.0,False
2297,-1.32,0.31090000000000007,48731056.0,False
2298,-1.61,0.3106000000000001,31173550.333333332,False
2299,-0.42499999999999993,0.3103,17049192.0,False
2300,-1.33,0.31000000000000005,20566247.5,False
2301,-1.54,0.3097000000000001,30722905.0,False
2302,-0.5249999999999999,0.3094,29018114.0,False
2303,-0.825,0.30910000000000004,36143280.0,False
2304,-0.665,0.3088000000000001,26590834.5,False
2305,-2.0250000000000004,0.3085000000000001,15999769.0,False
2306,-0.71,0.30820000000000003,38988436.0,False
2307,-0.6449999999999999,0.30790000000000006,32650540.0,False
2308,-1.35,0.3076000000000001,21048348.0,False
2309,-1.21,0.3073,20273984.0,False
2310,-0.715,0.30700000000000005,21597526.0,False
2311,-0.8699999999999999,0.3067000000000001,30432460.5,False
2312,-0.48,0.3064,24092843.5,False
2313,-1.75,0.30610000000000004,23116376.125,False
2314,0.355,0.30580000000000007,24073838.666666668,False
2315,-2.135,0.3055000000000001,22576053.0,False
2316,-0.20999999999999996,0.3052,0,False
2317,-1.31,0.30490000000000006,18267760.0,False
2318,-1.315,0.3046000000000001,15274330.0,False
2319,-1.24,0.3043,28405854.0,False
2320,-0.3450000000000001,0.30400000000000005,24402925.333333332,False
2321,-1.415,0.3037000000000001,27393566.0,False
2322,-1.01,0.3034000000000001,21046720.0,False
2323,-1.225,0.30310000000000004,26715372.0,False
2324,-0.7399999999999999,0.30280000000000007,20918295.0,False
2325,-1.835,0.3025000000000001,25272077.0,False
2326,-0.5149999999999999,0.3022,29983752.0,False
2327,-0.2300000000000001,0.30190000000000006,20628759.5,False
2328,-0.9950000000000003,0.3016000000000001,25210910.8,False
2329,-1.0150000000000001,0.3013,18237906.0,False
2330,-0.5099999999999999,0.30100000000000005,25995548.0,False
2331,-0.7399999999999999,0.3007000000000001,28989628.0,False
2332,-2.5,0.3004000000000001,27035003.666666668,False
2333,-0.28500000000000003,0.30010000000000003,24569125.0,False
2334,-0.31999999999999995,0.29980000000000007,40448736.0,False
2335,-1.8399999999999999,0.2995000000000001,29106108.0,False
2336,-1.1300000000000001,0.2992,32435646.0,False
2337,-0.4800000000000001,0.29890000000000005,27837269.6,False
2338,-1.01,0.2986000000000001,0,False
2339,-0.835,0.2983,18442007.0,False
2340,-2.05,0.29800000000000004,21079420.666666668,False
2341,-0.63,0.2977000000000001,24396964.0,False
2342,-0.8300000000000001,0.2974000000000001,25499452.285714287,False
2343,-1.21,0.29710000000000003,0,False
2344,-1.4750000000000003,0.29680000000000006,27614247.555555556,False
2345,-1.16,0.2965000000000001,23940584.5,False
2346,-0.8899999999999999,0.2962,25484444.5,False
2347,-0.81,0.29590000000000005,23341432.0,False
2348,-1.3900000000000001,0.2956000000000001,25252842.0,False
2349,-1.165,0.2953,24058480.666666668,False
2350,-0.235,0.29500000000000004,15900618.0,False
2351,-1.2800000000000002,0.2947000000000001,26606750.4,False
2352,-1.02,0.2944000000000001,18492032.0,False
2353,0.32499999999999996,0.29410000000000003,22779850.5,False
2354,-1.51,0.29380000000000006,27499882.0,False
2355,-0.61,0.2935000000000001,33169076.0,False
2356,-0.9550000000000001,0.2932,24230073.333333332,False
2357,-1.525,0.29290000000000005,23305548.0,False
2358,-1.025,0.2926000000000001,25585898.0,False
2359,-0.96,0.2923000000000001,13527969.666666666,False
2360,-1.77,0.29200000000000004,22655112.0,False
2361,-0.30999999999999994,0.29170000000000007,0,False
2362,-0.8099999999999999,0.2914000000000001,20796330.0,False
2363,-1.955,0.2911,24061334.25,False
2364,-0.31999999999999995,0.29080000000000006,28565540.0,False
2365,-1.55,0.2905000000000001,25384622.0,False
2366,-0.16500000000000015,0.2902,15716210.0,False
2367,-2.385,0.28990000000000005,22844668.0,False
2368,-0.5449999999999999,0.2896000000000001,20892073.0,False
2369,-0.47,0.2893000000000001,18095745.333333332,False
2370,-1.53,0.28900000000000003,31424788.0,False
2371,-0.3400000000000001,0.28870000000000007,21644453.5,False
2372,-0.92,0.2884000000000001,17810442.0,False
2373,-0.525,0.2881,25328144.0,False
2374,-1.1400000000000001,0.28780000000000006,30594998.0,False
2375,-1.61,0.2875000000000001,0,False
2376,0.11499999999999977,0.2872,18722982.6,False
2377,-1.23,0.28690000000000004,27839068.0,False
2378,-1.0750000000000002,0.2866000000000001,16688414.0,False
2379,-1.0350000000000001,0.2863000000000001,27390286.0,False
2380,-1.0150000000000001,0.28600000000000003,21540340.0,False
2381,-1.545,0.28570000000000007,26980732.0,False
2382,-1.18,0.2854000000000001,17704294.0,False
2383,-0.525,0.2851,17153153.0,False
2384,-0.73,0.28480000000000005,27788252.0,False
2385,-1.22,0.2845000000000001,24320978.0,False
2386,-0.7300000000000001,0.2842,28623025.0,False
2387,-1.11,0.28390000000000004,11122784.0,False
2388,-0.16500000000000004,0.2836000000000001,22423940.0,False
2389,-1.8250000000000002,0.2833000000000001,25174782.0,False
2390,-1.1900000000000002,0.28300000000000003,25286976.0,False
2391,0.5349999999999997,0.28270000000000006,18690929.5,False
2392,-1.0150000000000001,0.2824000000000001,33977468.0,False
2393,-1.71,0.2821,10271439.0,False
2394,-0.5249999999999999,0.28180000000000005,17287974.0,False
2395,-0.82,0.2815000000000001,16165135.0,False
2396,-1.07,0.2812000000000001,24095607.333333332,False
2397,-1.045,0.28090000000000004,15291382.333333334,False
2398,-1.5050000000000001,0.28060000000000007,21840208.8,False
2399,-0.83,0.2803000000000001,17560618.0,False
2400,-1.5550000000000002,0.28,25710874.666666668,False
2401,-0.13,0.27970000000000006,19914382.0,False
2402,-1.435,0.2794000000000001,16919032.5,False
2403,-1.135,0.2791,28512175.0,False
2404,-1.415,0.27880000000000005,15053231.0,False
2405,-0.33999999999999997,0.2785000000000001,19614360.0,False
2406,-1.69,0.2782000000000001,20697663.0,False
2407,-0.65,0.27790000000000004,18805488.666666668,False
2408,-2.0650000000000004,0.27760000000000007,21382862.125,False
2409,-0.41999999999999993,0.2773000000000001,22435893.5,False
2410,-1.36,0.277,12647531.0,False
2411,-0.44499999999999995,0.27670000000000006,12447626.5,False
2412,-1.745,0.2764000000000001,20116112.666666668,False
2413,-0.30999999999999994,0.2761,0,False
2414,-1.465,0.27580000000000005,17371203.75,False
2415,-0.865,0.2755000000000001,23601488.666666668,False
2416,-2.045,0.2752000000000001,19425368.0,False
2417,-0.6349999999999999,0.27490000000000003,19883684.0,False
2418,-0.33499999999999974,0.27460000000000007,22017830.0,False
2419,-0.915,0.2743000000000001,17466514.0,False
2420,-0.93,0.274,20275881.5,False
2421,-0.33499999999999996,0.27370000000000005,29478485.0,False
2422,-2.635,0.2734000000000001,18893612.42857143,False
2423,0.0800000000000003,0.2731,11906884.0,False
2424,-0.7499999999999999,0.27280000000000004,14201157.333333334,False
2425,-0.76,0.2725000000000001,16416640.0,False
2426,-0.82,0.2722000000000001,13221128.0,False
2427,-0.96,0.27190000000000003,20192373.222222224,False
2428,-1.4500000000000002,0.27160000000000006,19139164.375,False
2429,-0.63,0.2713000000000001,21191996.0,False
2430,-1.175,0.271,15425662.25,False
2431,-0.625,0.27070000000000005,14999360.0,False
2432,-1.3900000000000001,0.2704000000000001,18206867.4,False
2433,-0.3400000000000001,0.2701000000000001,11808576.0,False
2434,-0.4149999999999999,0.26980000000000004,12023247.0,False
2435,-1.225,0.2695000000000001,9775309.0,False
2436,-0.735,0.2692000000000001,19243898.0,False
2437,-1.11,0.26890000000000003,0,False
2438,-1.165,0.26860000000000006,17216371.5,False
2439,-1.5550000000000002,0.2683000000000001,11956413.333333334,False
2440,-0.30999999999999994,0.268,18338972.0,False
2441,-1.355,0.26770000000000005,16059262.666666666,False
2442,-0.41000000000000003,0.2674000000000001,0,False
2443,-0.9550000000000001,0.2671000000000001,15074202.0,False
2444,-1.235,0.26680000000000004,17743253.0,False
2445,-1.36,0.26650000000000007,19759442.5,False
2446,-0.8099999999999999,0.2662000000000001,0,False
2447,-1.4100000000000001,0.2659,23694220.0,False
2448,-0.7100000000000002,0.26560000000000006,16650192.166666666,False
2449,-1.21,0.2653000000000001,12553122.0,False
2450,-1.835,0.265,17936663.285714287,False
2451,-0.8749999999999998,0.26470000000000005,19902460.75,False
2452,-0.019999999999999796,0.2644000000000001,10534650.0,False
2453,-1.4100000000000001,0.2641000000000001,21334306.0,False
2454,-0.935,0.26380000000000003,23594900.0,False
2455,-0.78,0.26350000000000007,14233684.0,False
2456,-1.905,0.2632000000000001,18133814.6,False
2457,-0.41000000000000003,0.2629,20914156.0,False
2458,-0.16500000000000004,0.26260000000000006,16340251.0,False
2459,-1.96,0.2623000000000001,19906656.0,False
2460,-0.04499999999999993,0.262,11151047.166666666,False
2461,-1.85,0.26170000000000004,14431240.0,False
2462,-0.7599999999999999,0.2614000000000001,15255346.75,False
2463,-1.1300000000000001,0.2611000000000001,20270536.0,False
2464,-0.4099999999999999,0.26080000000000003,21287896.0,False
2465,-0.9700000000000001,0.26050000000000006,15386446.75,False
2466,-1.4900000000000002,0.2602000000000001,13973810.5,False
2467,-0.42499999999999993,0.2599,13254520.0,False
2468,-1.5500000000000003,0.25960000000000005,14904305.333333334,False
2469,-0.815,0.2593000000000001,9258819.0,False
2470,-1.9050000000000002,0.2590000000000001,17645590.2,False
2471,-0.9549999999999998,0.25870000000000004,13191117.333333334,False
2472,-0.825,0.2584000000000001,18367874.0,False
2473,-0.715,0.2581000000000001,8251872.0,False
2474,-0.19500000000000028,0.25780000000000003,16008120.6,False
2475,-0.94,0.25750000000000006,8027537.75,False
2476,-1.03,0.2572000000000001,15633333.57142857,False
2477,-1.46,0.2569,17228240.0,False
2478,-1.165,0.25660000000000005,15784797.25,False
2479,-1.0350000000000001,0.2563000000000001,15972548.0,False
2480,-0.785,0.2560000000000001,16056387.25,False
2481,-0.04500000000000015,0.25570000000000004,10807170.666666666,False
2482,-1.0200000000000002,0.25540000000000007,14770797.0,False
2483,-1.22,0.2551000000000001,13219848.5,False
2484,-1.1600000000000001,0.2548,12844726.333333334,False
2485,-0.635,0.25450000000000006,19203618.0,False
2486,-1.5100000000000002,0.2542000000000001,16681055.0,False
2487,-1.0750000000000002,0.2539,14823157.75,False
2488,-1.21,0.25360000000000005,0,False
2489,-0.86,0.2533000000000001,14622427.375,False
2490,-0.92,0.2530000000000001,13073780.0,False
2491,-0.74,0.25270000000000004,14175486.0,False
2492,-1.335,0.25240000000000007,13536778.0,False
2493,-1.31,0.2521000000000001,15341694.0,False
2494,-1.205,0.2518,15897057.6,False
2495,-0.8349999999999999,0.25150000000000006,8863588.5,False
2496,-0.625,0.2512000000000001,15405321.0,False
2497,-1.6800000000000002,0.2509,12559165.666666666,False
2498,-0.645,0.25060000000000004,11228050.666666666,False
2499,-1.635,0.2503000000000001,17055844.0,False
2500,-0.45000000000000007,0.2500000000000001,18105986.0,False
2501,-1.0650000000000002,0.24970000000000003,13845661.0,False
2502,-1.5550000000000002,0.24940000000000007,12015314.5,False
2503,0.025000000000000355,0.2491000000000001,11938416.0,False
2504,-1.3200000000000003,0.24880000000000002,14819763.909090908,False
2505,-1.4200000000000002,0.24850000000000005,10978669.42857143,False
2506,-0.07500000000000018,0.2482000000000001,12474659.777777778,False
2507,-2.125,0.24790000000000012,12229452.083333334,False
2508,-0.17499999999999982,0.24760000000000004,12569829.888888888,False
2509,-0.855,0.24730000000000008,11648073.75,False
2510,-1.0499999999999998,0.2470000000000001,13799451.625,False
2511,-0.07999999999999985,0.24670000000000003,15675334.2,False
2512,-1.605,0.24640000000000006,13504948.8,False
2513,-0.6,0.2461000000000001,9913655.0,False
2514,-0.5800000000000001,0.24580000000000002,11656241.5,False
2515,-1.46,0.24550000000000005,11169743.0,False
2516,-1.0850000000000002,0.24520000000000008,11928431.75,False
2517,-1.17,0.24490000000000012,11352379.75,False
2518,-0.775,0.24460000000000004,13008184.75,False
2519,-2.635,0.24430000000000007,12504787.714285715,False
2520,-0.4449999999999996,0.2440000000000001,12109966.166666666,False
2521,-0.32499999999999996,0.24370000000000003,13687250.0,False
2522,-0.525,0.24340000000000006,11621379.5,False
2523,-0.7050000000000001,0.2431000000000001,10012853.6,False
2524,-0.4099999999999999,0.24280000000000002,11515979.5,False
2525,-0.8900000000000001,0.24250000000000005,13089598.7,False
2526,-0.7,0.24220000000000008,10680192.333333334,False
2527,-0.835,0.24190000000000011,10718856.25,False
2528,-0.87,0.24160000000000004,9350618.0,False
2529,-0.5099999999999998,0.24130000000000007,11424021.6,False
2530,-1.225,0.2410000000000001,9855127.791666666,False
2531,-0.7749999999999999,0.24070000000000003,9471628.25,False
2532,-0.06000000000000005,0.24040000000000006,8638857.333333334,False
2533,-1.185,0.2401000000000001,9502662.2,False
2534,-1.56,0.2398,9739223.0,False
2535,-0.9299999999999999,0.23950000000000005,8849949.5,False
2536,-0.11499999999999999,0.23920000000000008,16960644.0,False
2537,-0.8400000000000002,0.2389000000000001,10783026.0,False
2538,-0.9449999999999998,0.23860000000000003,9935453.0,False
2539,-0.8550000000000001,0.23830000000000007,9513167.0625,False
2540,-2.3899999999999997,0.2380000000000001,11484654.8,False
2541,0.6800000000000002,0.23770000000000002,7341827.5,False
2542,-1.87,0.23740000000000006,10360963.75,False
2543,-0.375,0.2371000000000001,8636712.5,False
2544,-0.925,0.23680000000000012,12009265.0,False
2545,-1.0450000000000002,0.23650000000000004,9254073.5625,False
2546,-0.7099999999999997,0.23620000000000008,11050059.0,False
2547,-0.83,0.2359000000000001,6849932.0,False
2548,-0.95,0.23560000000000003,9415070.166666666,False
2549,-1.11,0.23530000000000006,8399726.0,False
2550,-0.5900000000000001,0.2350000000000001,10544168.0,False
2551,-2.245,0.23470000000000002,10019277.57142857,False
2552,-0.9449999999999998,0.23440000000000005,8197379.5,False
2553,-1.3599999999999999,0.23410000000000009,7594620.5,False
2554,-0.34999999999999987,0.23380000000000012,9955491.5,False
2555,-0.925,0.23350000000000004,8140587.166666667,False
2556,-1.045,0.23320000000000007,10720369.666666666,False
2557,-1.495,0.2329000000000001,10384415.4,False
2558,-1.02,0.23260000000000003,8614080.727272727,False
2559,-1.7650000000000001,0.23230000000000006,8821054.833333334,False
2560,-0.7849999999999997,0.2320000000000001,9462096.1,False
2561,-0.7750000000000001,0.23170000000000002,8186404.444444444,False
2562,-1.0200000000000002,0.23140000000000005,6703962.25,False
2563,-0.9850000000000002,0.23110000000000008,8310913.8,False
2564,-1.9500000000000002,0.23080000000000012,8357892.5,False
2565,-0.8649999999999995,0.23050000000000004,8541239.875,False
2566,-1.1400000000000001,0.23020000000000007,9165440.75,False
2567,-0.85,0.2299000000000001,8994739.0,False
2568,-0.4399999999999997,0.22960000000000003,8230953.0,False
2569,-1.53,0.22930000000000006,8406573.5,False
2570,-1.14,0.2290000000000001,6758677.0,False
2571,-1.255,0.22870000000000001,6510413.166666667,False
2572,-0.43999999999999995,0.22840000000000005,9620739.0,False
2573,-2.27,0.22810000000000008,8398969.75,False
2574,0.15000000000000013,0.2278000000000001,9305592.666666666,False
2575,-1.24,0.22750000000000004,10125737.0,False
2576,-1.2449999999999999,0.22720000000000007,8197760.333333333,False
2577,-1.03,0.2269000000000001,8345182.0,False
2578,-1.165,0.22660000000000002,10306520.25,False
2579,-0.8349999999999999,0.22630000000000006,10379437.5,False
2580,-0.825,0.2260000000000001,8034458.214285715,False
2581,0.4550000000000005,0.22570000000000012,8097028.5,False
2582,-1.0499999999999998,0.22540000000000004,5656589.666666667,False
2583,2.1400000000000006,0.22510000000000008,7144369.625,False
2584,-1.3450000000000002,0.2248000000000001,7859289.0,False
2585,-0.8350000000000001,0.22450000000000003,9134606.5,False
2586,-2.365,0.22420000000000007,8664833.125,False
2587,-1.355,0.2239000000000001,7799348.166666667,False
2588,-1.355,0.22360000000000002,7367344.666666667,False
2589,0.010000000000000231,0.22330000000000005,8058880.7,False
2590,-1.13,0.2230000000000001,5314567.5,False
2591,-0.43000000000000005,0.22270000000000012,9312953.25,False
2592,-1.8599999999999999,0.22240000000000004,9220186.0,False
2593,-1.2599999999999998,0.22210000000000008,7291274.75,False
2594,-0.33499999999999974,0.2218000000000001,6719771.25,False
2595,-1.835,0.22150000000000003,10731814.0,False
2596,-0.2649999999999997,0.22120000000000006,9332920.5,False
2597,-0.84,0.2209000000000001,7193187.25,False
2598,-0.04500000000000037,0.22060000000000002,7832563.5625,False
2599,-1.24,0.22030000000000005,6597602.0,False
2600,-2.24,0.22000000000000008,6028697.166666667,False
2601,0.06500000000000017,0.21970000000000012,7128661.75,False
2602,-1.75,0.21940000000000004,10441587.5,False
2603,-0.5899999999999996,0.21910000000000007,7029926.2,False
2604,-1.585,0.2188000000000001,8510926.0,False
2605,-0.8649999999999995,0.21850000000000003,8310790.166666667,False
2606,-0.71,0.21820000000000006,7795988.0,False
2607,-1.055,0.2179000000000001,5731707.5,False
2608,-1.37,0.21760000000000002,6984243.0,False
2609,-1.01,0.21730000000000005,6750731.2,False
2610,-0.8800000000000001,0.21700000000000008,8191521.9,False
2611,-1.27,0.21670000000000011,7549705.666666667,False
2612,-0.9650000000000001,0.21640000000000004,6982494.25,False
2613,-0.9549999999999998,0.21610000000000007,8092300.166666667,False
2614,-1.17,0.2158000000000001,9013026.5,False
2615,-0.345,0.21550000000000002,6689533.5,False
2616,-1.0800000000000003,0.21520000000000006,5909082.875,False
2617,-1.04,0.2149000000000001,6360694.333333333,False
2618,-1.54,0.21460000000000012,4976712.875,False
2619,-1.0750000000000002,0.21430000000000005,5962103.125,False
2620,-1.63,0.21400000000000008,6690537.75,False
2621,-0.6399999999999999,0.2137000000000001,7567347.285714285,False
2622,1.17,0.21340000000000003,6014499.0,False
2623,-1.44,0.21310000000000007,5934592.0,False
2624,-0.71,0.2128000000000001,6785163.25,False
2625,-2.165,0.21250000000000002,6795593.375,False
2626,-0.7699999999999996,0.21220000000000006,7409072.0,False
2627,-0.45999999999999974,0.2119000000000001,6289468.375,False
2628,-1.3499999999999999,0.21160000000000012,6706186.75,False
2629,-0.9449999999999998,0.21130000000000004,8472109.166666666,False
2630,-0.7649999999999999,0.21100000000000008,6590794.666666667,False
2631,-2.0949999999999998,0.2107000000000001,6237891.7,False
2632,0.33999999999999986,0.21040000000000003,7702425.75,False
2633,-1.6600000000000001,0.21010000000000006,6868047.333333333,False
2634,-0.7299999999999999,0.2098000000000001,7743187.75,False
2635,-1.3900000000000001,0.20950000000000002,8048540.75,False
2636,-0.625,0.20920000000000005,7074073.0,False
2637,-1.34,0.20890000000000009,6138494.5,False
2638,-1.3499999999999999,0.20860000000000012,8451056.833333334,False
2639,-1.195,0.20830000000000004,6226060.55,False
2640,-1.2599999999999998,0.20800000000000007,6896604.333333333,False
2641,-0.36999999999999966,0.2077000000000001,6399724.0,False
2642,-1.635,0.20740000000000003,7640210.0,False
2643,0.5550000000000006,0.20710000000000006,5345224.5,False
2644,-1.33,0.2068000000000001,5771868.0,False
2645,-0.7449999999999999,0.20650000000000002,6856268.666666667,False
2646,-0.525,0.20620000000000005,8257781.0,False
2647,-1.93,0.20590000000000008,5900914.0,False
2648,-1.23,0.20560000000000012,7004286.75,False
2649,-0.8549999999999999,0.20530000000000004,6757238.0,False
2650,-0.5399999999999998,0.20500000000000007,5699272.0,False
2651,-1.255,0.2047000000000001,7125494.666666667,False
2652,-1.23,0.20440000000000003,5874811.0,False
2653,-1.955,0.20410000000000006,6222236.166666667,False
2654,0.8100000000000014,0.2038000000000001,6632156.7,False
2655,-0.43000000000000005,0.20350000000000013,8391507.75,False
2656,-1.235,0.20320000000000005,5354294.25,False
2657,-1.645,0.20290000000000008,6191862.0,False
2658,-0.6449999999999998,0.2026000000000001,8923827.0,False
2659,-1.425,0.20230000000000004,5803365.5,False
2660,-0.25,0.20200000000000007,6852810.666666667,False
2661,-1.135,0.2017000000000001,6768876.0,False
2662,-1.725,0.20140000000000002,7139516.0,False
2663,0.27500000000000013,0.20110000000000006,6790839.25,False
2664,-2.395,0.2008000000000001,6537717.1,False
2665,-0.355,0.20050000000000012,6475170.166666667,False
2666,-0.4349999999999996,0.20020000000000004,6030687.0,False
2667,-1.055,0.19990000000000008,5311924.833333333,False
2668,-1.1549999999999998,0.1996000000000001,6486196.666666667,False
2669,-1.83,0.19930000000000003,7568283.5,False
2670,-0.13999999999999968,0.19900000000000007,5750185.75,False
2671,-1.745,0.1987000000000001,6420343.666666667,False
2672,-0.4349999999999996,0.19840000000000002,5182624.75,False
2673,-1.1,0.19810000000000005,6991937.8,False
2674,-0.3350000000000001,0.1978000000000001,9518474.5,False
2675,-1.9449999999999998,0.19750000000000012,7833710.0,False
2676,-0.5349999999999999,0.19720000000000004,5145769.5,False
2677,-1.585,0.19690000000000007,6728673.5,False
2678,0.05499999999999994,0.1966000000000001,7364961.25,False
2679,-2.45,0.19630000000000003,6408826.333333333,False
2680,-0.2699999999999998,0.19600000000000006,6782161.125,False
2681,-0.16500000000000004,0.1957000000000001,6380890.375,False
2682,-1.795,0.19540000000000002,6505397.6,False
2683,-0.41000000000000014,0.19510000000000005,6394783.35,False
2684,-1.6400000000000001,0.19480000000000008,6144713.0,False
2685,-0.6799999999999999,0.19450000000000012,7251595.75,False
2686,-1.09,0.19420000000000004,6046755.0,False
2687,-0.3650000000000002,0.19390000000000007,7630088.5,False
2688,-0.05999999999999983,0.1936000000000001,7549501.75,False
2689,0.04499999999999993,0.19330000000000003,6648718.833333333,False
2690,-2.245,0.19300000000000006,6393008.75,False
2691,-0.42999999999999994,0.1927000000000001,6646371.5,False
2692,-0.74,0.19240000000000002,6280535.75,False
2693,-2.565,0.19210000000000005,5039829.5,False
2694,-0.6449999999999996,0.19180000000000008,5162895.25,False
2695,-0.2549999999999999,0.19150000000000011,6601318.666666667,False
2696,-1.05,0.19120000000000004,7131488.333333333,False
2697,-1.34,0.19090000000000007,7094985.25,False
2698,-1.235,0.1906000000000001,8139827.5,False
2699,-1.455,0.19030000000000002,5236397.583333333,False
2700,-0.1649999999999998,0.19000000000000006,5865595.3125,False
2701,-0.8249999999999998,0.1897000000000001,4701366.0,False
2702,-1.93,0.18940000000000012,4999510.75,False
2703,-0.9449999999999998,0.18910000000000005,4885229.5,False
2704,-1.145,0.18880000000000008,5107070.25,False
2705,-1.035,0.1885000000000001,6318518.5,False
2706,-1.23,0.18820000000000003,4818731.625,False
2707,0.2500000000000002,0.18790000000000007,5212718.166666667,False
2708,-1.445,0.1876000000000001,5569688.0,False
2709,-1.2449999999999999,0.18730000000000002,6242489.833333333,False
2710,-1.5350000000000001,0.18700000000000006,6035059.5,False
2711,-0.16999999999999993,0.1867000000000001,6090190.916666667,False
2712,-1.635,0.18640000000000012,5617958.5,False
2713,-0.7599999999999999,0.18610000000000004,5915652.25,False
2714,-1.225,0.18580000000000008,5769331.0,False
2715,-1.63,0.1855000000000001,5665056.0,False
2716,-0.29500000000000004,0.18520000000000003,5803677.1,False
2717,-0.3350000000000001,0.18490000000000006,4910864.75,False
2718,-2.59,0.1846000000000001,5377456.5,False
2719,-0.1399999999999999,0.18430000000000002,6120021.5,False
2720,-0.54,0.18400000000000005,8097712.5,False
2721,-1.87,0.18370000000000009,5916293.375,False
2722,-1.645,0.18340000000000012,5048980.75,False
2723,0.355,0.18310000000000004,5721658.0,False
2724,-1.24,0.18280000000000007,4606136.25,False
2725,-2.2800000000000002,0.1825000000000001,6597744.0,False
2726,-0.7549999999999997,0.18220000000000003,5111866.833333333,False
2727,-0.875,0.18190000000000006,6588132.625,False
2728,-2.275,0.1816000000000001,6304811.375,False
2729,0.9600000000000002,0.18130000000000002,5582521.0,False
2730,-1.245,0.18100000000000005,4951526.0,False
2731,-1.665,0.18070000000000008,5520162.875,False
2732,-2.0700000000000003,0.18040000000000012,5317688.666666667,False
2733,0.05500000000000016,0.18010000000000004,5299825.666666667,False
2734,-1.4300000000000002,0.17980000000000007,5694685.75,False
2735,-1.045,0.1795000000000001,6765730.25,False
2736,-0.9349999999999998,0.17920000000000003,5014270.5,False
2737,0.1549999999999998,0.17890000000000006,6252567.5,False
2738,-2.2649999999999997,0.1786000000000001,5190220.166666667,False
2739,-1.0599999999999998,0.17830000000000013,6001154.5,False
2740,-0.13000000000000012,0.17800000000000005,5960330.25,False
2741,-1.655,0.17770000000000008,7432684.0,False
2742,-1.14,0.1774000000000001,5523749.5,False
2743,-1.53,0.17710000000000004,5117494.75,False
2744,0.2549999999999999,0.17680000000000007,5522367.5,False
2745,-2.13,0.1765000000000001,5682369.5,False
2746,-1.33,0.17620000000000002,4869519.0,False
2747,-0.02499999999999991,0.17590000000000006,5665584.285714285,False
2748,-1.0350000000000001,0.1756000000000001,4236736.0,False
2749,-1.435,0.17530000000000012,7005191.0,False
2750,-1.06,0.17500000000000004,5383738.666666667,False
2751,-0.83,0.17470000000000008,4332403.75,False
2752,-1.24,0.1744000000000001,6151221.5,False
2753,-1.135,0.17410000000000003,5269292.125,False
2754,-1.225,0.17380000000000007,6441288.5,False
2755,-0.63,0.1735000000000001,4911431.25,False
2756,-0.8399999999999999,0.17320000000000002,6336447.5,False
2757,-1.85,0.17290000000000005,5933598.666666667,False
2758,0.24,0.1726000000000001,5136827.125,False
2759,-0.635,0.17230000000000012,5216693.0,False
2760,-1.845,0.17200000000000004,5171488.75,False
2761,0.1499999999999999,0.17170000000000007,5100775.333333333,False
2762,-1.835,0.1714000000000001,6124506.25,False
2763,-0.7299999999999999,0.17110000000000003,4156820.75,False
2764,-1.645,0.17080000000000006,4755117.125,False
2765,-0.23999999999999977,0.1705000000000001,5344765.0,False
2766,0.3750000000000002,0.17020000000000002,3932347.0,False
2767,-1.8450000000000002,0.16990000000000005,4671090.333333333,False
2768,-1.1600000000000001,0.16960000000000008,6785863.166666667,False
2769,-1.04,0.16930000000000012,6791377.75,False
2770,-0.33499999999999996,0.16900000000000004,5144268.75,False
2771,-0.56,0.16870000000000007,4970202.5,False
2772,-1.33,0.1684000000000001,4690420.5,False
2773,-0.9550000000000001,0.16810000000000003,5720631.666666667,False
2774,-0.5349999999999997,0.16780000000000006,5350980.25,False
2775,-1.545,0.1675000000000001,4741982.083333333,False
2776,-0.41000000000000003,0.16720000000000013,5486455.0,False
2777,-1.1450000000000002,0.16690000000000005,7243330.0,False
2778,-1.54,0.16660000000000008,5329075.75,False
2779,-1.04,0.16630000000000011,5280181.666666667,False
2780,-1.15,0.16600000000000004,4955522.75,False
2781,-0.33499999999999974,0.16570000000000007,6914461.0,False
2782,-2.2350000000000003,0.1654000000000001,4259979.0,False
2783,-0.04499999999999993,0.16510000000000002,5367831.666666667,False
2784,-1.53,0.16480000000000006,4261967.125,False
2785,-1.13,0.1645000000000001,4347556.0,False
2786,-0.7299999999999999,0.16420000000000012,5627416.0,False
2787,-0.44500000000000006,0.16390000000000005,3996936.1666666665,False
2788,-1.8399999999999999,0.16360000000000008,5445753.25,False
2789,0.07000000000000006,0.1633000000000001,4483001.125,False
2790,-1.75,0.16300000000000003,4424639.5,False
2791,-1.24,0.16270000000000007,5026928.833333333,False
2792,-0.9299999999999999,0.1624000000000001,3557851.25,False
2793,-2.355,0.16210000000000002,5493030.833333333,False
2794,0.07000000000000028,0.16180000000000005,5317741.0,False
2795,-0.3550000000000001,0.1615000000000001,5737023.0,False
2796,-2.175,0.16120000000000012,4927165.5,False
2797,0.1399999999999999,0.16090000000000004,5045396.0,False
2798,-2.0700000000000003,0.16060000000000008,4103496.875,False
2799,-0.43000000000000005,0.1603000000000001,5040408.5,False
2800,-1.4700000000000002,0.16000000000000003,5786690.125,False
2801,-0.14000000000000012,0.15970000000000006,3606023.5,False
2802,-1.135,0.1594000000000001,5273930.5,False
2803,-2.25,0.15910000000000002,5638900.5,False
2804,0.16500000000000004,0.15880000000000005,4277325.75,False
2805,-1.47,0.15850000000000009,4654221.583333333,False
2806,-1.7650000000000001,0.15820000000000012,5133265.625,False
2807,-0.4299999999999997,0.15790000000000004,5515494.0,False
2808,-1.4500000000000002,0.15760000000000007,5044811.75,False
2809,-0.44499999999999995,0.1573000000000001,4989784.166666667,False
2810,-1.94,0.15700000000000003,5049295.75,False
2811,0.7650000000000001,0.15670000000000006,5676794.75,False
2812,-0.845,0.1564000000000001,4626293.333333333,False
2813,-1.235,0.15610000000000013,5127877.75,False
2814,-1.83,0.15580000000000005,5535958.5,False
2815,-0.43499999999999983,0.15550000000000008,4411774.375,False
2816,-1.6600000000000001,0.15520000000000012,5646136.166666667,False
2817,0.05499999999999994,0.15490000000000004,6364101.0,False
2818,-1.04,0.15460000000000007,4998306.333333333,False
2819,-1.08,0.1543000000000001,5959412.0,False
2820,-2.425,0.15400000000000003,6283849.0,False
2821,1.4750000000000005,0.15370000000000006,5264244.0,False
2822,-1.0350000000000001,0.1534000000000001,6837741.25,False
2823,-2.1399999999999997,0.15310000000000012,3558770.75,False
2824,-1.355,0.15280000000000005,5084433.833333333,False
2825,0.060000000000000275,0.15250000000000008,6582419.833333333,False
2826,-1.73,0.1522000000000001,4210568.0,False
2827,-1.335,0.15190000000000003,3611277.0,False
2828,-0.054999999999999716,0.15160000000000007,4355747.166666667,False
2829,-2.57,0.1513000000000001,4834855.5,False
2830,0.060000000000000275,0.15100000000000002,3801822.375,False
2831,-0.6349999999999999,0.15070000000000006,4270883.5,False
2832,-2.56,0.1504000000000001,5024551.777777778,False
2833,0.5550000000000002,0.15010000000000012,5275158.75,False
2834,-1.4500000000000002,0.14980000000000004,3491850.5833333335,False
2835,-1.135,0.14950000000000008,3855827.875,False
2836,-1.0450000000000002,0.1492000000000001,3789735.5,False
2837,-1.225,0.14890000000000003,4624767.0,False
2838,-1.655,0.14860000000000007,5394020.833333333,False
2839,-0.8299999999999998,0.1483000000000001,4798864.875,False
2840,0.030000000000000027,0.14800000000000002,4083904.4166666665,False
2841,-1.5950000000000002,0.14770000000000005,4796789.7,False
2842,-1.55,0.1474000000000001,5095675.833333333,False
2843,-1.0949999999999998,0.14710000000000012,5620385.9,False
2844,-0.7299999999999999,0.14680000000000004,4676662.25,False
2845,-0.64,0.14650000000000007,4681501.0,False
2846,-0.855,0.1462000000000001,5105470.416666667,False
2847,-1.645,0.14590000000000003,5063735.5,False
2848,0.16999999999999993,0.14560000000000006,4177132.625,False
2849,-1.34,0.1453000000000001,4674515.5,False
2850,0.04999999999999982,0.14500000000000013,5303102.0,False
2851,-2.135,0.14470000000000005,5750094.0,False
2852,-0.735,0.14440000000000008,5393852.0,False
2853,-0.43000000000000005,0.14410000000000012,5086735.0,False
2854,-2.13,0.14380000000000004,4637128.25,False
2855,-0.9299999999999999,0.14350000000000007,4319977.5,False
2856,-0.040000000000000036,0.1432000000000001,3299524.125,False
2857,-1.235,0.14290000000000003,4836486.25,False
2858,-1.245,0.14260000000000006,4480154.0,False
2859,-1.4300000000000002,0.1423000000000001,4286159.0,False
2860,-0.5349999999999999,0.14200000000000013,4023636.75,False
2861,-1.245,0.14170000000000005,4414150.166666667,False
2862,-0.83,0.14140000000000008,3279674.375,False
2863,-1.455,0.14110000000000011,4566806.0,False
2864,-0.8349999999999999,0.14080000000000004,4708913.0,False
2865,-0.8349999999999999,0.14050000000000007,3759938.5,False
2866,-1.355,0.1402000000000001,4083284.3333333335,False
2867,-1.035,0.13990000000000002,3990500.375,False
2868,-1.34,0.13960000000000006,4972335.125,False
2869,-1.3599999999999999,0.1393000000000001,3910294.0833333335,False
2870,-0.7499999999999999,0.13900000000000012,4089420.4166666665,False
2871,-1.235,0.13870000000000005,4481379.25,False
2872,-0.03499999999999992,0.13840000000000008,4008272.5,False
2873,-2.1399999999999997,0.1381000000000001,4372864.5,False
2874,-0.8349999999999999,0.13780000000000003,4538605.75,False
2875,-1.745,0.13750000000000007,5012684.333333333,False
2876,0.14500000000000024,0.1372000000000001,4093071.0,False
2877,-0.825,0.13690000000000002,3563834.25,False
2878,-1.135,0.13660000000000005,3800267.75,False
2879,-0.925,0.1363000000000001,3001186.25,False
2880,-1.5350000000000001,0.13600000000000012,4621412.125,False
2881,-1.23,0.13570000000000004,4096285.25,False
2882,-1.235,0.13540000000000008,3134659.25,False
2883,0.365,0.1351000000000001,4509097.75,False
2884,-2.365,0.13480000000000003,3797417.1875,False
2885,-0.1349999999999998,0.13450000000000006,4794292.0,False
2886,-0.45000000000000007,0.1342000000000001,3956759.75,False
2887,-1.03,0.13390000000000013,4661199.0,False
2888,-0.6150000000000001,0.13360000000000005,4265746.75,False
2889,-1.4700000000000002,0.13330000000000009,4254015.0,False
2890,-2.62,0.13300000000000012,4652417.892857143,False
2891,-0.04499999999999971,0.13270000000000004,4049656.625,False
2892,-0.7000000000000001,0.13240000000000007,4461716.15,False
2893,-0.3750000000000001,0.1321000000000001,4214811.25,False
2894,-2.565,0.13180000000000003,4480228.166666667,False
2895,-0.039999999999999813,0.13150000000000006,3852583.875,False
2896,-1.6400000000000001,0.1312000000000001,3230892.0,False
2897,-1.22,0.13090000000000013,3620326.8928571427,False
2898,-0.8699999999999999,0.13060000000000005,4166313.3333333335,False
2899,-0.5349999999999999,0.13030000000000008,3825017.125,False
2900,-1.48,0.13000000000000012,4349341.9,False
2901,-1.4500000000000002,0.12970000000000004,4003291.125,False
2902,-0.355,0.12940000000000007,4433856.75,False
2903,-1.08,0.1291000000000001,4771034.85,False
2904,-1.435,0.12880000000000003,3125523.75,False
2905,-0.735,0.12850000000000006,4350595.5,False
2906,-0.66,0.1282000000000001,3938926.3333333335,False
2907,-1.8399999999999999,0.12790000000000012,3351124.5,False
2908,-1.15,0.12760000000000005,4350653.0,False
2909,-0.6149999999999999,0.12730000000000008,2202540.0,False
2910,-1.4500000000000002,0.1270000000000001,4209362.75,False
2911,-0.43999999999999995,0.12670000000000003,4370162.25,False
2912,-1.71,0.12640000000000007,3663133.7083333335,False
2913,0.0,0.1261000000000001,5079806.35,False
2914,-1.835,0.12580000000000002,4459819.5,False
2915,-1.0399999999999998,0.12550000000000006,4220194.375,False
2916,-0.3350000000000001,0.1252000000000001,3763027.875,False
2917,-1.6,0.12490000000000012,4289150.3,False
2918,-1.4700000000000002,0.12460000000000004,4447276.375,False
2919,-0.5349999999999997,0.12430000000000008,2835574.25,False
2920,-1.995,0.12400000000000011,3352776.75,False
2921,-0.6299999999999999,0.12370000000000003,3601109.75,False
2922,-0.43000000000000005,0.12340000000000007,4318952.125,False
2923,-1.035,0.1231000000000001,3472692.5,False
2924,-0.905,0.12280000000000013,3377073.05,False
2925,-1.6400000000000001,0.12250000000000005,5120480.75,False
2926,-1.435,0.12220000000000009,3853543.25,False
2927,-1.5699999999999998,0.12190000000000012,3619104.125,False
2928,0.15500000000000003,0.12160000000000004,4110852.3333333335,False
2929,-1.165,0.12130000000000007,4318043.5,False
2930,-0.95,0.12100000000000011,3877256.75,False
2931,-1.9649999999999999,0.12070000000000003,4114746.6666666665,False
2932,-0.6449999999999996,0.12040000000000006,3906201.3333333335,False
2933,-0.2849999999999999,0.1201000000000001,4151093.875,False
2934,-1.665,0.11980000000000013,4143068.5,False
2935,-1.645,0.11950000000000005,4193937.0,False
2936,0.010000000000000009,0.11920000000000008,4287096.0,False
2937,-1.55,0.11890000000000012,4130878.5,False
2938,-1.645,0.11860000000000004,5352033.25,False
2939,-0.8849999999999996,0.11830000000000007,3649553.25,False
2940,-1.455,0.1180000000000001,3631926.0833333335,False
2941,-0.5349999999999997,0.11770000000000003,3865459.25,False
2942,-0.5649999999999997,0.11740000000000006,4504075.416666667,False
2943,-0.535,0.11710000000000009,5920309.25,False
2944,-1.73,0.11680000000000013,3679976.25,False
2945,-1.4649999999999999,0.11650000000000005,3777849.5,False
2946,0.3900000000000001,0.11620000000000008,0,False
2947,-1.4450000000000003,0.11590000000000011,4128866.3333333335,False
2948,-1.5350000000000001,0.11560000000000004,4031249.75,False
2949,-0.705,0.11530000000000007,4263175.55,False
2950,-1.7,0.1150000000000001,4006599.0416666665,False
2951,-0.7549999999999999,0.11470000000000002,4346578.666666667,False
2952,-2.0300000000000002,0.11440000000000006,3199710.5,False
2953,0.5700000000000001,0.11410000000000009,4026498.875,False
2954,-1.5950000000000002,0.11380000000000012,4217145.15,False
2955,-1.85,0.11350000000000005,3468363.1666666665,False
2956,0.18999999999999995,0.11320000000000008,3966237.6666666665,False
2957,-1.8050000000000002,0.11290000000000011,3740101.05,False
2958,-1.03,0.11260000000000003,3308591.0,False
2959,-1.435,0.11230000000000007,3672293.0,False
2960,-0.9949999999999998,0.1120000000000001,3442540.35,False
2961,-1.6600000000000001,0.11170000000000013,3277381.1666666665,False
2962,-0.5499999999999996,0.11140000000000005,4193968.25,False
2963,-1.265,0.11110000000000009,3916630.0833333335,False
2964,-0.6299999999999999,0.11080000000000012,3780166.875,False
2965,-0.8999999999999999,0.11050000000000004,4383860.45,False
2966,-1.435,0.11020000000000008,3466024.8214285714,False
2967,-0.63,0.10990000000000011,3484636.75,False
2968,-1.8850000000000002,0.10960000000000003,3771817.0,False
2969,-0.24499999999999988,0.10930000000000006,4288476.5,False
2970,-1.53,0.1090000000000001,3573911.75,False
2971,0.9150000000000009,0.10870000000000013,2783896.95,False
2972,-1.135,0.10840000000000005,3682764.125,False
2973,-0.7349999999999999,0.10810000000000008,5246196.0,False
2974,-0.47,0.10780000000000012,3493424.9375,False
2975,-1.0449999999999997,0.10750000000000004,3486887.6428571427,False
2976,-0.23499999999999988,0.10720000000000007,2948015.375,False
2977,-1.56,0.1069000000000001,2945729.625,False
2978,-0.76,0.10660000000000003,3813802.0,False
2979,-0.8299999999999998,0.10630000000000006,3985634.75,False
2980,-0.535,0.1060000000000001,3250142.75,False
2981,-1.73,0.10570000000000013,3261265.5,False
2982,-1.255,0.10540000000000005,3145097.0833333335,False
2983,-1.3350000000000002,0.10510000000000008,3221825.535714286,False
2984,-0.29499999999999993,0.10480000000000012,3693013.9166666665,False
2985,-0.5749999999999997,0.10450000000000004,3327880.9375,False
2986,-1.445,0.10420000000000007,3107325.4375,False
2987,-0.15000000000000013,0.1039000000000001,3884238.1666666665,False
2988,-1.0200000000000005,0.10360000000000003,3435649.5416666665,False
2989,-1.93,0.10330000000000006,4172546.375,False
2990,-0.935,0.10300000000000009,3130486.875,False
2991,-1.135,0.10270000000000012,4231640.5,False
2992,-1.34,0.10240000000000005,3091692.125,False
2993,-1.045,0.10210000000000008,3707583.0,False
2994,-0.82,0.10180000000000011,3446385.5416666665,False
2995,-0.5399999999999999,0.10150000000000003,3385293.125,False
2996,-1.0,0.10120000000000007,3261322.4,False
2997,-1.4600000000000002,0.1009000000000001,3531283.4444444445,False
2998,-1.055,0.10060000000000013,3792061.8333333335,False
2999,-0.61,0.10030000000000006,0,False
3000,-1.85,0.10000000000000009,2906792.0833333335,False
3001,-0.565,0.09970000000000012,3569168.0625,False
3002,-1.49,0.09940000000000004,3328549.625,False
3003,-0.9549999999999998,0.09910000000000008,3362423.1666666665,False
3004,-0.8299999999999998,0.09880000000000011,3419211.0,False
3005,-1.37,0.09850000000000003,2913679.375,False
3006,-0.22999999999999998,0.09820000000000007,3553445.0,False
3007,-1.745,0.0979000000000001,3831228.5,False
3008,-0.49,0.09760000000000013,3389036.45,False
3009,-0.8499999999999996,0.09730000000000005,3618253.25,False
3010,-0.6849999999999999,0.09700000000000009,3223313.25,False
3011,-1.0350000000000001,0.09670000000000012,4400676.75,False
3012,-1.225,0.09640000000000004,3585820.285714286,False
3013,-2.045,0.09610000000000007,3359537.9285714286,False
3014,0.2650000000000001,0.09580000000000011,3713278.0,False
3015,0.7749999999999999,0.09550000000000003,3581629.5,False
3016,-0.5750000000000001,0.09520000000000006,3272824.1875,False
3017,-2.035,0.0949000000000001,3023521.75,False
3018,-1.355,0.09460000000000013,3336381.6666666665,False
3019,-0.03499999999999992,0.09430000000000005,3346102.5,False
3020,-0.95,0.09400000000000008,3499773.75,False
3021,-1.475,0.09370000000000012,3796315.4375,False
3022,-1.5350000000000001,0.09340000000000004,3531633.75,False
3023,-1.165,0.09310000000000007,3469219.8125,False
3024,0.04499999999999993,0.0928000000000001,2824567.8333333335,False
3025,-1.2800000000000002,0.09250000000000003,3231716.6875,False
3026,-1.11,0.09220000000000006,2908699.0,False
3027,-1.34,0.09190000000000009,3552876.875,False
3028,-2.1550000000000002,0.09160000000000013,3456864.625,False
3029,-0.02499999999999969,0.09130000000000005,2553179.75,False
3030,-0.865,0.09100000000000008,3546862.1875,False
3031,-0.43500000000000005,0.09070000000000011,3354451.625,False
3032,-1.3500000000000003,0.09040000000000004,2884363.109375,False
3033,-0.93,0.09010000000000007,2848571.5,False
3034,-1.54,0.0898000000000001,3896865.0833333335,False
3035,-0.54,0.08950000000000014,2507066.75,False
3036,-2.1900000000000004,0.08920000000000006,3601801.85,False
3037,-0.7899999999999999,0.08890000000000009,3068765.25,False
3038,-1.255,0.08860000000000012,2662903.0833333335,False
3039,-1.33,0.08830000000000005,3024378.1428571427,False
3040,-0.62,0.08800000000000008,3799116.25,False
3041,-1.33,0.08770000000000011,2945927.5,False
3042,-2.255,0.08740000000000003,3372642.0,False
3043,0.3450000000000004,0.08710000000000007,3921251.1666666665,False
3044,-1.755,0.0868000000000001,3365239.25,False
3045,-0.9949999999999998,0.08650000000000013,2824743.25,False
3046,-0.3599999999999999,0.08620000000000005,3360452.75,False
3047,-0.2500000000000002,0.08590000000000009,3126845.2884615385,False
3048,-0.5700000000000001,0.08560000000000012,3244909.8125,False
3049,-0.875,0.08530000000000004,2999150.375,False
3050,-0.5500000000000002,0.08500000000000008,3033523.78125,False
3051,-1.73,0.08470000000000011,2675956.375,False
3052,-0.815,0.08440000000000003,2928468.0,False
3053,-1.24,0.08410000000000006,2730306.875,False
3054,-0.22499999999999998,0.0838000000000001,2943062.0,False
3055,-1.355,0.08350000000000013,3504740.3333333335,False
3056,-0.9650000000000001,0.08320000000000005,2766915.25,False
3057,-0.8700000000000001,0.08290000000000008,2616651.4375,False
3058,-1.25,0.08260000000000012,2996159.96875,False
3059,-0.45000000000000007,0.08230000000000004,2818626.25,False
3060,-2.16,0.08200000000000007,3231794.6875,False
3061,-0.745,0.0817000000000001,2707754.0,False
3062,0.8050000000000002,0.08140000000000003,3136160.272727273,False
3063,-0.7649999999999999,0.08110000000000006,3473155.9166666665,False
3064,-1.33,0.0808000000000001,2756602.125,False
3065,-1.74,0.08050000000000013,2259916.375,False
3066,-0.6399999999999997,0.08020000000000005,2074780.3125,False
3067,-0.7900000000000001,0.07990000000000008,3287652.05,False
3068,-1.36,0.07960000000000012,2487634.6666666665,False
3069,-1.545,0.07930000000000004,3025219.21875,False
3070,-1.0399999999999998,0.07900000000000007,3378803.5,False
3071,-0.65,0.0787000000000001,3038448.25,False
3072,-0.09000000000000008,0.07840000000000003,3392102.15,False
3073,-1.605,0.07810000000000006,2706911.1,False
3074,-0.03499999999999992,0.07780000000000009,2985040.625,False
3075,-1.5350000000000001,0.07750000000000012,2837986.5,False
3076,-2.365,0.07720000000000005,2794656.0625,False
3077,-0.05999999999999983,0.07690000000000008,2598270.0833333335,False
3078,-1.385,0.07660000000000011,3124751.2,False
3079,-0.3749999999999998,0.07630000000000003,3409171.75,False
3080,-0.85,0.07600000000000007,3006286.25,False
3081,-0.4850000000000001,0.0757000000000001,2854502.5,False
3082,-1.265,0.07540000000000013,3159290.1875,False
3083,-0.33999999999999964,0.07510000000000006,3741772.125,False
3084,-1.0700000000000003,0.07480000000000009,3129497.861111111,False
3085,-0.33999999999999986,0.07450000000000012,2651815.25,False
3086,-0.9600000000000001,0.07420000000000004,2988169.3333333335,False
3087,-0.73,0.07390000000000008,3401548.25,False
3088,-0.5449999999999999,0.07360000000000011,3649059.4166666665,False
3089,-1.145,0.07330000000000003,3376134.5,False
3090,-0.845,0.07300000000000006,3010765.5,False
3091,-1.4500000000000002,0.0727000000000001,3020964.0833333335,False
3092,-0.5599999999999999,0.07240000000000013,3529070.5833333335,False
3093,-1.955,0.07210000000000005,3064740.6666666665,False
3094,-0.7399999999999999,0.07180000000000009,2997715.125,False
3095,-0.6599999999999999,0.07150000000000012,3124747.8333333335,False
3096,-1.4500000000000002,0.07120000000000004,2744143.5,False
3097,-0.6449999999999999,0.07090000000000007,2621000.5,False
3098,0.16999999999999993,0.07060000000000011,2988197.5,False
3099,-1.245,0.07030000000000003,2047225.5,False
3100,-1.145,0.07000000000000006,3105521.0,False
3101,-0.5249999999999999,0.0697000000000001,2668798.0,False
3102,-1.1300000000000001,0.06940000000000013,3828033.875,False
3103,-1.04,0.06910000000000005,4197523.5,False
3104,-0.845,0.06880000000000008,3014714.0833333335,False
3105,-1.6,0.06850000000000012,2849297.95,False
3106,-1.045,0.06820000000000004,3043674.0,False
3107,-1.6600000000000001,0.06790000000000007,2771689.5625,False
3108,-0.8299999999999998,0.0676000000000001,3911905.25,False
3109,-0.9449999999999998,0.06730000000000003,2834772.75,False
3110,-0.42999999999999994,0.06700000000000006,2506504.625,False
3111,-1.445,0.06670000000000009,2944834.5,False
3112,-1.645,0.06640000000000013,2787167.75,False
3113,-0.13999999999999968,0.06610000000000005,2794695.0,False
3114,-0.95,0.06580000000000008,2464938.4583333335,False
3115,0.30999999999999983,0.06550000000000011,2725109.6,False
3116,-2.135,0.06520000000000004,3287377.25,False
3117,-0.1449999999999998,0.06490000000000007,2887306.25,False
3118,0.015000000000000124,0.0646000000000001,3441763.25,False
3119,-1.665,0.06430000000000013,3191611.5,False
3120,-0.9649999999999997,0.06400000000000006,2133123.1666666665,False
3121,-0.04499999999999971,0.06370000000000009,2448028.4166666665,False
3122,-1.6400000000000001,0.06340000000000012,3473079.125,False
3123,-0.24499999999999966,0.06310000000000004,2548907.1875,False
3124,-0.9599999999999997,0.06280000000000008,3156540.625,False
3125,-0.8449999999999999,0.06250000000000011,2533807.25,False
3126,-0.17500000000000004,0.06220000000000003,2880614.125,False
3127,-2.065,0.061900000000000066,2833313.875,False
3128,-1.0599999999999996,0.0616000000000001,3115657.5833333335,False
3129,-0.53,0.06130000000000013,3125885.375,False
3130,-1.7650000000000001,0.061000000000000054,3125787.9166666665,False
3131,-0.17499999999999982,0.06070000000000009,2432345.5,False
3132,-1.24,0.06040000000000012,2802219.25,False
3133,-0.9700000000000001,0.06010000000000004,3481787.3333333335,False
3134,-0.835,0.059800000000000075,2500655.0,False
3135,-2.255,0.05950000000000011,2463132.0,False
3136,-0.35999999999999965,0.05920000000000003,2960184.25,False
3137,-0.6299999999999999,0.05890000000000006,2954081.25,False
3138,-0.505,0.058600000000000096,2757761.0416666665,False
3139,-2.4000000000000004,0.05830000000000013,2280636.275,False
3140,0.04499999999999993,0.05800000000000005,2783876.6666666665,False
3141,-1.73,0.057700000000000085,2502538.625,False
3142,-0.20999999999999996,0.05740000000000012,2781529.75,False
3143,-1.8000000000000003,0.05710000000000004,2770543.725,False
3144,-1.74,0.05680000000000007,2780307.25,False
3145,-0.5499999999999999,0.056500000000000106,3188200.5833333335,False
3146,-0.2350000000000001,0.05620000000000003,2755895.625,False
3147,-2.05,0.05590000000000006,2986266.5,False
3148,0.16500000000000004,0.055600000000000094,2803862.375,False
3149,-2.55,0.05530000000000013,3033606.75,False
3150,0.34999999999999987,0.05500000000000005,2898623.25,False
3151,-2.545,0.05470000000000008,3286952.9166666665,False
3152,-0.595,0.054400000000000115,2581079.45,False
3153,-1.6400000000000001,0.05410000000000004,2635020.5,False
3154,-0.6599999999999999,0.05380000000000007,2419685.0,False
3155,-0.8799999999999999,0.0535000000000001,2470948.4375,False
3156,-0.645,0.053200000000000136,2793087.1666666665,False
3157,-1.44,0.05290000000000006,2588855.75,False
3158,-0.2450000000000001,0.05260000000000009,2898644.0833333335,False
3159,-2.4450000000000003,0.052300000000000124,2726619.25,False
3160,0.56,0.052000000000000046,2990009.1666666665,False
3161,-1.2550000000000001,0.05170000000000008,2467345.75,False
3162,-0.5349999999999999,0.05140000000000011,2363891.5,False
3163,-1.74,0.051100000000000034,2752409.75,False
3164,-0.029999999999999805,0.05080000000000007,2696857.125,False
3165,-1.855,0.0505000000000001,2593184.375,False
3166,-0.8549999999999999,0.05020000000000013,2733288.0833333335,False
3167,-1.665,0.049900000000000055,2221035.3333333335,False
3168,-0.1349999999999998,0.04960000000000009,2555146.75,False
3169,-1.24,0.04930000000000012,3009408.75,False
3170,-1.2449999999999999,0.049000000000000044,2623462.3333333335,False
3171,-1.345,0.04870000000000008,2970972.375,False
3172,-0.8549999999999999,0.04840000000000011,2414125.75,False
3173,-0.1299999999999999,0.04810000000000003,2517907.3125,False
3174,-1.975,0.047800000000000065,2510151.0625,False
3175,-0.23499999999999988,0.0475000000000001,2215530.0625,False
3176,-1.775,0.04720000000000013,2207664.125,False
3177,-1.235,0.04690000000000005,2702783.0,False
3178,-1.6600000000000001,0.046600000000000086,2618636.75,False
3179,-0.33999999999999964,0.04630000000000012,2233996.5416666665,False
3180,-0.43999999999999995,0.04600000000000004,2593756.875,False
3181,-1.74,0.045700000000000074,3240758.25,False
3182,-0.9299999999999999,0.04540000000000011,2516331.75,False
3183,-0.31999999999999995,0.04510000000000003,2370125.0,False
3184,-1.235,0.04480000000000006,1966126.5,False
3185,-0.7399999999999998,0.044500000000000095,2579834.65625,False
3186,-0.5399999999999999,0.04420000000000013,2309647.25,False
3187,-0.9349999999999998,0.04390000000000005,2327126.25,False
3188,-0.735,0.04360000000000008,2675940.0,False
3189,-1.1300000000000001,0.043300000000000116,2476159.535714286,False
3190,-2.16,0.04300000000000004,2220372.875,False
3191,-0.34499999999999975,0.04270000000000007,2246330.875,False
3192,-0.64,0.042400000000000104,2640454.5833333335,False
3193,-1.755,0.04210000000000014,2416065.25,False
3194,-1.2449999999999999,0.04180000000000006,2216264.75,False
3195,0.14500000000000002,0.04150000000000009,2618494.5,False
3196,-2.335,0.041200000000000125,2713399.125,False
3197,0.24,0.04090000000000005,2986182.8333333335,False
3198,-1.63,0.04060000000000008,2304586.25,False
3199,-0.9650000000000001,0.040300000000000114,2171404.46875,False
3200,-1.825,0.040000000000000036,2407583.5,False
3201,-0.13,0.03970000000000007,2294448.3125,False
3202,0.15999999999999992,0.0394000000000001,2506808.75,False
3203,-2.1399999999999997,0.039100000000000135,2732157.1666666665,False
3204,-0.875,0.03880000000000006,2499251.597222222,False
3205,-0.74,0.03850000000000009,2423371.0,False
3206,-1.0050000000000001,0.03820000000000012,2577554.4,False
3207,-1.93,0.037900000000000045,2715068.875,False
3208,-0.2599999999999998,0.03760000000000008,2554274.25,False
3209,-0.2300000000000001,0.03730000000000011,2278352.0625,False
3210,-2.055,0.03700000000000003,2185650.0833333335,False
3211,-1.155,0.036700000000000066,3172197.5833333335,False
3212,-1.165,0.0364000000000001,2177852.40625,False
3213,0.07000000000000028,0.03610000000000013,2150681.0625,False
3214,-0.44000000000000006,0.035800000000000054,2289530.375,False
3215,-0.73,0.03550000000000009,2356035.25,False
3216,-1.645,0.03520000000000012,2534443.625,False
3217,-1.1400000000000001,0.03490000000000004,2580226.0,False
3218,-2.3499999999999996,0.034600000000000075,2295264.2083333335,False
3219,0.33500000000000063,0.03430000000000011,2016013.75,False
3220,-1.725,0.03400000000000003,1757066.5,False
3221,-0.8449999999999999,0.03370000000000006,2408663.4166666665,False
3222,-0.8599999999999999,0.033400000000000096,2857946.3333333335,False
3223,-1.23,0.03310000000000013,2375576.375,False
3224,-1.135,0.03280000000000005,2332225.25,False
3225,-0.5399999999999996,0.032500000000000084,2832376.0,False
3226,-1.545,0.03220000000000012,2362293.125,False
3227,-0.07500000000000029,0.03190000000000004,2099534.7916666665,False
3228,-1.55,0.03160000000000007,2744655.8333333335,False
3229,-0.56,0.031300000000000106,2207198.625,False
3230,-2.6799999999999997,0.03100000000000014,1939542.05,False
3231,0.12500000000000022,0.03070000000000006,2403644.84375,False
3232,-1.4200000000000004,0.030400000000000094,2214764.715909091,False
3233,-0.5950000000000001,0.030100000000000127,2627300.7,False
3234,-1.4500000000000002,0.02980000000000005,2208357.3333333335,False
3235,-1.5350000000000001,0.02950000000000008,2486621.625,False
3236,-0.5449999999999999,0.029200000000000115,2315095.5,False
3237,-0.84,0.028900000000000037,2684569.25,False
3238,-1.27,0.02860000000000007,1958135.125,False
3239,-0.845,0.028300000000000103,2043590.0416666667,False
3240,-2.035,0.028000000000000136,2347472.6785714286,False
3241,-0.2649999999999997,0.027700000000000058,2271434.5833333335,False
3242,-1.04,0.02740000000000009,1541661.3125,False
3243,-0.935,0.027100000000000124,2399503.75,False
3244,-1.945,0.026800000000000046,2219133.890625,False
3245,-0.7249999999999999,0.02650000000000008,1416724.5,False
3246,-0.6349999999999999,0.026200000000000112,2267249.75,False
3247,0.04499999999999993,0.025900000000000034,2200161.9375,False
3248,-1.2650000000000001,0.025600000000000067,2338651.296875,False
3249,-1.8250000000000002,0.0253000000000001,2283046.089285714,False
3250,-0.15000000000000013,0.025000000000000133,2254567.5,False
3251,-1.935,0.024700000000000055,2281833.125,False
3252,-0.6349999999999999,0.02440000000000009,2364489.25,False
3253,-0.15000000000000013,0.02410000000000012,2220010.5833333335,False
3254,-1.875,0.023800000000000043,2256429.0625,False
3255,-1.5550000000000002,0.023500000000000076,2132374.6666666665,False
3256,-0.9449999999999998,0.02320000000000011,2036240.375,False
3257,-0.2350000000000001,0.02290000000000003,2487236.035714286,False
3258,-0.75,0.022600000000000064,2496036.25,False
3259,-0.5400000000000001,0.022300000000000098,2507353.0,False
3260,-1.035,0.02200000000000013,1732424.625,False
3261,-1.26,0.021700000000000053,1957901.75,False
3262,-1.63,0.021400000000000086,1588597.875,False
3263,0.365,0.02110000000000012,2076339.625,False
3264,-1.735,0.02080000000000004,2122980.25,False
3265,-1.04,0.020500000000000074,1742079.75,False
3266,-1.845,0.020200000000000107,2584916.4166666665,False
3267,0.08000000000000007,0.01990000000000014,2053905.8541666667,False
3268,-0.42000000000000004,0.019600000000000062,2247805.3125,False
3269,-1.5550000000000002,0.019300000000000095,2074932.25,False
3270,-0.4299999999999997,0.019000000000000128,1837926.1875,False
3271,-1.8250000000000002,0.01870000000000005,2163062.5,False
3272,-0.3550000000000001,0.018400000000000083,2226963.9583333335,False
3273,-1.44,0.018100000000000116,2157709.875,False
3274,-1.4000000000000001,0.017800000000000038,1956990.05,False
3275,-0.3450000000000001,0.01750000000000007,2637212.25,False
3276,-1.635,0.017200000000000104,2094625.75,False
3277,-1.85,0.016900000000000137,1817494.9375,False
3278,0.7550000000000001,0.01660000000000006,2348554.8333333335,False
3279,-1.725,0.016300000000000092,2100791.4375,False
3280,-0.8950000000000002,0.016000000000000125,2170745.7045454546,False
3281,-0.965,0.015700000000000047,2343919.25,False
3282,-1.135,0.01540000000000008,1936878.0625,False
3283,-1.545,0.015100000000000113,1782766.125,False
3284,-0.49,0.014800000000000035,1670920.21875,False
3285,-1.455,0.014500000000000068,1913506.6666666667,False
3286,-0.7499999999999999,0.014200000000000101,1900514.625,False
3287,-0.7449999999999999,0.013900000000000134,2340648.5833333335,False
3288,-1.24,0.013600000000000056,2036180.9375,False
3289,-0.22999999999999998,0.01330000000000009,2331595.5,False
3290,-1.1600000000000004,0.013000000000000123,1996189.046875,False
3291,-1.5350000000000001,0.012700000000000045,2512085.125,False
3292,-0.74,0.012400000000000078,2247535.25,False
3293,-0.76,0.01210000000000011,2267844.8333333335,False
3294,-2.0250000000000004,0.011800000000000033,2092684.5,False
3295,-0.1050000000000002,0.011500000000000066,2171249.6,False
3296,-1.97,0.011200000000000099,2114406.0,False
3297,-0.94,0.010900000000000132,1809373.5,False
3298,-0.83,0.010600000000000054,1610461.375,False
3299,-1.2850000000000001,0.010300000000000087,1901700.625,False
3300,-1.2650000000000001,0.01000000000000012,1763157.5,False
3301,-0.895,0.01,1785292.35,False
3302,-1.455,0.01,2131356.0833333335,False
3303,-1.1249999999999996,0.01,2113918.3214285714,False
3304,-1.4149999999999998,0.01,1737905.5208333333,False
3305,-0.7299999999999999,0.01,2109641.75,False
3306,-0.0050000000000001155,0.01,2223772.2083333335,False
3307,-1.94,0.01,1856344.875,False
3308,-1.145,0.01,1987963.625,False
3309,-0.6449999999999999,0.01,2004631.9375,False
3310,-2.29,0.01,2285812.4,False
3311,0.3850000000000007,0.01,1755902.1041666667,False
3312,-0.7399999999999999,0.01,1783227.9375,False
3313,-0.9000000000000001,0.01,1682496.4791666667,False
3314,0.5749999999999997,0.01,1851560.1875,False
3315,-1.4150000000000003,0.01,2095423.1875,False
3316,-2.0300000000000002,0.01,1481401.8125,False
3317,-0.24,0.01,1861140.625,False
3318,-0.5400000000000003,0.01,1695026.171875,False
3319,-2.205,0.01,1887328.4125,False
3320,0.32499999999999973,0.01,2197149.90625,False
3321,-1.185,0.01,1988814.375,False
3322,-0.925,0.01,2147148.4166666665,False
3323,-0.875,0.01,1946941.3125,False
3324,-2.2350000000000003,0.01,2184454.0625,False
3325,-1.1949999999999998,0.01,1958265.3,False
3326,-1.16,0.01,1845758.5625,False
3327,0.3500000000000001,0.01,1794987.375,False
3328,-0.8600000000000001,0.01,1608648.0,False
3329,-2.335,0.01,1742833.3125,False
3330,-0.7650000000000001,0.01,1788477.3194444445,False
3331,-1.235,0.01,1469926.5,False
3332,-1.9049999999999998,0.01,1766789.3541666667,False
3333,-0.6649999999999996,0.01,2077048.9166666667,False
3334,-1.045,0.01,1784270.0833333333,False
3335,0.8600000000000008,0.01,1809491.75,False
3336,-0.84,0.01,1771825.875,False
3337,-1.4300000000000002,0.01,2093468.25,False
3338,-0.57,0.01,1708671.0625,False
3339,-1.445,0.01,1570766.25,False
3340,-0.19500000000000017,0.01,1625273.15,False
3341,-1.745,0.01,1527697.1666666667,False
3342,0.2200000000000002,0.01,1743681.78125,False
3343,-1.9700000000000002,0.01,1506360.8125,False
3344,-1.3599999999999999,0.01,1428732.1666666667,False
3345,-0.24,0.01,1770925.125,False
3346,-0.9349999999999998,0.01,1336753.3125,False
3347,-0.30499999999999994,0.01,0,False
3348,-0.765,0.01,1547223.0,False
3349,-1.33,0.01,1465494.25,False
3350,-0.925,0.01,1737314.875,False
3351,-2.075,0.01,1796684.21875,False
3352,0.035000000000000364,0.01,1734473.40625,False
3353,-1.065,0.01,2178047.2083333335,False
3354,-1.25,0.01,1762104.9583333333,False
3355,-1.34,0.01,1657900.75,False
3356,-1.44,0.01,1577985.375,False
3357,-0.12499999999999978,0.01,1761408.4107142857,False
3358,-1.345,0.01,1843172.0625,False
3359,-1.97,0.01,1568057.5625,False
3360,-0.6349999999999999,0.01,1939659.1875,False
3361,-0.7399999999999999,0.01,1891660.1875,False
3362,-1.0699999999999998,0.01,1605943.21875,False
3363,-1.435,0.01,1526386.8125,False
3364,-0.2749999999999999,0.01,1632430.96875,False
3365,-1.335,0.01,1685225.8125,False
3366,-0.43499999999999994,0.01,1407557.125,False
3367,-0.75,0.01,1473353.2916666667,False
3368,-1.94,0.01,1489730.5,False
3369,-0.63,0.01,1788875.75,False
3370,-1.425,0.01,1474394.75,False
3371,-0.8799999999999999,0.01,1770862.875,False
3372,-1.44,0.01,1813138.375,False
3373,0.06499999999999995,0.01,1595665.8125,False
3374,-1.8399999999999999,0.01,1650969.6875,False
3375,-0.8349999999999999,0.01,1514322.875,False
3376,-1.0200000000000002,0.01,1705658.8333333333,False
3377,-0.28000000000000014,0.01,1603510.3,False
3378,-0.765,0.01,1492659.09375,False
3379,0.3700000000000001,0.01,1646676.5625,False
3380,-0.43499999999999983,0.01,1743313.75,False
3381,-1.365,0.01,1495927.2083333333,False
3382,0.6699999999999999,0.01,1516249.1875,False
3383,-2.06,0.01,1492671.375,False
3384,-0.9299999999999999,0.01,1843169.0625,False
3385,-0.14500000000000013,0.01,1564674.2916666667,False
3386,-1.435,0.01,1942961.4375,False
3387,-0.6950000000000001,0.01,1589010.125,False
3388,-1.7350000000000003,0.01,1644690.0535714286,False
3389,-1.135,0.01,1407397.8125,False
3390,-2.0250000000000004,0.01,1424049.5208333333,False
3391,0.375,0.01,1915426.5,False
3392,-1.0850000000000004,0.01,1536202.1805555555,False
3393,-1.565,0.01,1817424.4375,False
3394,0.050000000000000266,0.01,1052484.3125,False
3395,-0.9450000000000001,0.01,1543779.5,False
3396,-1.6600000000000001,0.01,1725952.125,False
3397,-1.195,0.01,1473571.3375,False
3398,-0.5249999999999999,0.01,1441422.25,False
3399,-1.68,0.01,1405769.0,False
3400,-0.025000000000000022,0.01,1828107.375,False
3401,-1.96,0.01,1499465.3333333333,False
3402,-0.855,0.01,1220490.4166666667,False
3403,-0.535,0.01,1705264.1875,False
3404,-0.9100000000000001,0.01,1519717.7916666667,False
3405,-0.9300000000000002,0.01,1729937.5535714286,False
3406,-1.0399999999999998,0.01,1428139.5625,False
3407,-0.6399999999999999,0.01,1553568.25,False
3408,-1.2650000000000001,0.01,1805723.21875,False
3409,-0.875,0.01,1582472.9444444445,False
3410,-1.14,0.01,1722244.0,False
3411,-0.855,0.01,1572668.3984375,False
3412,-0.575,0.01,1616992.5,False
3413,-0.94,0.01,1612590.9464285714,False
3414,-1.645,0.01,1783452.2916666667,False
3415,-0.865,0.01,1422531.5,False
3416,-0.7899999999999998,0.01,1501379.275,False
3417,-0.745,0.01,1271968.2083333333,False
3418,-1.44,0.01,1476028.0,False
3419,-0.8349999999999999,0.01,1471229.0625,False
3420,-1.5699999999999998,0.01,1604358.75,False
3421,-0.6550000000000002,0.01,1395453.015625,False
3422,-1.74,0.01,1342530.8125,False
3423,-0.1100000000000001,0.01,1372946.0,False
3424,-0.9550000000000001,0.01,1518071.8333333333,False
3425,-1.4400000000000002,0.01,1492385.1875,False
3426,-1.3050000000000002,0.01,1187986.4375,False
3427,0.37000000000000033,0.01,1548026.5,False
3428,-1.435,0.01,1219246.75,False
3429,0.21500000000000008,0.01,1224163.9,False
3430,-2.085,0.01,1324089.125,False
3431,-0.4549999999999996,0.01,1519083.375,False
3432,-0.41000000000000003,0.01,0,False
3433,-1.9700000000000002,0.01,1421851.28125,False
3434,-0.5299999999999999,0.01,1162140.6875,False
3435,-0.875,0.01,1479577.75,False
3436,-1.73,0.01,1525989.0,False
3437,-0.635,0.01,1452229.9375,False
3438,-0.7850000000000001,0.01,1360587.9444444445,False
3439,-1.125,0.01,1339092.75,False
3440,-1.4500000000000002,0.01,1511956.8125,False
3441,-1.55,0.01,1440968.0208333333,False
3442,-0.21499999999999997,0.01,1119898.625,False
3443,-1.03,0.01,1336230.625,False
3444,-1.63,0.01,1294892.25,False
3445,0.050000000000000044,0.01,1308075.03125,False
3446,-1.8399999999999999,0.01,1630445.875,False
3447,-1.2449999999999999,0.01,1337550.9375,False
3448,-1.24,0.01,1331012.4375,False
3449,-0.08500000000000041,0.01,1266503.2791666666,False
3450,-1.8900000000000001,0.01,1417975.325,False
3451,-1.3599999999999999,0.01,1628053.9583333333,False
3452,-0.9650000000000001,0.01,1439501.4583333333,False
3453,-0.2400000000000001,0.01,1324702.9166666667,False
3454,-2.245,0.01,1427075.75,False
3455,-0.040000000000000036,0.01,1288150.7589285714,False
3456,-2.015,0.01,1349067.75,False
3457,-1.145,0.01,1331764.0,False
3458,-0.8649999999999999,0.01,1291693.2708333333,False
3459,-0.8049999999999999,0.01,1364250.0,False
3460,-0.44500000000000006,0.01,1209791.4375,False
3461,-1.04,0.01,1495226.5833333333,False
3462,-2.12,0.01,1288062.2083333333,False
3463,-0.8399999999999999,0.01,1392405.25,False
3464,-1.2449999999999999,0.01,1112826.5,False
3465,-0.24499999999999988,0.01,1527503.0,False
3466,-1.1300000000000001,0.01,1226070.46875,False
3467,-1.825,0.01,1575144.625,False
3468,-0.2549999999999999,0.01,1023124.25,False
3469,-1.1400000000000001,0.01,1264729.7083333333,False
3470,-2.035,0.01,1519449.5,False
3471,-0.04999999999999982,0.01,1260936.7142857143,False
3472,-0.64,0.01,1340339.0833333333,False
3473,-2.04,0.01,1412765.1160714286,False
3474,-0.535,0.01,1274650.6875,False
3475,-2.0700000000000003,0.01,1307217.21875,False
3476,-0.5399999999999996,0.01,1216466.0625,False
3477,-1.355,0.01,1067969.2708333333,False
3478,0.08500000000000019,0.01,1252380.5,False
3479,-1.435,0.01,1349007.4375,False
3480,-1.75,0.01,1300486.6666666667,False
3481,-0.010000000000000009,0.01,1294476.4791666667,False
3482,-1.3849999999999998,0.01,1164109.09375,False
3483,-0.03499999999999992,0.01,1336156.75,False
3484,-1.755,0.01,1169491.1041666667,False
3485,-0.6599999999999999,0.01,1258888.7916666667,False
3486,-1.55,0.01,1744084.0833333333,False
3487,-1.33,0.01,1428650.875,False
3488,-0.4399999999999997,0.01,1310157.8125,False
3489,-1.13,0.01,1265384.4375,False
3490,-0.8200000000000001,0.01,1145930.1979166667,False
3491,-0.3350000000000001,0.01,1217733.4375,False
3492,-1.7800000000000002,0.01,1213107.25,False
3493,-0.9150000000000001,0.01,1267128.0625,False
3494,-1.77,0.01,1176568.625,False
3495,-0.7299999999999999,0.01,1031034.6875,False
3496,-0.33999999999999986,0.01,1689557.3125,False
3497,-1.065,0.01,1269351.5625,False
3498,-1.635,0.01,1294494.5625,False
3499,-0.845,0.01,1078703.0625,False
3500,-0.645,0.01,1248009.8333333333,False
3501,-2.55,0.01,1239813.3125,False
3502,0.45999999999999996,0.01,1557159.25,False
3503,-1.9500000000000002,0.01,1168791.8125,False
3504,-0.6399999999999999,0.01,1135735.125,False
3505,-1.135,0.01,1059825.1875,False
3506,-1.54,0.01,1360334.125,False
3507,0.07000000000000006,0.01,1157955.5,False
3508,-2.15,0.01,1269329.0,False
3509,-1.24,0.01,1327811.0625,False
3510,0.2650000000000001,0.01,999947.9375,False
3511,-2.035,0.01,1350404.9375,False
3512,-1.71,0.01,1250459.175,False
3513,0.27000000000000024,0.01,970722.0625,False
3514,-1.83,0.01,1161729.84375,False
3515,-0.6399999999999999,0.01,1407679.75,False
3516,-1.235,0.01,1436426.625,False
3517,-0.69,0.01,1186788.525,False
3518,-2.285,0.01,1116984.796875,False
3519,-0.4449999999999996,0.01,1384451.3541666667,False
3520,-0.24499999999999966,0.01,1148348.59375,False
3521,-0.845,0.01,1083208.9791666667,False
3522,-2.16,0.01,1381163.9583333333,False
3523,0.1050000000000002,0.01,1227529.15,False
3524,-1.85,0.01,1513738.6666666667,False
3525,-0.58,0.01,1324108.59375,False
3526,-1.245,0.01,1169155.0625,False
3527,-1.63,0.01,1054113.25,False
3528,-0.44499999999999995,0.01,1200895.6458333333,False
3529,-0.53,0.01,1120452.1875,False
3530,-1.53,0.01,1274117.75,False
3531,-1.03,0.01,1462475.1875,False
3532,-1.5150000000000001,0.01,1319647.0,False
3533,-0.3350000000000001,0.01,1185181.875,False
3534,-0.45500000000000007,0.01,1154679.375,False
3535,-1.3250000000000002,0.01,1012394.0,False
3536,-1.0150000000000001,0.01,1441300.5,False
3537,-1.7500000000000002,0.01,1158423.5885416667,False
3538,-1.4300000000000002,0.01,1197389.1785714286,False
3539,-1.23,0.01,1206352.1875,False
3540,0.16500000000000004,0.01,1173462.955357143,False
3541,-0.94,0.01,1257044.3125,False
3542,-1.5550000000000002,0.01,1134677.7708333333,False
3543,0.050000000000000044,0.01,1377722.125,False
3544,-1.95,0.01,1116606.5208333333,False
3545,-0.9300000000000002,0.01,1044213.5803571428,False
3546,-1.265,0.01,1243750.9166666667,False
3547,-0.7449999999999999,0.01,1225618.7083333333,False
3548,-0.54,0.01,1156231.125,False
3549,-1.73,0.01,1226202.125,False
3550,-1.04,0.01,1142720.8125,False
3551,-1.035,0.01,1133260.4375,False
3552,-0.765,0.01,1464533.875,False
3553,-0.9450000000000001,0.01,1100001.3541666667,False
3554,-1.4500000000000002,0.01,1139733.4583333333,False
3555,-1.55,0.01,1302652.0,False
3556,-1.135,0.01,1081132.125,False
3557,-0.265,0.01,1305101.5,False
3558,-1.335,0.01,970279.9375,False
3559,-0.5299999999999999,0.01,1035213.5,False
3560,-0.75,0.01,1198054.5625,False
3561,-0.53,0.01,921635.65625,False
3562,-1.635,0.01,1115203.0,False
3563,-0.7549999999999997,0.01,1138768.9375,False
3564,-1.395,0.01,1087342.6125,False
3565,-0.7149999999999999,0.01,1078278.6079545454,False
3566,-0.2400000000000001,0.01,1002230.0,False
3567,-2.495,0.01,1226832.725,False
3568,0.15500000000000025,0.01,1286548.25,False
3569,-0.30500000000000016,0.01,1045763.90625,False
3570,-1.7650000000000001,0.01,1194247.5416666667,False
3571,-0.5449999999999999,0.01,998656.5416666666,False
3572,-1.08,0.01,1177561.578125,False
3573,-1.545,0.01,1217884.2916666667,False
3574,-0.7599999999999999,0.01,1200893.7083333333,False
3575,-0.855,0.01,1017434.0208333334,False
3576,-1.73,0.01,1272186.0625,False
3577,-0.3749999999999998,0.01,1053996.109375,False
3578,-1.4749999999999999,0.01,1085457.34375,False
3579,-1.33,0.01,1200078.5,False
3580,-1.145,0.01,1090516.3958333333,False
3581,-0.5299999999999999,0.01,772360.8125,False
3582,-0.33000000000000007,0.01,869633.875,False
3583,-0.965,0.01,1008083.6875,False
3584,-0.9450000000000001,0.01,1087482.4166666667,False
3585,-0.1150000000000001,0.01,1027527.9166666666,False
3586,-1.1300000000000001,0.01,1116615.75,False
3587,-1.5100000000000002,0.01,1150759.3958333333,False
3588,-0.94,0.01,1223109.0,False
3589,-1.7850000000000001,0.01,1106003.1625,False
3590,-1.25,0.01,986585.7578125,False
3591,-0.7299999999999999,0.01,1226922.75,False
3592,-0.45000000000000007,0.01,1150617.5833333333,False
3593,-1.0450000000000002,0.01,954222.25,False
3594,-0.7549999999999999,0.01,817079.2708333334,False
3595,-0.6249999999999999,0.01,1262883.0,False
3596,-2.67,0.01,1039385.609375,False
3597,-0.1349999999999998,0.01,1183101.8125,False
3598,-0.7399999999999999,0.01,978389.5625,False
3599,-0.3350000000000001,0.01,959580.8571428572,False
3600,-2.2649999999999997,0.01,1028941.375,False
3601,-0.46999999999999975,0.01,1001980.96875,False
3602,-0.9349999999999998,0.01,1009741.375,False
3603,-1.04,0.01,883871.78125,False
3604,-0.6200000000000001,0.01,973300.8541666666,False
3605,-0.5850000000000001,0.01,950802.7625,False
3606,-2.01,0.01,1089564.9583333333,False
3607,-0.7299999999999999,0.01,1147852.125,False
3608,-0.125,0.01,1063874.625,False
3609,-2.2300000000000004,0.01,932636.96875,False
3610,-1.025,0.01,1183494.375,False
3611,-0.49499999999999966,0.01,921445.3,False
3612,-0.9450000000000001,0.01,920351.0625,False
3613,-0.9100000000000001,0.01,1000810.25,False
3614,-1.89,0.01,991484.85,False
3615,-0.975,0.01,1071541.2222222222,False
3616,-1.2449999999999999,0.01,1243858.4166666667,False
3617,-0.8149999999999997,0.01,937326.375,False
3618,-1.0399999999999998,0.01,847336.4375,False
3619,0.1299999999999999,0.01,1071338.03125,False
3620,-2.13,0.01,1367321.0,False
3621,-1.4100000000000001,0.01,974792.8806818182,False
3622,-0.62,0.01,1035381.25,False
3623,-1.165,0.01,909497.21875,False
3624,-0.45000000000000007,0.01,1068215.125,False
3625,-0.7300000000000001,0.01,1045778.0,False
3626,-0.6349999999999999,0.01,1059779.0625,False
3627,-1.46,0.01,1073488.1458333333,False
3628,-0.3400000000000001,0.01,1277193.6875,False
3629,-1.73,0.01,955121.5625,False
3630,-0.3350000000000001,0.01,827816.59375,False
3631,-1.33,0.01,1094081.75,False
3632,-1.135,0.01,960369.2767857143,False
3633,-1.4500000000000002,0.01,810691.59375,False
3634,-1.1400000000000001,0.01,763647.2708333334,False
3635,-1.05,0.01,1017726.84375,False
3636,-0.34999999999999987,0.01,894741.4791666666,False
3637,-2.065,0.01,891891.921875,False
3638,-0.07499999999999996,0.01,797619.390625,False
3639,-1.26,0.01,957215.2916666666,False
3640,-1.235,0.01,1096687.25,False
3641,-1.145,0.01,908742.8928571428,False
3642,-1.25,0.01,945471.4583333334,False
3643,-1.04,0.01,1036524.03125,False
3644,-0.23999999999999977,0.01,923732.2083333334,False
3645,-0.6449999999999996,0.01,910137.4375,False
3646,-1.74,0.01,816822.375,False
3647,-0.6349999999999999,0.01,1002128.09375,False
3648,-0.18500000000000016,0.01,1118853.8125,False
3649,-2.0549999999999997,0.01,914918.0625,False
3650,-0.95,0.01,987397.8333333334,False
3651,-1.18,0.01,1032447.375,False
3652,-1.3900000000000001,0.01,917146.3125,False
3653,-0.545,0.01,901902.5,False
3654,-0.935,0.01,944773.53125,False
3655,-0.5599999999999999,0.01,917182.75,False
3656,-1.1600000000000001,0.01,838173.375,False
3657,-0.94,0.01,821551.75,False
3658,-0.6299999999999999,0.01,928061.5,False
3659,-0.5449999999999999,0.01,746158.2083333334,False
3660,-0.9050000000000001,0.01,817042.7875,False
3661,-1.435,0.01,952568.375,False
3662,-0.7650000000000002,0.01,922697.25,False
3663,-0.1499999999999997,0.01,882239.625,False
3664,-0.56,0.01,1050777.9375,False
3665,-1.34,0.01,841329.75,False
3666,-1.245,0.01,932556.5,False
3667,-0.7850000000000001,0.01,926765.8333333334,False
3668,-0.2300000000000001,0.01,878236.09375,False
3669,-1.83,0.01,707711.625,False
3670,-1.095,0.01,968860.725,False
3671,0.030000000000000693,0.01,756134.21875,False
3672,-0.3400000000000001,0.01,844870.71875,False
3673,-1.0350000000000001,0.01,856050.5,False
3674,-1.3250000000000002,0.01,746781.0625,False
3675,-0.9349999999999998,0.01,713472.71875,False
3676,-1.4500000000000002,0.01,863882.625,False
3677,-0.44500000000000006,0.01,830628.7708333334,False
3678,-1.0450000000000002,0.01,846490.383152174,False
3679,-1.025,0.01,858413.5625,False
3680,-0.9549999999999998,0.01,792700.4375,False
3681,-1.73,0.01,813614.4375,False
3682,-0.2300000000000001,0.01,937190.9375,False
3683,-0.9149999999999998,0.01,823586.640625,False
3684,-0.13500000000000012,0.01,794913.34375,False
3685,-1.0300000000000002,0.01,769719.5989583334,False
3686,-1.96,0.01,881393.3125,False
3687,-0.7499999999999996,0.01,878602.4375,False
3688,-0.7699999999999999,0.01,843935.8958333334,False
3689,-0.665,0.01,754533.609375,False
3690,-2.63,0.01,951088.25,False
3691,-0.34499999999999975,0.01,694241.65625,False
3692,-0.6199999999999999,0.01,758875.3645833334,False
3693,-1.925,0.01,841931.4821428572,False
3694,-0.6649999999999998,0.01,708886.5,False
3695,-0.655,0.01,905569.3958333334,False
3696,-1.8399999999999999,0.01,806914.8125,False
3697,0.9700000000000002,0.01,854352.6696428572,False
3698,-2.2350000000000003,0.01,848425.3125,False
3699,-0.8699999999999999,0.01,712601.5416666666,False
3700,0.07499999999999996,0.01,741214.71875,False
3701,-0.935,0.01,824350.2589285715,False
3702,-1.455,0.01,782485.7708333334,False
3703,-0.3450000000000001,0.01,785389.5833333334,False
3704,-1.6600000000000001,0.01,817818.3958333334,False
3705,-0.7749999999999997,0.01,810407.328125,False
3706,-1.015,0.01,790377.625,False
3707,-0.7499999999999999,0.01,565892.875,False
3708,-1.13,0.01,495012.8125,False
3709,-1.145,0.01,592362.5625,False
3710,-1.135,0.01,898491.875,False
3711,-1.1600000000000001,0.01,684374.9791666666,False
3712,-0.45500000000000007,0.01,658153.4583333334,False
3713,-0.375,0.01,812882.421875,False
3714,-1.53,0.01,788933.5178571428,False
3715,-1.5699999999999998,0.01,848035.703125,False
3716,-0.12999999999999967,0.01,738759.625,False
3717,-0.94,0.01,841610.25,False
3718,-1.135,0.01,667956.109375,False
3719,-1.53,0.01,854862.59375,False
3720,-1.645,0.01,781122.15625,False
3721,-1.3599999999999999,0.01,728711.6875,False
3722,0.7650000000000006,0.01,759697.84375,False
3723,-0.9400000000000002,0.01,684283.5833333334,False
3724,-2.245,0.01,744514.21875,False
3725,-0.03499999999999992,0.01,661605.28125,False
3726,-2.7199999999999998,0.01,774044.4791666666,False
3727,0.3550000000000004,0.01,770688.7708333334,False
3728,-1.135,0.01,811198.3125,False
3729,-1.2449999999999999,0.01,786026.71875,False
3730,-1.055,0.01,727718.4791666666,False
3731,-0.925,0.01,737941.28125,False
3732,-1.875,0.01,736558.921875,False
3733,-1.5050000000000001,0.01,670770.4,False
3734,0.7150000000000001,0.01,672660.8125,False
3735,-1.135,0.01,542693.96875,False
3736,-1.34,0.01,700572.53125,False
3737,-0.94,0.01,800887.0,False
3738,-1.835,0.01,752113.0625,False
3739,-0.44999999999999973,0.01,824314.1875,False
3740,-1.7400000000000002,0.01,774610.7232142857,False
3741,0.355,0.01,710696.8846153846,False
3742,-1.235,0.01,693915.5625,False
3743,-2.06,0.01,771313.6875,False
3744,0.3450000000000002,0.01,745891.6458333334,False
3745,-2.325,0.01,734203.09375,False
3746,-0.6399999999999997,0.01,835244.8660714285,False
3747,-1.185,0.01,731115.25,False
3748,-0.7349999999999999,0.01,688717.8125,False
3749,-0.9449999999999998,0.01,645841.375,False
3750,-1.08,0.01,745208.515625,False
3751,-0.38,0.01,631325.70625,False
3752,-1.445,0.01,707218.96875,False
3753,-1.53,0.01,747322.5,False
3754,-0.3350000000000001,0.01,590075.15625,False
3755,-2.38,0.01,701730.46875,False
3756,-0.8099999999999998,0.01,715981.5833333334,False
3757,-0.1399999999999999,0.01,718145.875,False
3758,-0.915,0.01,783439.1979166666,False
3759,-1.745,0.01,651108.7083333334,False
3760,-0.4600000000000002,0.01,844949.8541666666,False
3761,-0.9849999999999998,0.01,694577.1125,False
3762,-0.5399999999999998,0.01,573235.25,False
3763,-1.4300000000000002,0.01,658926.25,False
3764,-1.565,0.01,701936.7916666666,False
3765,-0.0349999999999997,0.01,711690.0,False
3766,-1.4000000000000001,0.01,693437.1625,False
3767,-0.13500000000000012,0.01,718667.53125,False
3768,-1.63,0.01,719409.625,False
3769,-0.7150000000000001,0.01,743387.59375,False
3770,-1.835,0.01,844680.125,False
3771,0.6300000000000003,0.01,644643.59375,False
3772,-1.83,0.01,695595.75,False
3773,-0.5449999999999997,0.01,620265.0,False
3774,-1.67,0.01,753266.390625,False
3775,-0.6449999999999996,0.01,669062.875,False
3776,-0.32999999999999996,0.01,961554.375,False
3777,-1.4649999999999999,0.01,569821.109375,False
3778,-0.525,0.01,691672.4583333334,False
3779,-2.545,0.01,560156.375,False
3780,-0.26,0.01,579592.9270833334,False
3781,-0.645,0.01,698973.03125,False
3782,-1.635,0.01,741139.6875,False
3783,-0.3750000000000001,0.01,701019.671875,False
3784,-0.925,0.01,613064.75,False
3785,-1.875,0.01,769215.265625,False
3786,-0.735,0.01,797872.6875,False
3787,-2.24,0.01,672493.2544642857,False
3788,-0.36499999999999977,0.01,631738.046875,False
3789,-1.035,0.01,556186.921875,False
3790,-1.03,0.01,577098.8125,False
3791,-0.8799999999999999,0.01,680986.34375,False
3792,-1.15,0.01,734801.9791666666,False
3793,-0.635,0.01,605326.65625,False
3794,-1.3050000000000002,0.01,678305.475,False
3795,-0.635,0.01,712125.15625,False
3796,-2.565,0.01,611588.375,False
3797,-0.4399999999999997,0.01,674391.46875,False
3798,-0.45000000000000007,0.01,696447.1875,False
3799,-1.5350000000000001,0.01,560959.96875,False
3800,-0.94,0.01,514496.125,False
3801,-0.43499999999999983,0.01,520349.578125,False
3802,-1.085,0.01,529576.359375,False
3803,-1.835,0.01,527282.609375,False
3804,-0.6249999999999999,0.01,600611.90625,False
3805,-1.14,0.01,744443.34375,False
3806,-0.020000000000000018,0.01,603827.53125,False
3807,-1.2950000000000002,0.01,655573.1625,False
3808,-0.26,0.01,651948.4166666666,False
3809,-1.355,0.01,681712.0,False
3810,-1.135,0.01,619615.3125,False
3811,-1.045,0.01,559462.734375,False
3812,-1.33,0.01,575240.65625,False
3813,-0.9650000000000001,0.01,605845.390625,False
3814,-0.635,0.01,610529.84375,False
3815,-0.545,0.01,635258.203125,False
3816,-2.13,0.01,516267.078125,False
3817,-1.235,0.01,701944.0,False
3818,-0.7349999999999999,0.01,766211.5,False
3819,-1.25,0.01,759928.0833333334,False
3820,-1.69,0.01,583531.625,False
3821,-0.24999999999999956,0.01,558042.7916666666,False
3822,-1.1099999999999999,0.01,596443.5677083334,False
3823,-0.23499999999999988,0.01,638322.375,False
3824,-2.145,0.01,617497.9375,False
3825,-0.385,0.01,702183.8125,False
3826,-1.4700000000000002,0.01,630787.796875,False
3827,-0.8449999999999999,0.01,685675.28125,False
3828,-1.795,0.01,696419.725,False
3829,0.060000000000000275,0.01,622334.0625,False
3830,-1.74,0.01,613306.1666666666,False
3831,-0.7799999999999999,0.01,609549.046875,False
3832,-1.13,0.01,740388.71875,False
3833,-0.635,0.01,600306.59375,False
3834,-1.8399999999999999,0.01,545537.15625,False
3835,-1.0050000000000001,0.01,676209.6625,False
3836,0.1299999999999999,0.01,648536.5625,False
3837,-2.475,0.01,588639.890625,False
3838,-0.009999999999999787,0.01,653877.625,False
3839,-0.7750000000000001,0.01,596977.8984375,False
3840,-1.8300000000000003,0.01,586770.28125,False
3841,-0.845,0.01,715198.84375,False
3842,-1.225,0.01,579284.625,False
3843,-1.74,0.01,693183.5,False
3844,-0.3599999999999999,0.01,523749.3229166667,False
3845,-0.55,0.01,604374.6875,False
3846,-1.73,0.01,520135.1026785714,False
3847,-1.3499999999999999,0.01,519455.25,False
3848,-0.9449999999999998,0.01,622258.0208333334,False
3849,-0.9299999999999999,0.01,613932.875,False
3850,-1.235,0.01,550697.78125,False
3851,-0.26,0.01,679200.7708333334,False
3852,-1.885,0.01,532501.640625,False
3853,-1.15,0.01,599781.0625,False
3854,0.06500000000000017,0.01,489685.78125,False
3855,-1.8850000000000002,0.01,538439.8625,False
3856,-1.6400000000000001,0.01,592856.25,False
3857,-0.5799999999999998,0.01,734484.984375,False
3858,0.23499999999999988,0.01,525238.7465277778,False
3859,-1.4300000000000002,0.01,629874.21875,False
3860,-1.14,0.01,585981.9375,False
3861,-0.18000000000000005,0.01,564450.078125,False
3862,-1.465,0.01,638038.453125,False
3863,-1.4500000000000002,0.01,533602.53125,False
3864,0.6699999999999999,0.01,481925.03125,False
3865,-1.53,0.01,622618.40625,False
3866,-0.65,0.01,604926.8229166666,False
3867,-2.04,0.01,599263.03125,False
3868,-0.33999999999999986,0.01,636910.3125,False
3869,-0.73,0.01,571469.09375,False
3870,-1.1050000000000002,0.01,611338.9479166666,False
3871,-0.56,0.01,468686.8333333333,False
3872,-1.87,0.01,593968.0078125,False
3873,-1.095,0.01,613888.525,False
3874,-0.69,0.01,558903.31875,False
3875,-0.09999999999999987,0.01,506184.71875,False
3876,0.18999999999999972,0.01,551634.875,False
3877,-2.34,0.01,530199.734375,False
3878,-0.7999999999999996,0.01,572173.85,False
3879,-1.5550000000000002,0.01,545780.5913461539,False
3880,0.03500000000000014,0.01,610546.453125,False
3881,-1.645,0.01,636369.84375,False
3882,-2.14,0.01,635713.76171875,False
3883,0.355,0.01,563148.03125,False
3884,-2.0250000000000004,0.01,626569.6339285715,False
3885,-0.4500000000000002,0.01,547144.7526041666,False
3886,-0.845,0.01,596777.8125,False
3887,-1.25,0.01,521893.3333333333,False
3888,-1.77,0.01,492579.40625,False
3889,-1.1800000000000002,0.01,541434.13125,False
3890,0.1549999999999998,0.01,517835.29464285716,False
3891,-2.265,0.01,520039.5625,False
3892,-1.355,0.01,557983.375,False
3893,-0.7699999999999996,0.01,486342.7708333333,False
3894,-0.5249999999999999,0.01,481537.375,False
3895,-0.635,0.01,609977.671875,False
3896,-2.14,0.01,531001.65625,False
3897,-0.3299999999999996,0.01,560726.828125,False
3898,-0.645,0.01,496663.671875,False
3899,-1.8399999999999999,0.01,598683.5625,False
3900,-1.545,0.01,581650.96875,False
3901,0.37000000000000033,0.01,640189.109375,False
3902,-1.93,0.01,499133.9375,False
3903,-0.22999999999999976,0.01,533663.25,False
3904,-1.335,0.01,607174.96875,False
3905,-1.545,0.01,477968.1041666667,False
3906,-0.07499999999999996,0.01,516208.609375,False
3907,-1.045,0.01,467778.21875,False
3908,-0.9900000000000001,0.01,440166.98125,False
3909,-2.18,0.01,559039.5078125,False
3910,-1.355,0.01,459774.6875,False
3911,0.16000000000000014,0.01,530421.2083333334,False
3912,-1.1400000000000001,0.01,538874.0,False
3913,-1.3250000000000002,0.01,566876.75,False
3914,-0.9600000000000002,0.01,546097.4618055555,False
3915,-2.455,0.01,466240.3333333333,False
3916,1.0550000000000002,0.01,565091.40625,False
3917,-1.545,0.01,498130.53125,False
3918,-0.3899999999999999,0.01,637562.6,False
3919,-0.5900000000000001,0.01,435365.9375,False
3920,-1.9150000000000003,0.01,473521.734375,False
3921,-0.66,0.01,550220.6640625,False
3922,-1.795,0.01,543002.46875,False
3923,-0.4299999999999997,0.01,507503.3125,False
3924,-2.0250000000000004,0.01,488509.046875,False
3925,-0.5599999999999996,0.01,446296.34375,False
3926,-1.44,0.01,675458.71875,False
3927,-0.6049999999999998,0.01,491873.3958333333,False
3928,-0.8349999999999999,0.01,502803.90625,False
3929,-1.1700000000000002,0.01,495538.53472222225,False
3930,-1.4900000000000002,0.01,623904.53125,False
3931,-1.2699999999999996,0.01,526195.390625,False
3932,-1.24,0.01,438372.15625,False
3933,-0.46499999999999964,0.01,444253.390625,False
3934,-1.31,0.01,564441.40625,False
3935,-0.17500000000000004,0.01,574808.4140625,False
3936,-1.635,0.01,500105.234375,False
3937,-1.135,0.01,534179.21875,False
3938,-0.45000000000000007,0.01,616467.25,False
3939,-1.4450000000000003,0.01,441459.8958333333,False
3940,-1.97,0.01,521480.625,False
3941,-0.4399999999999997,0.01,519348.921875,False
3942,-0.6399999999999999,0.01,526554.84375,False
3943,-0.3600000000000001,0.01,448062.4479166667,False
3944,-1.5350000000000001,0.01,504904.0,False
3945,-2.045,0.01,446885.4479166667,False
3946,-0.1349999999999998,0.01,524009.6875,False
3947,-1.54,0.01,443332.953125,False
3948,-1.4749999999999999,0.01,435436.8828125,False
3949,-1.345,0.01,448405.0208333333,False
3950,0.2550000000000001,0.01,567467.6875,False
3951,-0.6299999999999999,0.01,449005.72321428574,False
3952,-1.65,0.01,549119.96875,False
3953,-0.8599999999999997,0.01,368151.1041666667,False
3954,0.030000000000000027,0.01,462898.25,False
3955,-1.2200000000000002,0.01,484804.5729166667,False
3956,-1.335,0.01,476421.46875,False
3957,-1.235,0.01,595211.84375,False
3958,-0.5199999999999999,0.01,589098.125,False
3959,-1.805,0.01,533890.3802083334,False
3960,-1.025,0.01,513735.28125,False
3961,-1.4300000000000002,0.01,523273.15625,False
3962,0.22499999999999987,0.01,476983.6953125,False
3963,-1.9449999999999998,0.01,368963.7291666667,False
3964,0.8699999999999999,0.01,547902.125,False
3965,-2.065,0.01,418007.21875,False
3966,-0.675,0.01,494859.578125,False
3967,-1.695,0.01,507654.94375,False
3968,-0.2350000000000001,0.01,613178.34375,False
3969,-1.545,0.01,547958.6458333334,False
3970,-0.44000000000000006,0.01,408569.8125,False
3971,-2.04,0.01,478131.671875,False
3972,-1.235,0.01,429883.625,False
3973,0.4650000000000001,0.01,479232.9375,False
3974,-2.175,0.01,509078.1875,False
3975,-0.6349999999999999,0.01,527244.390625,False
3976,-0.2400000000000001,0.01,436136.109375,False
3977,-0.18500000000000005,0.01,456396.09375,False
3978,-1.9449999999999998,0.01,494469.40625,False
3979,-0.9450000000000001,0.01,400479.0625,False
3980,-1.33,0.01,459591.6875,False
3981,-0.43499999999999994,0.01,449210.875,False
3982,-1.135,0.01,401635.75,False
3983,-0.675,0.01,466609.53125,False
3984,-0.3700000000000001,0.01,474596.6328125,False
3985,-1.1750000000000003,0.01,460781.8958333333,False
3986,-1.455,0.01,383834.6328125,False
3987,-0.6100000000000001,0.01,483614.6822916667,False
3988,-1.88,0.01,533119.515625,False
3989,-0.44499999999999995,0.01,521876.78125,False
3990,0.42999999999999994,0.01,434365.0234375,False
3991,-2.395,0.01,431103.60625,False
3992,-0.6749999999999999,0.01,432464.28125,False
3993,-0.74,0.01,376975.8541666667,False
3994,-1.1600000000000001,0.01,432989.2421875,False
3995,-0.52,0.01,405801.7760416667,False
3996,-1.23,0.01,411724.484375,False
3997,-1.74,0.01,383691.390625,False
3998,-0.8,0.01,412564.528125,False
3999,-1.225,0.01,433354.4375,False
4000,-0.15500000000000014,0.01,457450.875,False
4001,-1.8250000000000002,0.01,419823.9635416667,False
4002,-1.0750000000000002,0.01,432907.890625,False
4003,-0.8,0.01,419665.2395833333,False
4004,-1.1500000000000001,0.01,338073.796875,False
4005,-1.23,0.01,429966.0,False
4006,-1.1300000000000001,0.01,435786.5625,False
4007,-0.41999999999999993,0.01,336263.9375,False
4008,-1.73,0.01,387298.109375,False
4009,-0.7299999999999999,0.01,390300.8125,False
4010,-2.045,0.01,459794.5,False
4011,-0.4750000000000001,0.01,356583.9270833333,False
4012,-0.9299999999999999,0.01,403172.390625,False
4013,-1.755,0.01,475434.5833333333,False
4014,-0.6449999999999999,0.01,377518.671875,False
4015,-1.4699999999999998,0.01,396129.9140625,False
4016,-0.8399999999999999,0.01,383870.203125,False
4017,-1.23,0.01,389465.578125,False
4018,0.06499999999999995,0.01,389436.20089285716,False
4019,-1.93,0.01,427837.265625,False
4020,-0.07999999999999985,0.01,406934.5859375,False
4021,-1.145,0.01,431980.3645833333,False
4022,-1.145,0.01,327629.59375,False
4023,-0.6349999999999999,0.01,468838.546875,False
4024,-1.1700000000000002,0.01,451831.90625,False
4025,-1.285,0.01,367511.725,False
4026,-0.125,0.01,374662.15625,False
4027,-2.4749999999999996,0.01,407218.578125,False
4028,-1.045,0.01,372207.7083333333,False
4029,-0.6499999999999997,0.01,384486.828125,False
4030,-0.7000000000000001,0.01,404999.88636363635,False
4031,-0.75,0.01,531185.390625,False
4032,-1.135,0.01,452648.84375,False
4033,-0.635,0.01,394090.75,False
4034,-2.53,0.01,398280.65625,False
4035,-0.4399999999999997,0.01,382060.54910714284,False
4036,-0.3350000000000001,0.01,382749.125,False
4037,-1.35,0.01,343940.15625,False
4038,-1.34,0.01,434436.765625,False
4039,-0.3800000000000001,0.01,321832.7375,False
4040,-2.220446049250313e-16,0.01,394338.1125,False
4041,-1.03,0.01,319628.6875,False
4042,-1.335,0.01,334864.359375,False
4043,-2.325,0.01,377419.125,False
4044,0.665,0.01,523555.84375,False
4045,-1.85,0.01,392691.4270833333,False
4046,-0.5399999999999999,0.01,361929.875,False
4047,-1.4300000000000002,0.01,380022.5625,False
4048,-0.5350000000000001,0.01,369424.6316964286,False
4049,-0.8349999999999999,0.01,365302.46875,False
4050,-1.03,0.01,423163.359375,False
4051,-0.7150000000000001,0.01,451036.8072916667,False
4052,-1.95,0.01,376486.6979166667,False
4053,-0.8399999999999999,0.01,381203.390625,False
4054,-1.0699999999999998,0.01,415075.3125,False
4055,-0.15999999999999992,0.01,395638.7395833333,False
4056,-0.7399999999999999,0.01,372702.59375,False
4057,0.7399999999999998,0.01,436496.7708333333,False
4058,-2.635,0.01,398027.26339285716,False
4059,0.27500000000000013,0.01,309632.03125,False
4060,-1.54,0.01,265514.9375,False
4061,-0.8400000000000002,0.01,348676.96875,False
4062,-0.8650000000000002,0.01,384374.84375,False
4063,-1.0800000000000005,0.01,407228.4375,False
4064,-1.0350000000000001,0.01,448639.9375,False
4065,-1.1400000000000001,0.01,362687.28125,False
4066,-0.835,0.01,307301.34375,False
4067,-2.55,0.01,379286.625,False
4068,-1.04,0.01,458129.03125,False
4069,-0.5399999999999999,0.01,361172.99553571426,False
4070,-0.565,0.01,396208.8828125,False
4071,-1.835,0.01,344913.8125,False
4072,-0.7549999999999999,0.01,363733.6666666667,False
4073,-0.32999999999999996,0.01,428420.671875,False
4074,-2.01,0.01,0,False
4075,-0.94,0.01,342467.5208333333,False
4076,-0.55,0.01,377852.09375,False
4077,-1.235,0.01,350968.25,False
4078,-1.24,0.01,407291.3020833333,False
4079,-0.4950000000000001,0.01,335876.440625,False
4080,-1.635,0.01,341087.625,False
4081,-1.1,0.01,353989.70625,False
4082,-0.16000000000000014,0.01,353950.9895833333,False
4083,-2.24,0.01,339007.26339285716,False
4084,0.16999999999999993,0.01,338414.28125,False
4085,-2.23,0.01,279068.75,False
4086,-0.7349999999999999,0.01,332666.640625,False
4087,-0.58,0.01,360709.3125,False
4088,-0.04499999999999993,0.01,362889.0260416667,False
4089,-0.785,0.01,361767.9140625,False
4090,-1.63,0.01,397532.703125,False
4091,-1.835,0.01,360590.578125,False
4092,-0.9699999999999996,0.01,312258.703125,False
4093,-0.9400000000000001,0.01,373298.09375,False
4094,0.27500000000000013,0.01,275963.7890625,False
4095,-1.8399999999999999,0.01,321989.859375,False
4096,-0.835,0.01,328152.85714285716,False
4097,-1.53,0.01,345229.390625,False
4098,-0.3400000000000001,0.01,281056.59375,False
4099,-1.985,0.01,317441.171875,False
4100,-0.9450000000000001,0.01,374742.66015625,False
4101,-1.24,0.01,330304.0,False
4102,-0.24,0.01,269779.9921875,False
4103,-0.1299999999999999,0.01,348742.703125,False
4104,-1.745,0.01,322495.5859375,False
4105,-0.08000000000000007,0.01,326080.375,False
4106,-1.54,0.01,326482.984375,False
4107,-1.1600000000000001,0.01,345622.453125,False
4108,-1.44,0.01,380894.15625,False
4109,-1.6600000000000001,0.01,435613.7291666667,False
4110,0.2250000000000001,0.01,286076.1484375,False
4111,-1.2750000000000001,0.01,292944.7734375,False
4112,-1.05,0.01,413055.375,False
4113,-1.545,0.01,399415.65625,False
4114,-0.030000000000000138,0.01,377880.8125,False
4115,-2.425,0.01,400678.9375,False
4116,-1.265,0.01,361253.0208333333,False
4117,-0.5799999999999998,0.01,332945.8828125,False
4118,-1.135,0.01,304024.75,False
4119,-0.9449999999999998,0.01,457279.4270833333,False
4120,-0.4900000000000001,0.01,267358.75,False
4121,-1.945,0.01,361561.125,False
4122,-0.18999999999999995,0.01,315473.85625,False
4123,-0.735,0.01,374498.75,False
4124,-1.23,0.01,307231.5625,False
4125,-2.385,0.01,351047.9010416667,False
4126,-0.030000000000000027,0.01,307063.984375,False
4127,-1.6300000000000001,0.01,335394.25223214284,False
4128,-0.8200000000000001,0.01,367662.2585227273,False
4129,-0.7299999999999999,0.01,308342.765625,False
4130,0.11500000000000021,0.01,364888.425,False
4131,-0.3800000000000001,0.01,309778.28125,False
4132,-1.54,0.01,352790.390625,False
4133,-1.045,0.01,271045.3645833333,False
4134,-1.18,0.01,279924.05078125,False
4135,-1.3649999999999998,0.01,326863.96875,False
4136,-0.9000000000000001,0.01,340448.390625,False
4137,-1.035,0.01,255594.984375,False
4138,-0.3750000000000002,0.01,305078.42881944444,False
4139,-0.18500000000000005,0.01,294514.19921875,False
4140,-1.0450000000000002,0.01,352093.5052083333,False
4141,-2.485,0.01,323136.078125,False
4142,-0.9900000000000001,0.01,317697.83125,False
4143,-0.25,0.01,322041.7916666667,False
4144,-1.335,0.01,242934.609375,False
4145,-1.185,0.01,322942.6796875,False
4146,-0.5499999999999998,0.01,289619.0833333333,False
4147,-0.9450000000000001,0.01,318412.5104166667,False
4148,-0.925,0.01,308270.40625,False
4149,-2.53,0.01,253689.5234375,False
4150,0.7349999999999999,0.01,296007.4479166667,False
4151,-1.3200000000000003,0.01,309271.765625,False
4152,-0.6349999999999999,0.01,327796.96875,False
4153,-0.44499999999999995,0.01,345601.8125,False
4154,-1.435,0.01,307759.109375,False
4155,-1.74,0.01,301234.5520833333,False
4156,0.26999999999999913,0.01,304704.38423295453,False
4157,-0.7899999999999999,0.01,299539.0546875,False
4158,-0.775,0.01,301688.6484375,False
4159,-2.13,0.01,230113.765625,False
4160,0.1950000000000005,0.01,275602.2059659091,False
4161,-0.0950000000000002,0.01,315582.371875,False
4162,-1.5450000000000002,0.01,283276.5,False
4163,-1.03,0.01,443288.8125,False
4164,-0.7149999999999999,0.01,334276.9947916667,False
4165,-1.1400000000000001,0.01,291045.3020833333,False
4166,-0.37,0.01,352996.7083333333,False
4167,-1.145,0.01,244331.984375,False
4168,-2.9050000000000002,0.01,253881.146875,False
4169,0.9750000000000001,0.01,277245.890625,False
4170,-1.215,0.01,266892.3072916667,False
4171,0.07499999999999996,0.01,252920.28794642858,False
4172,-0.6050000000000003,0.01,277945.7215909091,False
4173,0.1399999999999999,0.01,270160.4895833333,False
4174,-1.4900000000000002,0.01,349914.025,False
4175,-1.27,0.01,297006.8541666667,False
4176,-1.06,0.01,259027.578125,False
4177,-0.9349999999999998,0.01,300297.328125,False
4178,-1.4900000000000002,0.01,306045.90625,False
4179,-0.2649999999999999,0.01,262752.4375,False
4180,-1.0250000000000001,0.01,275517.0130208333,False
4181,-1.965,0.01,292018.84375,False
4182,-1.03,0.01,244582.9765625,False
4183,-0.08499999999999996,0.01,282182.8046875,False
4184,0.020000000000000018,0.01,291924.834375,False
4185,-2.0650000000000004,0.01,233564.61979166666,False
4186,-1.1250000000000002,0.01,290751.58928571426,False
4187,-1.145,0.01,225998.796875,False
4188,-0.32999999999999985,0.01,306889.875,False
4189,-1.81,0.01,298494.21875,False
4190,0.7599999999999998,0.01,251537.5625,False
4191,-1.8399999999999999,0.01,325310.0546875,False
4192,-1.645,0.01,281616.3958333333,False
4193,-0.05999999999999983,0.01,247431.16666666666,False
4194,-1.73,0.01,285200.90625,False
4195,0.7600000000000002,0.01,270366.046875,False
4196,-1.685,0.01,289865.74375,False
4197,-1.335,0.01,301967.453125,False
4198,-0.4449999999999996,0.01,227916.125,False
4199,-1.175,0.01,257976.71484375,False
4200,1.0350000000000006,0.01,267097.2890625,False
4201,-2.2800000000000002,0.01,288800.453125,False
4202,-0.7799999999999996,0.01,244058.00390625,False
4203,0.4100000000000006,0.01,291839.6875,False
4204,-0.23999999999999977,0.01,288813.421875,False
4205,-1.7799999999999998,0.01,314475.6328125,False
4206,-0.4299999999999997,0.01,210228.875,False
4207,-0.9600000000000001,0.01,234390.39583333334,False
4208,-2.1950000000000003,0.01,247349.503125,False
4209,-0.23999999999999977,0.01,310215.7604166667,False
4210,-0.915,0.01,263166.8229166667,False
4211,-0.18999999999999972,0.01,311229.65,False
4212,-0.18000000000000016,0.01,278709.21006944444,False
4213,-0.725,0.01,397243.265625,False
4214,-0.03500000000000014,0.01,273996.78125,False
4215,-2.4699999999999998,0.01,370198.71875,False
4216,0.2649999999999999,0.01,276824.46875,False
4217,-1.245,0.01,276798.53125,False
4218,-1.56,0.01,243692.216796875,False
4219,-1.635,0.01,315473.640625,False
4220,-0.6449999999999998,0.01,272556.75,False
4221,-0.2450000000000001,0.01,298020.8125,False
4222,-0.7349999999999999,0.01,316583.84375,False
4223,-1.045,0.01,311023.6171875,False
4224,-1.56,0.01,294987.279296875,False
4225,-0.19999999999999973,0.01,274423.3515625,False
4226,-1.76,0.01,291100.9270833333,False
4227,-0.33999999999999997,0.01,260871.28125,False
4228,-1.3599999999999999,0.01,301349.359375,False
4229,-1.3450000000000002,0.01,243747.37740384616,False
4230,-1.3,0.01,208826.45,False
4231,-1.1850000000000003,0.01,273753.359375,False
4232,-1.145,0.01,245012.3125,False
4233,-0.345,0.01,240999.69270833334,False
4234,-2.255,0.01,193631.63541666666,False
4235,-1.0649999999999995,0.01,253005.234375,False
4236,-0.3299999999999996,0.01,268593.7109375,False
4237,-0.645,0.01,255308.1171875,False
4238,-0.9450000000000001,0.01,265311.3125,False
4239,-1.53,0.01,187458.3359375,False
4240,-1.6400000000000001,0.01,237511.8046875,False
4241,-0.5149999999999999,0.01,266357.5234375,False
4242,-0.42999999999999994,0.01,219101.875,False
4243,-2.0300000000000002,0.01,166677.375,False
4244,-0.7299999999999999,0.01,292423.59375,False
4245,-0.7449999999999999,0.01,229208.88020833334,False
4246,-0.545,0.01,317273.28125,False
4247,-1.73,0.01,274878.1875,False
4248,-0.6449999999999999,0.01,222723.6875,False
4249,-0.9299999999999999,0.01,300027.046875,False
4250,-1.04,0.01,213667.5703125,False
4251,-2.05,0.01,213846.578125,False
4252,-0.23499999999999965,0.01,213189.71875,False
4253,-1.2750000000000001,0.01,288432.1328125,False
4254,-0.545,0.01,255097.30208333334,False
4255,-1.085,0.01,223509.26171875,False
4256,-1.63,0.01,197138.328125,False
4257,0.0349999999999997,0.01,225041.1015625,False
4258,-1.5899999999999999,0.01,181481.3671875,False
4259,0.18000000000000016,0.01,166974.078125,False
4260,-1.4300000000000002,0.01,189193.953125,False
4261,-1.235,0.01,226470.21875,False
4262,-0.11000000000000032,0.01,228520.1376953125,False
4263,-0.545,0.01,263791.6510416667,False
4264,-2.125,0.01,171990.09375,False
4265,-0.135,0.01,227208.671875,False
4266,-2.1900000000000004,0.01,200615.78125,False
4267,-1.545,0.01,265759.4791666667,False
4268,-0.33999999999999964,0.01,237779.609375,False
4269,-1.4649999999999999,0.01,222980.943359375,False
4270,-1.335,0.01,210387.44921875,False
4271,-0.935,0.01,219272.52994791666,False
4272,-1.025,0.01,198956.609375,False
4273,-0.845,0.01,229558.87276785713,False
4274,-1.24,0.01,192731.78125,False
4275,-1.1400000000000001,0.01,237388.9888392857,False
4276,-1.55,0.01,225981.63020833334,False
4277,-0.030000000000000027,0.01,258861.875,False
4278,-2.38,0.01,233779.3015625,False
4279,-0.5349999999999997,0.01,230200.84375,False
4280,-0.7449999999999999,0.01,214875.9296875,False
4281,-0.645,0.01,195092.41145833334,False
4282,-0.825,0.01,222732.3125,False
4283,-1.65,0.01,208197.640625,False
4284,-1.3850000000000002,0.01,181510.75,False
4285,-0.7399999999999999,0.01,232898.55729166666,False
4286,-0.745,0.01,244335.3203125,False
4287,-1.55,0.01,223844.02604166666,False
4288,-0.8699999999999997,0.01,228049.83203125,False
4289,-0.535,0.01,191667.1953125,False
4290,-1.83,0.01,253798.96875,False
4291,-0.9299999999999999,0.01,196355.75223214287,False
4292,-0.6349999999999999,0.01,240957.5703125,False
4293,-0.04500000000000015,0.01,224106.63020833334,False
4294,-1.0750000000000002,0.01,180117.443359375,False
4295,-0.8600000000000001,0.01,228341.65625,False
4296,-0.9450000000000001,0.01,233778.69270833334,False
4297,-1.33,0.01,165358.5,False
4298,-1.7349999999999999,0.01,239216.2265625,False
4299,-0.7449999999999999,0.01,219348.390625,False
4300,-0.2450000000000001,0.01,225889.640625,False
4301,-2.1399999999999997,0.01,185059.65625,False
4302,-1.935,0.01,230130.8861607143,False
4303,-0.019999999999999796,0.01,182139.59895833334,False
4304,-0.94,0.01,222852.734375,False
4305,-0.3350000000000001,0.01,215256.34375,False
4306,-2.115,0.01,179462.98046875,False
4307,-1.1099999999999999,0.01,219627.2109375,False
4308,-0.3350000000000002,0.01,208700.0424107143,False
4309,-2.04,0.01,232453.5859375,False
4310,-0.6499999999999997,0.01,240240.09375,False
4311,-0.64,0.01,187691.4921875,False
4312,-1.3500000000000003,0.01,234690.71153846153,False
4313,0.16500000000000026,0.01,206457.703125,False
4314,-1.645,0.01,207213.61458333334,False
4315,-0.18000000000000016,0.01,221124.26953125,False
4316,-0.9750000000000001,0.01,185138.28515625,False
4317,-1.395,0.01,176766.2640625,False
4318,-1.3,0.01,240873.690625,False
4319,-0.2350000000000001,0.01,180630.74609375,False
4320,-1.235,0.01,160117.359375,False
4321,-1.37,0.01,182952.90277777778,False
4322,-0.24500000000000022,0.01,200369.603515625,False
4323,-1.6350000000000002,0.01,216655.4575892857,False
4324,-1.9500000000000002,0.01,193639.6763392857,False
4325,-0.38,0.01,253307.765625,False
4326,-1.1050000000000002,0.01,233082.88125,False
4327,-1.28,0.01,216582.16796875,False
4328,-0.57,0.01,225914.0546875,False
4329,-0.17500000000000004,0.01,194160.16015625,False
4330,-2.13,0.01,236924.71875,False
4331,-0.5699999999999998,0.01,204295.8984375,False
4332,-1.2599999999999998,0.01,186654.41666666666,False
4333,-0.9250000000000003,0.01,195941.71354166666,False
4334,-1.455,0.01,154726.09635416666,False
4335,-0.46499999999999997,0.01,202981.95833333334,False
4336,-1.63,0.01,230531.859375,False
4337,-0.13999999999999968,0.01,154779.4296875,False
4338,-0.64,0.01,185299.171875,False
4339,-2.6799999999999997,0.01,202994.54375,False
4340,0.2549999999999999,0.01,148598.80859375,False
4341,-1.13,0.01,217305.8828125,False
4342,-1.25,0.01,176491.22916666666,False
4343,-1.4100000000000001,0.01,0,False
4344,-1.34,0.01,194456.4892578125,False
4345,-0.29000000000000004,0.01,241176.47265625,False
4346,-1.5550000000000002,0.01,223727.44270833334,False
4347,-1.315,0.01,206197.6328125,False
4348,-0.03499999999999992,0.01,229829.890625,False
4349,-1.3450000000000002,0.01,201585.9375,False
4350,-1.83,0.01,210519.25,False
4351,-0.3899999999999999,0.01,206152.38671875,False
4352,-0.75,0.01,210709.22395833334,False
4353,-0.9500000000000002,0.01,176727.5087890625,False
4354,-0.565,0.01,156030.341796875,False
4355,-0.8450000000000002,0.01,183916.1953125,False
4356,-0.9150000000000001,0.01,170970.2528409091,False
4357,-1.6350000000000002,0.01,150201.640625,False
4358,-1.04,0.01,185187.0390625,False
4359,-1.335,0.01,205838.0078125,False
4360,0.5999999999999996,0.01,197145.99289772726,False
4361,-1.33,0.01,166415.0859375,False
4362,-0.45000000000000007,0.01,162444.4140625,False
4363,-2.34,0.01,168670.015625,False
4364,-0.695,0.01,168626.9,False
4365,-0.64,0.01,159419.5625,False
4366,-1.82,0.01,177919.83463541666,False
4367,-0.2300000000000001,0.01,176490.40625,False
4368,-1.8900000000000001,0.01,177199.615625,False
4369,-0.26,0.01,152844.16927083334,False
4370,-1.07,0.01,169793.08984375,False
4371,-2.16,0.01,206294.61458333334,False
4372,-0.24499999999999988,0.01,199980.984375,False
4373,-0.9750000000000001,0.01,182643.552734375,False
4374,-1.25,0.01,167276.55729166666,False
4375,-0.45000000000000007,0.01,185384.52083333334,False
4376,-1.92,0.01,197366.06510416666,False
4377,-1.465,0.01,160378.69921875,False
4378,-1.13,0.01,102085.1875,False
4379,-0.32999999999999996,0.01,219604.5,False
4380,-0.9349999999999998,0.01,189687.9453125,False
4381,-2.05,0.01,182397.58333333334,False
4382,-0.5699999999999996,0.01,159897.9609375,False
4383,0.75,0.01,167611.08333333334,False
4384,-1.035,0.01,176410.6796875,False
4385,-0.9450000000000001,0.01,179796.953125,False
4386,-1.4500000000000002,0.01,152060.59635416666,False
4387,-1.34,0.01,166016.3125,False
4388,-0.845,0.01,161498.63020833334,False
4389,-0.825,0.01,157168.796875,False
4390,-1.49,0.01,156112.63125,False
4391,-1.415,0.01,180725.34114583334,False
4392,-0.03499999999999992,0.01,170819.765625,False
4393,-1.13,0.01,214599.2578125,False
4394,-2.3049999999999997,0.01,158829.0796875,False
4395,-1.34,0.01,156068.3125,False
4396,-0.5499999999999998,0.01,145724.3427734375,False
4397,-0.4850000000000001,0.01,149726.821875,False
4398,-0.2999999999999998,0.01,152848.53125,False
4399,-0.9200000000000002,0.01,162221.95424107142,False
4400,-1.245,0.01,188726.16145833334,False
4401,-2.1100000000000003,0.01,152256.73828125,False
4402,-0.2599999999999998,0.01,165945.55729166666,False
4403,-1.54,0.01,165591.6015625,False
4404,-0.245,0.01,194266.49479166666,False
4405,-1.185,0.01,159769.5859375,False
4406,-1.34,0.01,172109.4296875,False
4407,-0.8449999999999999,0.01,159887.30208333334,False
4408,-0.745,0.01,140103.8125,False
4409,-2.04,0.01,159541.78385416666,False
4410,-0.4299999999999997,0.01,151115.125,False
4411,-0.53,0.01,153308.859375,False
4412,-2.04,0.01,132797.234375,False
4413,0.04999999999999982,0.01,159025.30208333334,False
4414,-1.5800000000000003,0.01,149478.80555555556,False
4415,-0.9299999999999999,0.01,149764.0,False
4416,-1.5600000000000003,0.01,147660.60697115384,False
4417,-1.0450000000000002,0.01,147350.17578125,False
4418,-1.3000000000000003,0.01,135672.9296875,False
4419,-1.44,0.01,150450.484375,False
4420,-1.245,0.01,124226.68229166667,False
4421,-0.5049999999999999,0.01,136307.90625,False
4422,-1.225,0.01,140350.20424107142,False
4423,-0.3350000000000001,0.01,170693.4453125,False
4424,-1.375,0.01,167288.01953125,False
4425,-1.8,0.01,120667.325,False
4426,-1.035,0.01,146003.19140625,False
4427,-0.7849999999999997,0.01,142846.4,False
4428,-0.6400000000000001,0.01,156982.91964285713,False
4429,-0.6399999999999999,0.01,109721.09765625,False
4430,-0.6299999999999999,0.01,122422.4453125,False
4431,-2.08,0.01,124977.7265625,False
4432,-0.6349999999999999,0.01,112382.05078125,False
4433,-0.24499999999999988,0.01,121083.796875,False
4434,-2.26,0.01,133442.11979166666,False
4435,-0.009999999999999787,0.01,131566.64583333334,False
4436,-1.845,0.01,163489.8125,False
4437,-0.9900000000000001,0.01,109970.40625,False
4438,-1.15,0.01,129801.4072265625,False
4439,-0.74,0.01,140573.55580357142,False
4440,-1.955,0.01,154996.65104166666,False
4441,0.17500000000000027,0.01,137468.86328125,False
4442,-1.835,0.01,178262.7890625,False
4443,-1.005,0.01,123339.58125,False
4444,-0.17500000000000027,0.01,138374.80208333334,False
4445,-0.745,0.01,156612.01822916666,False
4446,-0.98,0.01,117598.189453125,False
4447,-1.7650000000000001,0.01,136646.15711805556,False
4448,-1.7849999999999997,0.01,135504.1640625,False
4449,0.04500000000000037,0.01,165752.30208333334,False
4450,-0.05500000000000016,0.01,140864.71354166666,False
4451,-0.4650000000000001,0.01,143468.5546875,False
4452,-2.4450000000000003,0.01,112106.9375,False
4453,-0.040000000000000036,0.01,130194.8486328125,False
4454,-1.665,0.01,127039.234375,False
4455,-0.8349999999999999,0.01,113465.296875,False
4456,-1.665,0.01,129444.55078125,False
4457,-0.4399999999999997,0.01,103441.125,False
4458,-0.1349999999999998,0.01,135199.2109375,False
4459,-0.8549999999999999,0.01,111895.25520833333,False
4460,-0.94,0.01,125140.5703125,False
4461,0.23999999999999955,0.01,131443.40972222222,False
4462,-1.36,0.01,146338.7265625,False
4463,-0.63,0.01,111478.4453125,False
4464,-1.31,0.01,141647.83854166666,False
4465,-0.69,0.01,131841.1671875,False
4466,-0.05500000000000016,0.01,127034.93359375,False
4467,-2.345,0.01,126431.44596354167,False
4468,-1.275,0.01,100082.125,False
4469,-1.5550000000000002,0.01,129339.29266826923,False
4470,-0.3999999999999999,0.01,151180.9734375,False
4471,-1.275,0.01,148420.49609375,False
4472,-0.3350000000000001,0.01,124355.70703125,False
4473,-1.6,0.01,117433.70052083333,False
4474,-0.25,0.01,116497.7734375,False
4475,-1.2700000000000002,0.01,123586.6689453125,False
4476,-1.255,0.01,166781.45833333334,False
4477,-0.33999999999999964,0.01,100671.94791666667,False
4478,-1.8250000000000002,0.01,131351.78338068182,False
4479,-0.03500000000000014,0.01,146152.625,False
4480,-1.53,0.01,102458.5546875,False
4481,-0.44000000000000006,0.01,102800.0234375,False
4482,-2.9499999999999997,0.01,132018.5078125,False
4483,0.9200000000000004,0.01,121005.30859375,False
4484,-1.5350000000000001,0.01,149107.921875,False
4485,-0.85,0.01,129921.9453125,False
4486,-1.245,0.01,133816.2734375,False
4487,-0.9600000000000003,0.01,114145.51996527778,False
4488,-1.33,0.01,106555.984375,False
4489,-0.84,0.01,105020.66145833333,False
4490,-1.6900000000000002,0.01,132473.72048611112,False
4491,-0.71,0.01,126346.140625,False
4492,0.46499999999999964,0.01,144572.5345982143,False
4493,-1.95,0.01,120896.31770833333,False
4494,-0.41000000000000025,0.01,110549.44105113637,False
4495,-1.2650000000000003,0.01,116470.681640625,False
4496,-1.83,0.01,138802.72265625,False
4497,-0.6649999999999999,0.01,119886.91796875,False
4498,-0.77,0.01,106832.8671875,False
4499,-1.435,0.01,130908.8359375,False
4500,-1.8599999999999999,0.01,115817.572265625,False
4501,-0.7299999999999999,0.01,100071.875,False
4502,-0.40000000000000013,0.01,124764.40625,False
4503,-2.1799999999999997,0.01,121841.564453125,False
4504,-0.1449999999999998,0.01,134350.17578125,False
4505,-1.445,0.01,124469.52604166667,False
4506,-1.2100000000000002,0.01,121960.73567708333,False
4507,-1.235,0.01,109468.03794642857,False
4508,-0.31499999999999995,0.01,132520.96875,False
4509,-0.45500000000000007,0.01,117039.3203125,False
4510,-1.94,0.01,125106.4765625,False
4511,-0.8399999999999999,0.01,92858.31640625,False
4512,-1.55,0.01,110509.32291666667,False
4513,-0.42999999999999994,0.01,136743.33984375,False
4514,-0.835,0.01,107071.875,False
4515,-1.3550000000000004,0.01,102570.4453125,False
4516,-1.33,0.01,118783.1171875,False
4517,-1.5,0.01,111710.42897727272,False
4518,-0.15500000000000003,0.01,104193.75520833333,False
4519,-0.06000000000000005,0.01,115100.08333333333,False
4520,-1.5350000000000004,0.01,108569.69977678571,False
4521,-1.3000000000000003,0.01,124755.18333333333,False
4522,-1.13,0.01,161491.21875,False
4523,-1.56,0.01,115203.46614583333,False
4524,-1.4500000000000002,0.01,105935.70052083333,False
4525,-0.4349999999999996,0.01,118915.84375,False
4526,-1.6600000000000001,0.01,118571.4462890625,False
4527,-0.45499999999999985,0.01,113753.712890625,False
4528,-0.6700000000000002,0.01,99755.89236111111,False
4529,-2.45,0.01,105817.84375,False
4530,-0.5899999999999996,0.01,115080.1484375,False
4531,-0.9349999999999998,0.01,91055.15625,False
4532,-0.8299999999999998,0.01,68371.09375,False
4533,-1.94,0.01,84063.06510416667,False
4534,0.16500000000000026,0.01,111055.12109375,False
4535,-1.53,0.01,126408.984375,False
4536,-0.9149999999999998,0.01,105286.08723958333,False
4537,-1.045,0.01,90049.2734375,False
4538,-0.6349999999999999,0.01,70964.06640625,False
4539,-0.765,0.01,97214.03776041667,False
4540,-1.4900000000000002,0.01,103012.5796875,False
4541,-0.79,0.01,110121.4515625,False
4542,-1.1800000000000004,0.01,96701.90538194444,False
4543,-1.375,0.01,100017.013671875,False
4544,-1.0150000000000001,0.01,107650.546875,False
4545,-0.4900000000000001,0.01,123996.0421875,False
4546,-0.885,0.01,103484.125,False
4547,-1.7650000000000001,0.01,105028.68489583333,False
4548,0.2500000000000002,0.01,112516.5703125,False
4549,-1.61,0.01,92680.74088541667,False
4550,-0.735,0.01,85680.77734375,False
4551,-1.33,0.01,98077.9921875,False
4552,-1.4350000000000003,0.01,99886.33463541667,False
4553,-0.7349999999999999,0.01,92428.33984375,False
4554,-2.51,0.01,105083.39973958333,False
4555,-0.5099999999999998,0.01,104964.71354166667,False
4556,-0.7649999999999999,0.01,99533.96354166667,False
4557,-0.825,0.01,77813.10546875,False
4558,-0.31999999999999995,0.01,93301.140625,False
4559,-2.49,0.01,100195.91015625,False
4560,-0.47499999999999964,0.01,96105.5107421875,False
4561,-0.7549999999999999,0.01,107987.19270833333,False
4562,-0.755,0.01,117485.16927083333,False
4563,-1.5250000000000001,0.01,121448.56510416667,False
4564,-1.975,0.01,102795.267578125,False
4565,0.1549999999999998,0.01,129752.564453125,False
4566,-1.835,0.01,93337.19921875,False
4567,-0.7849999999999999,0.01,102678.439453125,False
4568,-0.64,0.01,104077.13802083333,False
4569,-2.35,0.01,101480.34933035714,False
4570,-0.34499999999999975,0.01,109758.3671875,False
4571,-1.655,0.01,119651.34895833333,False
4572,1.2550000000000008,0.01,87100.20052083333,False
4573,-2.1350000000000002,0.01,109809.07589285714,False
4574,-1.23,0.01,124499.6171875,False
4575,-1.045,0.01,91831.875,False
4576,-0.33999999999999986,0.01,93837.47265625,False
4577,-0.44500000000000006,0.01,104827.125,False
4578,-1.355,0.01,113248.03125,False
4579,-1.96,0.01,92532.71875,False
4580,-0.535,0.01,136889.296875,False
4581,-1.155,0.01,94028.50260416667,False
4582,-1.33,0.01,114151.14453125,False
4583,-1.0899999999999999,0.01,92563.119140625,False
4584,-1.5350000000000001,0.01,126952.78348214286,False
4585,-0.8699999999999999,0.01,97008.83203125,False
4586,-0.84,0.01,105346.19921875,False
4587,-1.44,0.01,89436.07552083333,False
4588,-0.5999999999999999,0.01,107989.13125,False
4589,-0.7050000000000002,0.01,94181.41276041667,False
4590,-0.5499999999999998,0.01,95201.2890625,False
4591,-0.2300000000000001,0.01,99794.171875,False
4592,-1.85,0.01,107171.91666666667,False
4593,-1.34,0.01,120416.3203125,False
4594,-0.3550000000000001,0.01,94024.60807291667,False
4595,-1.8200000000000003,0.01,94816.109375,False
4596,-0.2350000000000001,0.01,99973.21875,False
4597,-1.08,0.01,101307.5578125,False
4598,-2.33,0.01,84441.86458333333,False
4599,0.5249999999999999,0.01,96749.165625,False
4600,-0.9800000000000002,0.01,85349.63628472222,False
4601,0.6499999999999999,0.01,101085.94270833333,False
4602,-1.585,0.01,100019.10546875,False
4603,-0.72,0.01,107813.21484375,False
4604,-2.675,0.01,91900.37847222222,False
4605,0.14500000000000002,0.01,87072.10216346153,False
4606,-0.7800000000000001,0.01,96143.44140625,False
4607,-0.8649999999999998,0.01,86947.9248046875,False
4608,-1.305,0.01,108289.4953125,False
4609,0.3600000000000003,0.01,68932.45052083333,False
4610,-1.83,0.01,66511.3984375,False
4611,0.07000000000000028,0.01,100821.92578125,False
4612,-2.015,0.01,88768.70833333333,False
4613,-1.0999999999999999,0.01,102161.478125,False
4614,-0.3900000000000001,0.01,87530.309765625,False
4615,-0.815,0.01,79102.375,False
4616,0.5499999999999994,0.01,83773.1240234375,False
4617,-1.8399999999999999,0.01,74831.05729166667,False
4618,-1.3699999999999999,0.01,75434.68229166667,False
4619,0.3700000000000001,0.01,82558.03125,False
4620,-2.5549999999999997,0.01,80266.625,False
4621,0.3999999999999999,0.01,85991.74348958333,False
4622,-0.20999999999999996,0.01,98410.3171875,False
4623,-1.35,0.01,76655.00911458333,False
4624,-1.6150000000000002,0.01,86207.90269886363,False
4625,-0.535,0.01,97195.31640625,False
4626,-0.5700000000000001,0.01,87690.93229166667,False
4627,-1.24,0.01,67471.8984375,False
4628,-0.6950000000000001,0.01,84294.24147727272,False
4629,-0.345,0.01,83496.19140625,False
4630,-1.4300000000000002,0.01,84967.765625,False
4631,-1.135,0.01,96078.80078125,False
4632,-0.9449999999999998,0.01,90703.55859375,False
4633,-0.8249999999999998,0.01,84310.72265625,False
4634,-0.9400000000000004,0.01,75373.0078125,False
4635,-0.5599999999999996,0.01,79639.279296875,False
4636,-0.45499999999999985,0.01,99776.296875,False
4637,-1.9849999999999999,0.01,88729.86328125,False
4638,-0.29000000000000004,0.01,77926.73984375,False
4639,-1.32,0.01,141399.453125,False
4640,-0.84,0.01,63526.08984375,False
4641,-1.435,0.01,62331.7265625,False
4642,-0.29000000000000004,0.01,84348.9109375,False
4643,-2.045,0.01,77569.01041666667,False
4644,-0.7749999999999999,0.01,68121.5771484375,False
4645,-1.2650000000000003,0.01,86188.11697048611,False
4646,-1.215,0.01,78706.80007102272,False
4647,-0.9000000000000001,0.01,85408.021875,False
4648,-0.62,0.01,71006.140625,False
4649,-1.865,0.01,74464.3310546875,False
4650,-0.44499999999999984,0.01,83176.48697916667,False
4651,-2.0300000000000002,0.01,97444.0859375,False
4652,-1.135,0.01,60418.68359375,False
4653,-0.8699999999999997,0.01,75036.02734375,False
4654,0.33499999999999974,0.01,100618.96875,False
4655,-1.94,0.01,64036.09375,False
4656,-0.9450000000000001,0.01,77106.5703125,False
4657,-1.65,0.01,63217.013020833336,False
4658,-0.8349999999999999,0.01,63112.2578125,False
4659,-0.6549999999999998,0.01,68263.21354166667,False
4660,-1.135,0.01,70503.55970982143,False
4661,-0.555,0.01,104229.29947916667,False
4662,-1.63,0.01,64745.451171875,False
4663,-1.545,0.01,65993.75,False
4664,-0.7449999999999999,0.01,87406.59635416667,False
4665,-0.20999999999999996,0.01,83877.01822916667,False
4666,-1.93,0.01,75490.1875,False
4667,-0.675,0.01,66313.21267361111,False
4668,-1.7850000000000001,0.01,70559.694921875,False
4669,-0.16500000000000004,0.01,69880.98557692308,False
4670,-1.54,0.01,58054.106770833336,False
4671,-1.455,0.01,79174.33072916667,False
4672,-1.3400000000000003,0.01,68976.90323153409,False
4673,-0.5299999999999999,0.01,59250.2109375,False
4674,-1.1800000000000002,0.01,70464.56163194444,False
4675,-1.52,0.01,69887.81818181818,False
4676,-1.54,0.01,61207.724888392855,False
4677,-0.775,0.01,65551.408203125,False
4678,-1.085,0.01,60053.496875,False
4679,-1.635,0.01,77771.08984375,False
4680,-0.5399999999999996,0.01,54631.7265625,False
4681,-0.785,0.01,60504.82265625,False
4682,-0.915,0.01,76571.5,False
4683,-2.08,0.01,65745.55982730263,False
4684,-0.64,0.01,52121.642578125,False
4685,-2.435,0.01,59178.951450892855,False
4686,-0.5149999999999997,0.01,64332.767578125,False
4687,-1.14,0.01,57957.203125,False
4688,-0.21499999999999986,0.01,60521.48046875,False
4689,-1.945,0.01,57428.97998046875,False
4690,0.26000000000000023,0.01,64877.58984375,False
4691,-2.57,0.01,64439.5078125,False
4692,-0.23499999999999965,0.01,71763.7734375,False
4693,-1.44,0.01,57331.369140625,False
4694,-1.035,0.01,67609.75390625,False
4695,-0.6899999999999997,0.01,63218.709375,False
4696,-0.885,0.01,59536.736328125,False
4697,-0.52,0.01,53990.97377232143,False
4698,-2.295,0.01,53320.7640625,False
4699,-1.7199999999999998,0.01,47912.100260416664,False
4700,-0.7299999999999999,0.01,68606.91015625,False
4701,-0.2649999999999997,0.01,44946.264322916664,False
4702,-1.04,0.01,51864.572265625,False
4703,-2.21,0.01,56785.5615234375,False
4704,-0.20999999999999974,0.01,56108.950520833336,False
4705,-0.20999999999999996,0.01,57805.265625,False
4706,-2.56,0.01,52754.5146484375,False
4707,-0.25499999999999967,0.01,56826.114583333336,False
4708,-0.9550000000000001,0.01,63038.186197916664,False
4709,-0.9600000000000001,0.01,57266.69677734375,False
4710,-1.305,0.01,44355.264322916664,False
4711,-1.2899999999999998,0.01,61928.0708984375,False
4712,-0.33499999999999974,0.01,88739.6171875,False
4713,-0.8549999999999999,0.01,69787.78125,False
4714,-1.3050000000000002,0.01,54597.5640625,False
4715,-0.030000000000000138,0.01,67759.08203125,False
4716,-1.935,0.01,58718.30357142857,False
4717,-0.6900000000000001,0.01,54879.90078125,False
4718,-0.9400000000000001,0.01,54761.185546875,False
4719,-1.835,0.01,48566.228515625,False
4720,-1.14,0.01,60755.71484375,False
4721,-0.365,0.01,51749.2724609375,False
4722,-1.565,0.01,54945.186197916664,False
4723,-1.06,0.01,51354.337239583336,False
4724,-0.7299999999999999,0.01,45674.5546875,False
4725,-0.9299999999999999,0.01,72908.76171875,False
4726,-2.085,0.01,51139.01128472222,False
4727,-0.4399999999999997,0.01,55523.46484375,False
4728,-0.41000000000000014,0.01,55395.01640625,False
4729,-1.5000000000000002,0.01,52924.796223958336,False
4730,-0.94,0.01,60519.072265625,False
4731,-1.545,0.01,51613.880859375,False
4732,0.039999999999999813,0.01,54561.2255859375,False
4733,-0.39500000000000024,0.01,45861.0671875,False
4734,-1.85,0.01,41155.983723958336,False
4735,-1.435,0.01,42334.439453125,False
4736,-0.27500000000000013,0.01,53157.54017857143,False
4737,-1.75,0.01,70763.16015625,False
4738,-0.5850000000000001,0.01,49428.61953125,False
4739,-2.05,0.01,52900.131510416664,False
4740,-0.5999999999999996,0.01,52410.29296875,False
4741,-1.16,0.01,58173.2578125,False
4742,-1.1150000000000002,0.01,49144.465494791664,False
4743,-0.875,0.01,45355.1806640625,False
4744,-1.485,0.01,51864.5546875,False
4745,-0.43500000000000005,0.01,53528.84375,False
4746,-1.655,0.01,45709.696614583336,False
4747,-0.6299999999999999,0.01,69093.515625,False
4748,-0.835,0.01,50295.859375,False
4749,-1.6400000000000001,0.01,44379.20703125,False
4750,-0.7399999999999999,0.01,59610.53125,False
4751,-1.13,0.01,47269.01171875,False
4752,-0.6449999999999999,0.01,44195.095703125,False
4753,-0.6900000000000002,0.01,43365.6580078125,False
4754,-2.435,0.01,50255.177734375,False
4755,-0.6299999999999999,0.01,52937.2734375,False
4756,-0.15500000000000003,0.01,51252.26171875,False
4757,-1.2750000000000001,0.01,41647.8115234375,False
4758,-0.9900000000000001,0.01,46989.5126953125,False
4759,-1.1400000000000001,0.01,43339.831380208336,False
4760,-0.2649999999999997,0.01,44088.266927083336,False
4761,-1.165,0.01,45429.069010416664,False
4762,-1.27,0.01,50086.572265625,False
4763,-1.03,0.01,40763.34765625,False
4764,-1.65,0.01,46470.7265625,False
4765,-0.30000000000000004,0.01,44622.238932291664,False
4766,-0.31000000000000005,0.01,44515.375651041664,False
4767,-1.3250000000000002,0.01,63482.53515625,False
4768,-1.345,0.01,62100.4140625,False
4769,-0.7249999999999999,0.01,52521.861607142855,False
4770,-0.9050000000000001,0.01,46520.1015625,False
4771,-1.6450000000000002,0.01,56030.86268028846,False
4772,-0.8349999999999999,0.01,43407.1572265625,False
4773,-0.6150000000000001,0.01,48271.176432291664,False
4774,-1.73,0.01,49162.13002232143,False
4775,-0.6349999999999999,0.01,46052.033203125,False
4776,-1.4300000000000002,0.01,41333.390625,False
4777,0.46499999999999986,0.01,51049.044270833336,False
4778,-0.83,0.01,36310.75,False
4779,-2.6550000000000002,0.01,51488.438802083336,False
4780,0.9700000000000002,0.01,38058.359375,False
4781,-1.04,0.01,41397.79150390625,False
4782,-1.355,0.01,37703.763020833336,False
4783,-1.24,0.01,41777.171875,False
4784,-0.4500000000000006,0.01,44295.86147836538,False
4785,-1.395,0.01,44547.1359375,False
4786,0.23999999999999977,0.01,45364.22412109375,False
4787,-2.455,0.01,50546.25634765625,False
4788,-1.41,0.01,46252.400390625,False
4789,-0.09499999999999997,0.01,40033.27578125,False
4790,-1.46,0.01,42402.044270833336,False
4791,-0.1499999999999999,0.01,42288.499348958336,False
4792,-1.2,0.01,45870.03125,False
4793,-1.35,0.01,37844.242838541664,False
4794,-1.44,0.01,31651.19921875,False
4795,-0.235,0.01,34327.62109375,False
4796,-1.4100000000000001,0.01,49210.6953125,False
4797,-1.085,0.01,36024.4345703125,False
4798,-1.33,0.01,30748.927734375,False
4799,-2.1550000000000002,0.01,47907.879807692305,False
4800,0.2550000000000001,0.01,37133.502604166664,False
4801,-1.94,0.01,38937.94921875,False
4802,0.07000000000000028,0.01,49690.96484375,False
4803,-1.875,0.01,41720.048828125,False
4804,1.0700000000000003,0.01,40714.4609375,False
4805,-1.7850000000000001,0.01,43041.4833984375,False
4806,-0.6750000000000002,0.01,43818.33984375,False
4807,-0.43999999999999995,0.01,37284.678385416664,False
4808,-0.43499999999999994,0.01,35830.392578125,False
4809,-2.115,0.01,35753.015299479164,False
4810,-0.565,0.01,35871.001302083336,False
4811,-1.2449999999999999,0.01,30584.860677083332,False
4812,-0.31500000000000006,0.01,35234.704427083336,False
4813,-2.635,0.01,32742.99609375,False
4814,-0.6599999999999997,0.01,36352.071614583336,False
4815,-1.0599999999999998,0.01,35017.256510416664,False
4816,-0.43000000000000005,0.01,40456.015625,False
4817,-1.77,0.01,41395.825520833336,False
4818,0.4450000000000003,0.01,48506.9990234375,False
4819,-1.3750000000000002,0.01,40038.25151909722,False
4820,-1.98,0.01,37566.7744140625,False
4821,0.45499999999999985,0.01,33395.472005208336,False
4822,-1.34,0.01,29634.6875,False
4823,-1.8900000000000001,0.01,39750.298828125,False
4824,-0.49,0.01,35796.66943359375,False
4825,-1.685,0.01,41085.712109375,False
4826,0.9550000000000001,0.01,38958.189208984375,False
4827,-2.365,0.01,38822.00646033654,False
4828,-0.28000000000000014,0.01,36511.408203125,False
4829,-1.83,0.01,43240.26953125,False
4830,-0.95,0.01,37504.4609375,False
4831,-1.8049999999999997,0.01,35384.77890625,False
4832,0.17000000000000037,0.01,38509.24609375,False
4833,-1.225,0.01,50815.32421875,False
4834,-1.29,0.01,37123.333984375,False
4835,-0.4850000000000001,0.01,34872.9734375,False
4836,-2.2,0.01,31284.725,False
4837,-0.5499999999999996,0.01,29955.348958333332,False
4838,-1.23,0.01,38139.765625,False
4839,-0.8299999999999998,0.01,57864.97265625,False
4840,0.16500000000000004,0.01,32622.412760416668,False
4841,-0.5300000000000001,0.01,36486.8359375,False
4842,-1.99,0.01,34762.991796875,False
4843,-0.5399999999999996,0.01,28444.1025390625,False
4844,-1.475,0.01,42710.80419921875,False
4845,-1.51,0.01,41765.504557291664,False
4846,0.14500000000000024,0.01,30245.429036458332,False
4847,-1.4050000000000002,0.01,33286.01403808594,False
4848,0.06499999999999995,0.01,30929.57421875,False
4849,-1.1900000000000002,0.01,33960.86484375,False
4850,-2.3600000000000003,0.01,30448.145833333332,False
4851,0.5799999999999998,0.01,34898.21058238636,False
4852,-2.145,0.01,40290.26171875,False
4853,-1.5450000000000002,0.01,39804.29213169643,False
4854,-0.9749999999999998,0.01,37293.19189453125,False
4855,-0.6849999999999996,0.01,34713.99453125,False
4856,-0.125,0.01,34974.1796875,False
4857,-2.035,0.01,36501.970703125,False
4858,0.6999999999999995,0.01,35436.061967329544,False
4859,-1.54,0.01,35854.2890625,False
4860,-1.63,0.01,30367.494140625,False
4861,-1.235,0.01,35987.218470982145,False
4862,-0.23999999999999977,0.01,34442.5830078125,False
4863,-1.0500000000000003,0.01,30780.88972355769,False
4864,0.05999999999999983,0.01,25577.0625,False
4865,-1.335,0.01,36112.970703125,False
4866,-1.69,0.01,37924.36796875,False
4867,-0.8449999999999999,0.01,33875.8828125,False
4868,-1.445,0.01,28750.880859375,False
4869,-0.35499999999999976,0.01,28348.87109375,False
4870,-1.435,0.01,26583.10546875,False
4871,-1.03,0.01,35352.36049107143,False
4872,-1.3800000000000001,0.01,41592.220703125,False
4873,-0.8999999999999999,0.01,30376.2296875,False
4874,-1.605,0.01,35977.516276041664,False
4875,-0.1349999999999998,0.01,28579.3212890625,False
4876,-2.095,0.01,31408.239583333332,False
4877,-1.695,0.01,34782.0134765625,False
4878,-0.6949999999999996,0.01,28988.453125,False
4879,-0.3299999999999996,0.01,32248.578125,False
4880,-0.855,0.01,32541.287760416668,False
4881,-1.32,0.01,30296.877511160714,False
4882,-1.37,0.01,30005.259033203125,False
4883,-0.845,0.01,29563.22265625,False
4884,-0.2350000000000001,0.01,32866.5419921875,False
4885,-1.955,0.01,35069.346354166664,False
4886,-1.4500000000000002,0.01,31229.643880208332,False
4887,-0.6749999999999999,0.01,30106.8779296875,False
4888,-1.76,0.01,27378.395833333332,False
4889,3.1149999999999984,0.01,32074.46484375,False
4890,-1.585,0.01,29148.06796875,False
4891,-0.825,0.01,28251.809895833332,False
4892,-1.61,0.01,33122.559895833336,False
4893,-0.2300000000000001,0.01,24821.73046875,False
4894,-2.365,0.01,30674.357421875,False
4895,-0.42000000000000004,0.01,33571.653645833336,False
4896,-1.7799999999999998,0.01,31891.8765625,False
4897,-0.6399999999999999,0.01,25297.00167410714,False
4898,-0.7499999999999999,0.01,28402.525390625,False
4899,-1.11,0.01,27869.65,False
4900,-1.4100000000000001,0.01,25228.580078125,False
4901,-0.6449999999999999,0.01,25667.774739583332,False
4902,-2.695,0.01,28517.5146484375,False
4903,0.27500000000000036,0.01,19118.66796875,False
4904,-0.18500000000000028,0.01,24708.6484375,False
4905,-1.59,0.01,33546.63125,False
4906,-0.7349999999999999,0.01,32520.611328125,False
4907,-0.345,0.01,24081.603515625,False
4908,-1.94,0.01,28434.940011160714,False
4909,-0.7399999999999999,0.01,32194.408854166668,False
4910,-1.265,0.01,27603.34375,False
4911,-1.22,0.01,24043.447265625,False
4912,-1.19,0.01,28588.607421875,False
4913,-0.11499999999999999,0.01,28545.505859375,False
4914,-0.8300000000000002,0.01,33188.728794642855,False
4915,-2.08,0.01,21981.38427734375,False
4916,-1.8599999999999999,0.01,26362.824869791668,False
4917,0.73,0.01,22612.06005859375,False
4918,-2.3449999999999998,0.01,27206.036458333332,False
4919,-0.5599999999999996,0.01,25704.98046875,False
4920,-0.63,0.01,27573.1923828125,False
4921,-1.63,0.01,22275.6015625,False
4922,-1.35,0.01,24297.1328125,False
4923,-1.185,0.01,35410.0515625,False
4924,-0.7949999999999997,0.01,29894.88046875,False
4925,-0.5299999999999999,0.01,31744.4609375,False
4926,-0.43000000000000005,0.01,24906.4375,False
4927,-1.475,0.01,23922.9189453125,False
4928,-1.1050000000000002,0.01,33133.343424479164,False
4929,-1.035,0.01,27497.990234375,False
4930,-0.935,0.01,32353.85546875,False
4931,-1.615,0.01,25981.777669270832,False
4932,-0.3450000000000001,0.01,29498.4189453125,False
4933,-1.635,0.01,27481.06640625,False
4934,-1.03,0.01,23310.55078125,False
4935,-0.7649999999999999,0.01,26118.720269097223,False
4936,-0.4299999999999997,0.01,28410.98828125,False
4937,-1.51,0.01,28862.600260416668,False
4938,-0.9349999999999998,0.01,28505.03125,False
4939,-1.7400000000000002,0.01,23667.622209821428,False
4940,-0.7299999999999998,0.01,23170.378069196428,False
4941,-1.02,0.01,21737.019856770832,False
4942,0.375,0.01,22439.8740234375,False
4943,-0.8899999999999999,0.01,25997.85078125,False
4944,-1.2500000000000002,0.01,25664.47393329327,False
4945,-1.665,0.01,30401.51171875,False
4946,-0.31999999999999995,0.01,31127.056640625,False
4947,-0.935,0.01,22335.359375,False
4948,-1.245,0.01,29589.962890625,False
4949,-0.9650000000000001,0.01,21314.666015625,False
4950,-2.025,0.01,21212.483816964286,False
4951,-1.3599999999999999,0.01,20435.193359375,False
4952,-0.6849999999999998,0.01,21152.0109375,False
4953,-0.32500000000000007,0.01,37896.8515625,False
4954,-1.1300000000000003,0.01,25304.979073660714,False
4955,-0.30000000000000004,0.01,22504.735546875,False
4956,-0.2350000000000001,0.01,19269.099609375,False
4957,-1.945,0.01,23427.45703125,False
4958,-1.67,0.01,22598.146484375,False
4959,-1.65,0.01,25495.345703125,False
4960,0.6150000000000002,0.01,28126.0208984375,False
4961,-1.79,0.01,27927.50546875,False
4962,-0.06500000000000017,0.01,22837.0107421875,False
4963,-2.3049999999999997,0.01,28846.173177083332,False
4964,-0.04499999999999993,0.01,25943.2763671875,False
4965,-2.045,0.01,18669.682291666668,False
4966,-0.6599999999999997,0.01,22800.880859375,False
4967,-0.28000000000000014,0.01,23661.271728515625,False
4968,-2.0950000000000006,0.01,26244.981380208334,False
4969,-0.7749999999999999,0.01,22884.34228515625,False
4970,-1.345,0.01,25912.21484375,False
4971,-1.0399999999999998,0.01,22453.7626953125,False
4972,-0.61,0.01,20789.96875,False
4973,-2.065,0.01,18882.34375,False
4974,-0.6449999999999999,0.01,21448.236328125,False
4975,-1.5300000000000002,0.01,21340.834147135418,False
4976,0.55,0.01,20089.74384014423,False
4977,-1.56,0.01,18700.776123046875,False
4978,-0.76,0.01,22728.391357421875,False
4979,-2.255,0.01,22764.24609375,False
4980,-0.48999999999999977,0.01,18924.79697265625,False
4981,-0.7399999999999999,0.01,14890.78125,False
4982,-1.9100000000000001,0.01,20519.830444335938,False
4983,-0.13000000000000012,0.01,25197.655924479168,False
4984,-1.8850000000000002,0.01,21568.49228515625,False
4985,-0.44499999999999984,0.01,31009.345703125,False
4986,-1.06,0.01,20014.01611328125,False
4987,-1.35,0.01,17885.046875,False
4988,-1.255,0.01,22634.080729166668,False
4989,-0.845,0.01,16667.543619791668,False
4990,-0.4850000000000002,0.01,20202.56423611111,False
4991,-2.0300000000000002,0.01,16577.952706473214,False
4992,-0.36,0.01,19715.958333333332,False
4993,-1.27,0.01,18184.16259765625,False
4994,-1.895,0.01,19429.62109375,False
4995,-1.2449999999999999,0.01,16830.8193359375,False
4996,-0.3299999999999996,0.01,21174.748046875,False
4997,-1.0399999999999998,0.01,20742.834635416668,False
4998,-0.925,0.01,31255.6015625,False
4999,-1.615,0.01,17278.813151041668,False
5000,-0.13999999999999968,0.01,21988.76953125,False
5001,-1.4450000000000003,0.01,18668.295043945312,False
5002,-1.63,0.01,19649.663504464286,False
5003,-1.0399999999999998,0.01,27772.01171875,False
5004,-1.0750000000000002,0.01,17745.23291015625,False
5005,0.45999999999999996,0.01,14954.080078125,False
5006,-0.4850000000000001,0.01,19712.5271484375,False
5007,-0.895,0.01,14314.9951171875,False
5008,-0.94,0.01,20249.94921875,False
5009,-0.25,0.01,18871.5927734375,False
5010,-1.3850000000000002,0.01,18096.98935546875,False
5011,0.17999999999999994,0.01,16691.82177734375,False
5012,-1.0750000000000002,0.01,15849.33251953125,False
5013,-1.955,0.01,15973.551513671875,False
5014,-0.7549999999999999,0.01,17388.686197916668,False
5015,-0.6949999999999998,0.01,18026.385546875,False
5016,-1.37,0.01,17522.312255859375,False
5017,-0.9299999999999999,0.01,16293.90234375,False
5018,-1.335,0.01,19996.253487723214,False
5019,0.07499999999999973,0.01,15756.573464133522,False
5020,-1.98,0.01,13854.44482421875,False
5021,-0.355,0.01,13777.139973958334,False
5022,-0.835,0.01,23398.3955078125,False
5023,-0.19500000000000006,0.01,14103.8931640625,False
5024,-1.9449999999999998,0.01,12295.690104166666,False
5025,-0.8249999999999998,0.01,13402.11328125,False
5026,-0.31000000000000005,0.01,18384.348307291668,False
5027,-1.3500000000000003,0.01,14171.4267578125,False
5028,-1.09,0.01,15702.5283203125,False
5029,-2.085,0.01,13190.4068359375,False
5030,0.06000000000000005,0.01,13787.00390625,False
5031,-1.565,0.01,12905.571044921875,False
5032,-0.32499999999999996,0.01,21461.45703125,False
5033,-1.6400000000000001,0.01,18540.3388671875,False
5034,-0.2450000000000001,0.01,12195.415364583334,False
5035,-0.5399999999999999,0.01,14810.24609375,False
5036,-1.755,0.01,14354.003295898438,False
5037,-0.54,0.01,14017.018229166666,False
5038,-1.425,0.01,17644.203125,False
5039,-1.235,0.01,16355.234375,False
5040,-0.23499999999999965,0.01,13611.91162109375,False
5041,-1.435,0.01,13091.201171875,False
5042,-0.8399999999999999,0.01,11961.95654296875,False
5043,-1.23,0.01,12387.7939453125,False
5044,-0.7750000000000001,0.01,12516.933810763889,False
5045,-1.63,0.01,14695.3056640625,False
5046,-1.465,0.01,16083.123046875,False
5047,-1.035,0.01,14607.9423828125,False
5048,0.050000000000000266,0.01,14284.948567708334,False
5049,-2.135,0.01,12179.6806640625,False
5050,0.3749999999999998,0.01,13237.00795200893,False
5051,-1.485,0.01,17179.236572265625,False
5052,-2.0949999999999998,0.01,14229.1984375,False
5053,-0.36,0.01,14161.006510416666,False
5054,-1.11,0.01,13366.609049479166,False
5055,-1.1400000000000001,0.01,11532.09375,False
5056,-1.18,0.01,11931.0478515625,False
5057,-1.03,0.01,11349.2109375,False
5058,-1.295,0.01,13366.359765625,False
5059,-1.11,0.01,12440.51171875,False
5060,-1.285,0.01,12436.3919921875,False
5061,0.06499999999999995,0.01,13341.30126953125,False
5062,-1.395,0.01,16533.2142578125,False
5063,-2.135,0.01,16633.6435546875,False
5064,0.07500000000000018,0.01,17286.486328125,False
5065,-1.7349999999999999,0.01,11545.26904296875,False
5066,-0.85,0.01,10211.017700195312,False
5067,-0.7349999999999999,0.01,9978.87939453125,False
5068,-1.5250000000000001,0.01,11827.931315104166,False
5069,-0.8599999999999999,0.01,13978.02392578125,False
5070,-0.5600000000000002,0.01,13403.118530273438,False
5071,-2.13,0.01,8937.595703125,False
5072,-1.0399999999999998,0.01,12113.921183268229,False
5073,-0.28000000000000025,0.01,17657.793910435266,False
5074,-1.755,0.01,15564.101236979166,False
5075,-0.6349999999999999,0.01,16768.84521484375,False
5076,-1.925,0.01,17578.518973214286,False
5077,-0.6449999999999996,0.01,14309.50830078125,False
5078,-0.84,0.01,15817.97998046875,False
5079,-1.4100000000000001,0.01,19237.50390625,False
5080,-1.5350000000000001,0.01,14245.513671875,False
5081,-0.47999999999999976,0.01,14566.33740234375,False
5082,-1.23,0.01,9603.76318359375,False
5083,-0.6299999999999999,0.01,12348.49658203125,False
5084,-0.545,0.01,13142.04248046875,False
5085,-0.935,0.01,15063.73583984375,False
5086,-1.5250000000000004,0.01,13960.211995442709,False
5087,-1.105,0.01,13140.91357421875,False
5088,-0.030000000000000027,0.01,15144.662109375,False
5089,-0.13500000000000023,0.01,11463.658874511719,False
5090,-1.7650000000000001,0.01,12561.0810546875,False
5091,-0.94,0.01,12112.306884765625,False
5092,-1.545,0.01,14089.269205729166,False
5093,0.06000000000000005,0.01,13322.59521484375,False
5094,-1.59,0.01,12670.033984375,False
5095,-1.3599999999999999,0.01,12291.475260416666,False
5096,-0.125,0.01,13537.56982421875,False
5097,-1.63,0.01,9825.115234375,False
5098,-0.8299999999999998,0.01,10527.61181640625,False
5099,-1.02,0.01,12001.689697265625,False
5100,-1.855,0.01,13190.387329101562,False
5101,-0.8099999999999998,0.01,13600.7333984375,False
5102,-0.745,0.01,13500.347005208334,False
5103,-0.8249999999999998,0.01,19954.443359375,False
5104,-1.605,0.01,15240.164225260416,False
5105,-0.8699999999999999,0.01,11684.713623046875,False
5106,-1.07,0.01,10656.685668945312,False
5107,-1.405,0.01,11920.108072916666,False
5108,-0.7349999999999999,0.01,9615.40234375,False
5109,-0.7350000000000001,0.01,11745.553292410714,False
5110,-1.935,0.01,13323.6396484375,False
5111,-1.02,0.01,12366.492106119791,False
5112,-1.0899999999999999,0.01,11364.2494140625,False
5113,0.039999999999999813,0.01,9256.549153645834,False
5114,-2.13,0.01,11141.6767578125,False
5115,-0.875,0.01,11047.476318359375,False
5116,-1.3350000000000002,0.01,11756.917201450893,False
5117,-0.7699999999999999,0.01,12217.82421875,False
5118,-1.605,0.01,9168.060709635416,False
5119,-0.685,0.01,11194.630154079861,False
5120,-0.79,0.01,10410.0830078125,False
5121,-1.7650000000000001,0.01,9925.598876953125,False
5122,-1.16,0.01,13394.595377604166,False
5123,-0.7299999999999999,0.01,12124.82275390625,False
5124,-0.5299999999999999,0.01,10048.2587890625,False
5125,-1.0650000000000002,0.01,11683.590277777777,False
5126,-1.945,0.01,12365.919224330357,False
5127,-0.775,0.01,11705.278930664062,False
5128,-0.625,0.01,10495.62939453125,False
5129,-0.98,0.01,14111.133056640625,False
5130,-1.56,0.01,11217.2841796875,False
5131,-1.27,0.01,10142.199951171875,False
5132,-0.8099999999999999,0.01,7527.8330078125,False
5133,-2.27,0.01,9626.92724609375,False
5134,1.5550000000000028,0.01,9448.126005284927,False
5135,-1.0550000000000002,0.01,11216.291687011719,False
5136,-0.6300000000000001,0.01,16264.2802734375,False
5137,-0.33000000000000007,0.01,11044.7080078125,False
5138,-0.7299999999999999,0.01,7448.385986328125,False
5139,-1.56,0.01,10442.732747395834,False
5140,-2.3200000000000003,0.01,8499.338936941964,False
5141,1.6500000000000012,0.01,11970.706380208334,False
5142,-1.1150000000000002,0.01,11131.569173177084,False
5143,-1.655,0.01,10347.134114583334,False
5144,-0.8399999999999999,0.01,14240.29248046875,False
5145,-1.135,0.01,12085.12939453125,False
5146,-1.955,0.01,9792.267944335938,False
5147,-0.5449999999999997,0.01,7728.313232421875,False
5148,-1.5200000000000002,0.01,10316.638901654413,False
5149,0.1100000000000001,0.01,11284.105224609375,False
5150,-1.435,0.01,10059.70068359375,False
5151,-1.125,0.01,10254.41845703125,False
5152,-1.665,0.01,7699.639485677083,False
5153,0.2550000000000001,0.01,9044.346354166666,False
5154,-0.8900000000000001,0.01,11096.0939453125,False
5155,-1.5050000000000001,0.01,10311.2791015625,False
5156,-0.24499999999999966,0.01,12753.938802083334,False
5157,-1.335,0.01,9112.7265625,False
5158,-0.33499999999999996,0.01,10556.23095703125,False
5159,-1.4050000000000002,0.01,9379.08662109375,False
5160,-0.5400000000000003,0.01,12198.6318359375,False
5161,-1.3900000000000001,0.01,9491.827294921875,False
5162,0.17000000000000015,0.01,7442.69873046875,False
5163,-2.16,0.01,10114.218858506945,False
5164,0.45500000000000007,0.01,8304.390380859375,False
5165,-0.94,0.01,10120.530924479166,False
5166,-0.7500000000000001,0.01,8493.39501953125,False
5167,-1.4300000000000002,0.01,8079.249267578125,False
5168,-0.51,0.01,5439.78076171875,False
5169,-2.035,0.01,8156.743303571428,False
5170,-0.7200000000000001,0.01,8811.883626302084,False
5171,-2.485,0.01,8514.64150390625,False
5172,0.52,0.01,9509.049560546875,False
5173,-0.125,0.01,9784.80322265625,False
5174,-1.335,0.01,9411.564208984375,False
5175,-1.67,0.01,11051.938802083334,False
5176,-0.7599999999999999,0.01,8379.012084960938,False
5177,-0.705,0.01,8975.78857421875,False
5178,-1.245,0.01,7543.71484375,False
5179,-1.92,0.01,8816.309651692709,False
5180,-0.49,0.01,10422.82080078125,False
5181,-0.9300000000000003,0.01,10114.954145951704,False
5182,-0.41500000000000015,0.01,10411.006022135416,False
5183,-1.435,0.01,8060.1943359375,False
5184,-1.5350000000000001,0.01,9742.3720703125,False
5185,-0.6349999999999999,0.01,8637.69921875,False
5186,-1.05,0.01,9109.731608072916,False
5187,-2.7800000000000002,0.01,8343.162760416666,False
5188,0.4500000000000002,0.01,9911.563639322916,False
5189,-2.37,0.01,9145.89111328125,False
5190,-0.4349999999999996,0.01,9501.931640625,False
5191,-1.03,0.01,7952.80419921875,False
5192,-0.23999999999999977,0.01,6831.940673828125,False
5193,-1.435,0.01,8142.503662109375,False
5194,-1.03,0.01,8629.7998046875,False
5195,-1.525,0.01,8618.199462890625,False
5196,-0.6899999999999997,0.01,8452.340625,False
5197,-1.7750000000000001,0.01,9058.037326388889,False
5198,0.039999999999999813,0.01,8917.926330566406,False
5199,-1.235,0.01,6002.263671875,False
5200,-0.67,0.01,8742.793701171875,False
5201,-1.235,0.01,8050.625,False
5202,-1.1500000000000001,0.01,8583.606750488281,False
5203,-1.5150000000000001,0.01,9154.1416015625,False
5204,-1.4250000000000003,0.01,9138.453125,False
5205,-1.27,0.01,8014.541720920139,False
5206,-0.10999999999999999,0.01,7373.998046875,False
5207,-1.935,0.01,7466.5390625,False
5208,-1.13,0.01,5877.9140625,False
5209,-1.4300000000000002,0.01,8110.41162109375,False
5210,-0.7449999999999997,0.01,8191.782877604167,False
5211,-1.4300000000000002,0.01,12713.25,False
5212,0.050000000000000044,0.01,7552.278971354167,False
5213,-1.08,0.01,7722.8409423828125,False
5214,-0.9299999999999999,0.01,8751.288330078125,False
5215,-0.535,0.01,6965.541015625,False
5216,-2.58,0.01,7221.964111328125,False
5217,-0.0349999999999997,0.01,7697.847900390625,False
5218,-1.71,0.01,6868.2783203125,False
5219,-0.9,0.01,8383.14755859375,False
5220,-1.1800000000000002,0.01,7843.045703125,False
5221,-1.5350000000000001,0.01,6536.946847098215,False
5222,-1.15,0.01,9434.78955078125,False
5223,-0.040000000000000036,0.01,8405.46728515625,False
5224,-1.045,0.01,7585.41796875,False
5225,-1.1400000000000001,0.01,6329.299560546875,False
5226,-1.745,0.01,6791.525716145833,False
5227,-0.44999999999999996,0.01,9687.3037109375,False
5228,-1.61,0.01,8418.2841796875,False
5229,0.1499999999999999,0.01,8253.92236328125,False
5230,-2.9349999999999996,0.01,7477.978759765625,False
5231,0.41500000000000004,0.01,6520.73056640625,False
5232,-1.61,0.01,8064.31640625,False
5233,-1.4649999999999999,0.01,8565.051025390625,False
5234,-0.7899999999999998,0.01,10335.16875,False
5235,-1.335,0.01,6451.428955078125,False
5236,-0.6299999999999999,0.01,6231.90869140625,False
5237,-1.705,0.01,9262.926513671875,False
5238,-0.5499999999999998,0.01,7491.115173339844,False
5239,-0.6449999999999999,0.01,6417.318603515625,False
5240,-1.33,0.01,7975.609375,False
5241,-0.525,0.01,5577.5009765625,False
5242,-0.66,0.01,7495.30810546875,False
5243,-0.13500000000000012,0.01,7841.66748046875,False
5244,-1.435,0.01,8709.972900390625,False
5245,-2.245,0.01,5441.0546875,False
5246,-1.19,0.01,7125.7310546875,False
5247,-1.0899999999999999,0.01,7213.65048828125,False
5248,-0.6099999999999999,0.01,6996.643473307292,False
5249,-0.19000000000000017,0.01,7405.4710693359375,False
5250,-2.44,0.01,7041.023274739583,False
5251,-0.9099999999999999,0.01,6507.4455078125,False
5252,0.07500000000000018,0.01,8810.226318359375,False
5253,-1.135,0.01,6716.038818359375,False
5254,-2.275,0.01,8502.671020507812,False
5255,0.16000000000000014,0.01,7049.11181640625,False
5256,-2.1399999999999997,0.01,5694.026611328125,False
5257,-0.5399999999999998,0.01,6389.646484375,False
5258,-0.525,0.01,6418.3359375,False
5259,-1.475,0.01,6847.2706298828125,False
5260,-1.045,0.01,5810.3701171875,False
5261,-0.8499999999999999,0.01,10081.38916015625,False
5262,-0.63,0.01,6603.8203125,False
5263,-0.7500000000000002,0.01,6401.43505859375,False
5264,-1.635,0.01,10182.7373046875,False
5265,-0.5650000000000001,0.01,5974.224283854167,False
5266,-1.1600000000000001,0.01,6338.35986328125,False
5267,-0.5399999999999998,0.01,6994.487060546875,False
5268,-1.0150000000000001,0.01,6651.56396484375,False
5269,-0.8900000000000001,0.01,6941.81923828125,False
5270,-1.2800000000000002,0.01,7220.7431640625,False
5271,-1.24,0.01,7277.509521484375,False
5272,-1.94,0.01,5996.448079427083,False
5273,0.36499999999999977,0.01,6304.821568080357,False
5274,-2.02,0.01,6561.605875651042,False
5275,-0.8599999999999999,0.01,5914.035481770833,False
5276,-0.8399999999999999,0.01,5136.099609375,False
5277,-0.9299999999999999,0.01,5884.312255859375,False
5278,-0.83,0.01,6742.76904296875,False
5279,-2.075,0.01,7902.8765869140625,False
5280,-0.2699999999999998,0.01,6238.18603515625,False
5281,-0.855,0.01,6432.24072265625,False
5282,-1.1250000000000002,0.01,6150.397786458333,False
5283,-0.20000000000000018,0.01,6027.995524088542,False
5284,-1.645,0.01,7555.590087890625,False
5285,-1.4649999999999999,0.01,5477.27685546875,False
5286,-0.6349999999999999,0.01,6039.2177734375,False
5287,-0.9850000000000001,0.01,5289.4068603515625,False
5288,-1.33,0.01,6370.336181640625,False
5289,-1.03,0.01,3852.5413818359375,False
5290,-0.8499999999999999,0.01,5884.290771484375,False
5291,-0.63,0.01,6874.7158203125,False
5292,-0.8950000000000001,0.01,5499.31416015625,False
5293,-1.5350000000000001,0.01,7397.413330078125,False
5294,-1.2599999999999998,0.01,7080.6494140625,False
5295,-0.7499999999999999,0.01,5571.096028645833,False
5296,-0.935,0.01,5554.630859375,False
5297,-1.6400000000000001,0.01,5326.9173583984375,False
5298,-0.58,0.01,6374.61650390625,False
5299,-1.3800000000000003,0.01,5722.323784722223,False
5300,-0.31500000000000017,0.01,5527.8815511067705,False
5301,0.18499999999999983,0.01,4967.556070963542,False
5302,-2.17,0.01,5743.0068359375,False
5303,-1.0350000000000001,0.01,5185.207170758928,False
5304,-1.2750000000000001,0.01,6529.0386962890625,False
5305,-0.6349999999999999,0.01,5332.260009765625,False
5306,-0.8650000000000002,0.01,5870.548113141741,False
5307,0.15500000000000003,0.01,4177.94384765625,False
5308,-1.27,0.01,6288.1298828125,False
5309,-0.835,0.01,5122.793701171875,False
5310,-1.7650000000000001,0.01,5469.580891927083,False
5311,-0.45500000000000007,0.01,4496.637288411458,False
5312,-1.4500000000000002,0.01,5610.17529296875,False
5313,-1.045,0.01,6061.780924479167,False
5314,-2.1,0.01,5370.69609375,False
5315,0.44500000000000006,0.01,4802.866973876953,False
5316,-1.31,0.01,4647.2802734375,False
5317,-0.9999999999999999,0.01,4874.163671875,False
5318,-0.875,0.01,6453.712619357639,False
5319,-1.185,0.01,4820.8515625,False
5320,-0.6249999999999999,0.01,4357.552734375,False
5321,-1.955,0.01,4885.043294270833,False
5322,-0.29000000000000004,0.01,4903.462451171875,False
5323,-2.45,0.01,6067.941243489583,False
5324,0.27500000000000013,0.01,5090.561848958333,False
5325,-1.545,0.01,4697.306966145833,False
5326,-0.44000000000000006,0.01,6217.58154296875,False
5327,-1.44,0.01,4743.1064453125,False
5328,-1.15,0.01,4128.60791015625,False
5329,-0.925,0.01,4589.859375,False
5330,0.9050000000000007,0.01,4231.58935546875,False
5331,-1.4000000000000001,0.01,4268.956005859375,False
5332,-1.035,0.01,6462.16064453125,False
5333,-1.375,0.01,5709.692626953125,False
5334,0.3600000000000003,0.01,6234.2685546875,False
5335,-0.83,0.01,4627.97412109375,False
5336,-1.0750000000000002,0.01,5548.905544704861,False
5337,-1.2400000000000002,0.01,5417.776479867788,False
5338,-0.985,0.01,5780.3961181640625,False
5339,-1.4300000000000002,0.01,5024.328822544643,False
5340,-1.6100000000000003,0.01,5231.605424360795,False
5341,-0.7499999999999998,0.01,4578.224400111607,False
5342,-0.7349999999999999,0.01,3462.6363525390625,False
5343,-1.37,0.01,4367.3077392578125,False
5344,-1.4300000000000002,0.01,3472.4671630859375,False
5345,-1.0650000000000002,0.01,4166.329040527344,False
5346,-0.38500000000000023,0.01,5393.59697265625,False
5347,-0.14,0.01,3915.492431640625,False
5348,-2.225,0.01,3120.3494873046875,False
5349,-0.1349999999999998,0.01,4787.45166015625,False
5350,-0.68,0.01,4119.414978027344,False
5351,-1.74,0.01,3817.304931640625,False
5352,0.49,0.01,3945.754150390625,False
5353,-0.53,0.01,3742.410888671875,False
5354,-1.13,0.01,5499.578857421875,False
5355,-0.94,0.01,4129.754499162947,False
5356,-1.0150000000000001,0.01,4166.642333984375,False
5357,-1.4500000000000002,0.01,3915.03515625,False
5358,-0.7699999999999999,0.01,4496.736273871527,False
5359,-1.245,0.01,3486.508544921875,False
5360,-1.3250000000000002,0.01,3694.1044921875,False
5361,-1.1500000000000001,0.01,4577.518615722656,False
5362,-0.33999999999999964,0.01,3763.914794921875,False
5363,-0.645,0.01,3477.6407470703125,False
5364,-1.5450000000000002,0.01,3714.18408203125,False
5365,-1.0350000000000001,0.01,3479.1448974609375,False
5366,-0.1449999999999998,0.01,3581.63671875,False
5367,-0.8300000000000003,0.01,4740.579508463542,False
5368,-0.8449999999999999,0.01,3934.294677734375,False
5369,-1.375,0.01,3789.5422973632812,False
5370,0.9449999999999998,0.01,3949.9048790564902,False
5371,-0.4849999999999999,0.01,4269.232470703125,False
5372,0.040000000000000036,0.01,3571.472222222222,False
5373,-1.6400000000000001,0.01,4405.636962890625,False
5374,-0.9400000000000002,0.01,3917.7041015625,False
5375,-2.085,0.01,3495.796875,False
5376,-0.029999999999999805,0.01,2671.202880859375,False
5377,-1.5350000000000001,0.01,3419.7581787109375,False
5378,-0.9299999999999999,0.01,3556.4391741071427,False
5379,-0.8399999999999999,0.01,3827.2191162109375,False
5380,-0.20500000000000007,0.01,4076.7164306640625,False
5381,-2.095,0.01,3042.8927612304688,False
5382,-0.5299999999999999,0.01,4835.328369140625,False
5383,-0.2649999999999999,0.01,2958.0218098958335,False
5384,-0.8850000000000001,0.01,3443.971044921875,False
5385,-1.69,0.01,3623.904736328125,False
5386,-0.875,0.01,3863.1688842773438,False
5387,-0.6950000000000001,0.01,3942.516796875,False
5388,-1.7750000000000001,0.01,3216.8452419704863,False
5389,-0.45499999999999996,0.01,2436.822265625,False
5390,-2.13,0.01,2619.115275065104,False
5391,-0.7399999999999999,0.01,2781.4691162109375,False
5392,-1.4500000000000002,0.01,2666.8121337890625,False
5393,-0.5549999999999999,0.01,2530.6056315104165,False
5394,-1.645,0.01,2448.18701171875,False
5395,0.2200000000000002,0.01,4099.817077636719,False
5396,-2.075,0.01,3087.743408203125,False
5397,-0.42499999999999993,0.01,2505.1483154296875,False
5398,-1.055,0.01,3118.4913330078125,False
5399,-0.54,0.01,2166.5512084960938,False
5400,-2.545,0.01,3225.732421875,False
5401,0.9600000000000004,0.01,2778.19140625,False
5402,-0.44000000000000006,0.01,2910.3536376953125,False
5403,-0.17500000000000027,0.01,2766.3126356336807,False
5404,-1.835,0.01,3668.7239990234375,False
5405,-0.44500000000000006,0.01,2876.942342122396,False
5406,-2.165,0.01,2447.9883626302085,False
5407,-0.3099999999999996,0.01,2685.7459106445312,False
5408,-0.5399999999999998,0.01,2630.5311889648438,False
5409,-0.2400000000000001,0.01,3137.0604248046875,False
5410,-0.2650000000000001,0.01,2345.1432495117188,False
5411,-0.9400000000000001,0.01,3011.196044921875,False
5412,-1.4600000000000002,0.01,2477.732864379883,False
5413,-2.54,0.01,3638.8280029296875,False
5414,-0.8099999999999996,0.01,2477.285888671875,False
5415,-1.045,0.01,3280.560302734375,False
5416,2.1650000000000005,0.01,2268.7120361328125,False
5417,-1.54,0.01,2538.4898681640625,False
5418,-0.3750000000000001,0.01,2266.035125732422,False
5419,-1.73,0.01,3484.53125,False
5420,0.7349999999999999,0.01,2733.942884657118,False
5421,-1.4900000000000002,0.01,2784.530810546875,False
5422,-1.145,0.01,2653.573974609375,False
5423,-1.8650000000000002,0.01,2672.322740342882,False
5424,-1.24,0.01,2306.3456420898438,False
5425,-0.5699999999999998,0.01,2376.361572265625,False
5426,-1.33,0.01,2853.793701171875,False
5427,-0.345,0.01,2650.0902506510415,False
5428,-0.6349999999999999,0.01,2498.2545166015625,False
5429,-0.95,0.01,2711.134033203125,False
5430,-0.2650000000000001,0.01,2707.737562391493,False
5431,-1.0750000000000002,0.01,2170.722507052951,False
5432,-0.18500000000000005,0.01,2674.0277235243057,False
5433,-1.5950000000000002,0.01,2572.2782958984376,False
5434,-1.335,0.01,1891.1588745117188,False
5435,-1.2000000000000002,0.01,2233.2773193359376,False
5436,-0.14500000000000002,0.01,2377.2967122395835,False
5437,-1.855,0.01,1720.6747639973958,False
5438,-0.27000000000000013,0.01,2563.5960083007812,False
5439,-1.6400000000000001,0.01,2370.149169921875,False
5440,-1.845,0.01,2259.0908203125,False
5441,-0.9199999999999999,0.01,2374.5089721679688,False
5442,-1.1099999999999999,0.01,2294.5829833984376,False
5443,-1.525,0.01,2511.896006266276,False
5444,-1.13,0.01,2956.808349609375,False
5445,-0.33999999999999986,0.01,2129.630126953125,False
5446,-0.8299999999999998,0.01,2442.4755859375,False
5447,-1.1400000000000001,0.01,2033.9012451171875,False
5448,-1.435,0.01,1783.3138427734375,False
5449,0.06000000000000005,0.01,1348.0064697265625,False
5450,-2.27,0.01,2135.1119689941406,False
5451,-1.9649999999999999,0.01,2489.0594482421875,False
5452,0.17000000000000015,0.01,1953.002650669643,False
5453,-0.8050000000000002,0.01,2217.4559122721353,False
5454,0.06499999999999995,0.01,2170.0485229492188,False
5455,-0.3400000000000003,0.01,2270.3579173368566,False
5456,-1.23,0.01,2373.940673828125,False
5457,-1.0050000000000001,0.01,2285.2434895833335,False
5458,-1.94,0.01,3029.233154296875,False
5459,-0.02499999999999991,0.01,1620.9306640625,False
5460,-0.505,0.01,1811.221923828125,False
5461,-2.315,0.01,2091.891560872396,False
5462,0.665,0.01,2014.993896484375,False
5463,-2.34,0.01,2416.9032156808034,False
5464,-1.46,0.01,2126.091362847222,False
5465,0.19000000000000017,0.01,0,False
5466,-1.185,0.01,1915.792041015625,False
5467,-1.0450000000000002,0.01,2371.2234933035716,False
5468,-1.045,0.01,2053.708292643229,False
5469,-1.56,0.01,1870.5587463378906,False
5470,-0.77,0.01,1951.2738172743057,False
5471,-0.73,0.01,1694.9138793945312,False
5472,-1.93,0.01,2241.341796875,False
5473,-1.96,0.01,2555.2294108072915,False
5474,-0.0349999999999997,0.01,2073.676025390625,False
5475,-1.14,0.01,2170.620849609375,False
5476,-0.6399999999999999,0.01,2030.9739990234375,False
5477,-1.44,0.01,2154.055908203125,False
5478,-0.9699999999999996,0.01,2237.124267578125,False
5479,-1.145,0.01,3732.1817220052085,False
5480,-1.0,0.01,2176.5062744140623,False
5481,-0.3450000000000001,0.01,2266.33740234375,False
5482,-1.5750000000000002,0.01,1908.7610778808594,False
5483,-1.975,0.01,1909.5652465820312,False
5484,0.27000000000000024,0.01,2304.3723754882812,False
5485,-1.73,0.01,1925.4652099609375,False
5486,-0.74,0.01,2014.779820033482,False
5487,-1.9449999999999998,0.01,2003.4059651692708,False
5488,0.050000000000000044,0.01,2112.3953857421875,False
5489,-1.175,0.01,2699.4986572265625,False
5490,-1.1000000000000003,0.01,1827.2101717862215,False
5491,-1.685,0.01,1734.2672424316406,False
5492,-0.3699999999999999,0.01,2008.509521484375,False
5493,-1.23,0.01,1719.5403442382812,False
5494,-1.185,0.01,1753.0637512207031,False
5495,-1.5999999999999999,0.01,1885.1742431640625,False
5496,-1.255,0.01,1721.4787292480469,False
5497,0.6500000000000004,0.01,2011.3819885253906,False
5498,-1.135,0.01,1435.83544921875,False
5499,-0.83,0.01,1471.81494140625,False
5500,-1.54,0.01,2171.0772705078125,False
5501,-1.34,0.01,2160.228719075521,False
5502,-0.135,0.01,1589.4946899414062,False
5503,-1.605,0.01,1983.3514892578125,False
5504,-1.5000000000000004,0.01,2411.015301513672,False
5505,-1.675,0.01,2194.485337999132,False
5506,-0.815,0.01,2215.6725463867188,False
5507,-1.25,0.01,2805.612060546875,False
5508,-0.15999999999999992,0.01,2336.2386067708335,False
5509,-1.2550000000000003,0.01,2102.336207798549,False
5510,-0.4299999999999997,0.01,1327.85693359375,False
5511,-0.8299999999999998,0.01,2054.4090576171875,False
5512,-1.21,0.01,1659.9091796875,False
5513,-1.2600000000000002,0.01,2039.6889343261719,False
5514,-0.4700000000000002,0.01,1798.212178548177,False
5515,-1.4100000000000001,0.01,1465.037353515625,False
5516,-0.745,0.01,2754.8916015625,False
5517,-2.625,0.01,1545.2905883789062,False
5518,1.2550000000000008,0.01,1892.6436767578125,False
5519,-1.5550000000000002,0.01,2015.5992838541667,False
5520,-0.53,0.01,1628.00830078125,False
5521,-1.81,0.01,1669.6417643229167,False
5522,0.17000000000000015,0.01,3065.8634033203125,False
5523,-1.115,0.01,2263.634033203125,False
5524,-1.6800000000000002,0.01,1540.4389105902778,False
5525,-1.76,0.01,1685.1910400390625,False
5526,-1.37,0.01,1555.6778700086807,False
5527,-0.7249999999999999,0.01,1511.5517578125,False
5528,-1.08,0.01,1745.122607421875,False
5529,-0.8249999999999998,0.01,2200.56298828125,False
5530,-1.3250000000000002,0.01,1876.4659423828125,False
5531,-0.7399999999999999,0.01,1561.4849853515625,False
5532,-1.77,0.01,1851.1352844238281,False
5533,-0.6649999999999998,0.01,2051.618453979492,False
5534,-0.1399999999999999,0.01,1871.80224609375,False
5535,-1.955,0.01,1931.5276692708333,False
5536,-0.8099999999999999,0.01,2312.786173502604,False
5537,-2.265,0.01,1726.5392116970486,False
5538,0.2450000000000001,0.01,1798.8994954427083,False
5539,-1.04,0.01,1400.0419921875,False
5540,-0.6400000000000001,0.01,1851.9098423549108,False
5541,-1.145,0.01,1533.1044108072917,False
5542,-2.3449999999999998,0.01,1358.8055419921875,False
5543,-0.054999999999999716,0.01,2882.5345052083335,False
5544,-1.03,0.01,1422.6602783203125,False
5545,-1.4500000000000002,0.01,1499.1661376953125,False
5546,-1.67,0.01,1488.0545654296875,False
5547,-0.6599999999999997,0.01,1470.8956909179688,False
5548,-0.665,0.01,1187.4202473958333,False
5549,-1.18,0.01,1416.1506042480469,False
5550,-0.7299999999999999,0.01,1334.7028198242188,False
5551,-0.745,0.01,1311.1621500651042,False
5552,-2.065,0.01,1500.439697265625,False
5553,-0.5549999999999997,0.01,1773.2796173095703,False
5554,-0.3450000000000001,0.01,1740.8426920572917,False
5555,-1.435,0.01,1854.610595703125,False
5556,-0.53,0.01,1099.5999755859375,False
5557,-2.27,0.01,1526.232421875,False
5558,-0.2500000000000001,0.01,1750.9429117838542,False
5559,-0.345,0.01,1814.0080159505208,False
5560,-1.0450000000000002,0.01,1105.6062622070312,False
5561,-0.3450000000000002,0.01,1548.6932936448318,False
5562,-0.6100000000000002,0.01,1833.8512739701705,False
5563,-2.545,0.01,1695.4555053710938,False
5564,-0.3299999999999996,0.01,1343.850341796875,False
5565,-0.19000000000000017,0.01,1809.0006103515625,False
5566,-2.7,0.01,1345.1923828125,False
5567,-0.029999999999999805,0.01,941.1541748046875,False
5568,-1.0150000000000001,0.01,1302.2789713541667,False
5569,-1.4900000000000002,0.01,1468.5924072265625,False
5570,-0.3350000000000001,0.01,1847.20849609375,False
5571,-1.27,0.01,1395.7646942138672,False
5572,-1.675,0.01,1331.9582824707031,False
5573,-1.4100000000000001,0.01,1270.5277099609375,False
5574,-0.040000000000000036,0.01,1004.4991455078125,False
5575,-1.63,0.01,1475.9111938476562,False
5576,-0.825,0.01,856.3034057617188,False
5577,-1.645,0.01,1648.3969319661458,False
5578,0.33999999999999986,0.01,1198.1412150065105,False
5579,-1.33,0.01,1477.702880859375,False
5580,-1.53,0.01,1490.0095825195312,False
5581,-1.375,0.01,1484.6046600341797,False
5582,0.6399999999999992,0.01,1260.371554904514,False
5583,-1.85,0.01,1673.9282633463542,False
5584,-1.1150000000000002,0.01,939.3605846058239,False
5585,-1.24,0.01,1032.0914916992188,False
5586,-0.9400000000000002,0.01,1342.6861746651787,False
5587,-1.67,0.01,1330.7338409423828,False
5588,-0.615,0.01,1133.7831115722656,False
5589,-1.125,0.01,1153.880864461263,False
5590,-0.14000000000000012,0.01,972.420654296875,False
5591,-2.725,0.01,1178.8497619628906,False
5592,-0.08499999999999974,0.01,1114.6794799804688,False
5593,-0.04499999999999971,0.01,1144.8258463541667,False
5594,-0.6349999999999999,0.01,1169.7977905273438,False
5595,-0.6799999999999997,0.01,1243.2452239990234,False
5596,-0.44500000000000006,0.01,1063.972900390625,False
5597,-2.055,0.01,1038.6056518554688,False
5598,-0.9199999999999999,0.01,1190.075772372159,False
5599,-1.435,0.01,756.1766662597656,False
5600,-0.03499999999999992,0.01,793.590087890625,False
5601,-1.35,0.01,1336.0345458984375,False
5602,-1.34,0.01,1113.8428955078125,False
5603,-0.8850000000000003,0.01,1044.3529750279017,False
5604,-1.36,0.01,1042.3534698486328,False
5605,-1.8399999999999999,0.01,930.411376953125,False
5606,-0.4399999999999997,0.01,904.0030517578125,False
5607,-0.6349999999999999,0.01,796.6656494140625,False
5608,-1.745,0.01,1248.9414469401042,False
5609,-0.1349999999999998,0.01,799.5430603027344,False
5610,-0.915,0.01,1144.6412353515625,False
5611,-1.44,0.01,1031.2900695800781,False
5612,-2.0300000000000002,0.01,1134.603759765625,False
5613,0.2650000000000001,0.01,1346.8903198242188,False
5614,-1.33,0.01,772.318603515625,False
5615,-2.285,0.01,1121.77177734375,False
5616,0.07000000000000028,0.01,1501.2781372070312,False
5617,-1.32,0.01,1119.9306945800781,False
5618,-0.775,0.01,1403.0197143554688,False
5619,-1.03,0.01,1323.6159057617188,False
5620,-1.4300000000000002,0.01,723.2415771484375,False
5621,-1.5350000000000001,0.01,723.6245727539062,False
5622,-0.135,0.01,945.1963500976562,False
5623,-1.1600000000000001,0.01,1050.1689910888672,False
5624,-0.68,0.01,1051.4830118815105,False
5625,-2.085,0.01,818.5139617919922,False
5626,-1.035,0.01,1536.3489379882812,False
5627,-0.9349999999999998,0.01,742.17919921875,False
5628,-1.17,0.01,818.1770782470703,False
5629,-0.4999999999999998,0.01,891.214833577474,False
5630,0.06500000000000017,0.01,1538.2954711914062,False
5631,-1.6250000000000002,0.01,813.3649291992188,False
5632,-0.605,0.01,841.722646077474,False
5633,-1.335,0.01,1081.521484375,False
5634,-1.7349999999999999,0.01,806.0569152832031,False
5635,-0.6349999999999999,0.01,713.5569458007812,False
5636,-0.85,0.01,1287.0689697265625,False
5637,-0.9750000000000001,0.01,879.8607177734375,False
5638,-1.2750000000000001,0.01,987.0889434814453,False
5639,-0.8299999999999998,0.01,1079.4149169921875,False
5640,0.21999999999999997,0.01,739.5087707519531,False
5641,-1.225,0.01,911.22705078125,False
5642,-0.53,0.01,777.2324523925781,False
5643,-1.52,0.01,721.0707194010416,False
5644,-0.725,0.01,763.5389709472656,False
5645,-1.4900000000000002,0.01,682.7944488525391,False
5646,-1.74,0.01,914.6230061848959,False
5647,0.050000000000000266,0.01,752.4674682617188,False
5648,-2.1950000000000003,0.01,1018.5558349609375,False
5649,-0.6499999999999999,0.01,954.6870803833008,False
5650,-1.0100000000000002,0.01,818.0564626057943,False
5651,-1.395,0.01,710.4638061523438,False
5652,-0.24499999999999966,0.01,651.9795532226562,False
5653,-0.9600000000000002,0.01,846.979749891493,False
5654,-1.2650000000000001,0.01,650.7078145345052,False
5655,-2.1550000000000002,0.01,679.4435424804688,False
5656,-0.79,0.01,772.3578735351563,False
5657,-1.665,0.01,776.1807556152344,False
5658,-0.07499999999999973,0.01,563.2630432128906,False
5659,-0.8499999999999996,0.01,520.4401092529297,False
5660,0.07000000000000028,0.01,906.1531066894531,False
5661,-1.8399999999999999,0.01,853.6069030761719,False
5662,-0.5299999999999999,0.01,775.2081604003906,False
5663,-1.34,0.01,665.9717102050781,False
5664,-1.565,0.01,696.7483978271484,False
5665,-0.5399999999999999,0.01,671.0080871582031,False
5666,-0.8399999999999999,0.01,873.8095397949219,False
5667,-0.9700000000000001,0.01,759.9454498291016,False
5668,-0.8600000000000001,0.01,610.7669372558594,False
5669,-0.78,0.01,526.5980346679687,False
5670,-1.0550000000000002,0.01,454.7862854003906,False
5671,-1.155,0.01,562.2928237915039,False
5672,-0.545,0.01,435.90631103515625,False
5673,-1.93,0.01,656.285888671875,False
5674,-0.21999999999999975,0.01,712.7893473307291,False
5675,-0.765,0.01,899.4091339111328,False
5676,-1.8250000000000002,0.01,583.731699625651,False
5677,-1.335,0.01,709.2181091308594,False
5678,-0.7299999999999999,0.01,519.8563232421875,False
5679,-1.8250000000000002,0.01,591.9751063755581,False
5680,0.22999999999999998,0.01,504.1138610839844,False
5681,-1.135,0.01,492.605224609375,False
5682,-1.465,0.01,802.4361114501953,False
5683,-1.015,0.01,661.7924296061198,False
5684,-0.9299999999999999,0.01,583.4716491699219,False
5685,-1.425,0.01,596.8519032796224,False
5686,-0.45500000000000007,0.01,702.4033813476562,False
5687,-1.3450000000000002,0.01,635.524648030599,False
5688,-1.3250000000000002,0.01,773.7083129882812,False
5689,-0.54,0.01,594.3324584960938,False
5690,-1.04,0.01,361.17576090494794,False
5691,-1.9249999999999998,0.01,847.98681640625,False
5692,-0.765,0.01,520.5371551513672,False
5693,-0.17000000000000004,0.01,617.7468973795573,False
5694,-0.6200000000000001,0.01,617.0484575544085,False
5695,-1.55,0.01,502.4239501953125,False
5696,-1.1549999999999998,0.01,485.92156982421875,False
5697,-0.51,0.01,0,False
5698,-0.9650000000000001,0.01,521.8338470458984,False
5699,-1.815,0.01,488.5897165934245,False
5700,-1.14,0.01,505.28851318359375,False
5701,-0.7399999999999999,0.01,511.751953125,False
5702,-0.755,0.01,588.472412109375,False
5703,-0.83,0.01,522.6900939941406,False
5704,-1.5750000000000002,0.01,528.8295525444878,False
5705,-0.85,0.01,350.7468973795573,False
5706,-1.15,0.01,298.8716684977214,False
5707,-1.745,0.01,378.39109802246094,False
5708,-0.835,0.01,651.2476327078683,False
5709,0.10999999999999988,0.01,433.268798828125,False
5710,-1.745,0.01,434.6593017578125,False
5711,-1.755,0.01,432.92315673828125,False
5712,-0.6649999999999996,0.01,656.5342864990234,False
5713,-0.54,0.01,518.1352081298828,False
5714,0.05999999999999983,0.01,465.10142517089844,False
5715,-1.335,0.01,648.85498046875,False
5716,-1.475,0.01,560.2266235351562,False
5717,-0.625,0.01,372.3802490234375,False
5718,-1.01,0.01,633.8976135253906,False
5719,-1.63,0.01,426.5460968017578,False
5720,-0.5349999999999997,0.01,479.87744140625,False
5721,-1.2850000000000001,0.01,688.6891860961914,False
5722,-1.435,0.01,777.6199951171875,False
5723,-0.9349999999999998,0.01,259.8666000366211,False
5724,-0.8349999999999999,0.01,511.1973571777344,False
5725,-1.335,0.01,606.1763763427734,False
5726,-0.68,0.01,624.9473266601562,False
5727,-0.625,0.01,429.4654541015625,False
5728,-1.585,0.01,492.4518814086914,False
5729,-0.44499999999999995,0.01,407.8360087076823,False
5730,-1.7200000000000002,0.01,365.58329518636066,False
5731,-0.9450000000000001,0.01,438.88075764973956,False
5732,-0.44500000000000006,0.01,408.1540222167969,False
5733,-0.5499999999999999,0.01,434.8018086751302,False
5734,-0.45500000000000007,0.01,364.25743611653644,False
5735,-1.6450000000000002,0.01,508.2875671386719,False
5736,-1.33,0.01,566.9174194335938,False
5737,-1.33,0.01,451.8574981689453,False
5738,0.26500000000000035,0.01,399.4895324707031,False
5739,-0.855,0.01,408.91253662109375,False
5740,-0.13500000000000023,0.01,330.9926045735677,False
5741,-1.56,0.01,630.2977905273438,False
5742,0.02499999999999991,0.01,472.76610565185547,False
5743,-1.94,0.01,480.0881576538086,False
5744,-1.065,0.01,504.31520080566406,False
5745,0.5550000000000002,0.01,315.5534362792969,False
5746,-1.46,0.01,412.2999725341797,False
5747,-1.2449999999999999,0.01,386.6866149902344,False
5748,-0.45000000000000007,0.01,581.8585815429688,False
5749,-0.68,0.01,323.3734817504883,False
5750,-0.9700000000000004,0.01,460.7185069492885,False
5751,-0.6200000000000001,0.01,384.15599822998047,False
5752,-1.735,0.01,410.1286141531808,False
5753,-0.645,0.01,446.2427062988281,False
5754,-1.88,0.01,499.2476577758789,False
5755,-1.185,0.01,425.5926513671875,False
5756,-0.5799999999999998,0.01,489.91040420532227,False
5757,-1.065,0.01,334.11785888671875,False
5758,-0.17000000000000026,0.01,479.44425116644965,False
5759,-1.9249999999999998,0.01,336.2728576660156,False
5760,-0.14000000000000012,0.01,377.2232208251953,False
5761,-2.545,0.01,373.9894561767578,False
5762,-0.8249999999999998,0.01,305.4931640625,False
5763,-0.6649999999999996,0.01,284.70740763346356,False
5764,-1.4500000000000002,0.01,456.4716084798177,False
5765,-0.73,0.01,327.0852748325893,False
5766,-0.5349999999999999,0.01,310.7133483886719,False
5767,-1.6800000000000002,0.01,367.7520294189453,False
5768,-1.9449999999999998,0.01,319.55186971028644,False
5769,-0.7249999999999999,0.01,240.01585388183594,False
5770,-0.8549999999999995,0.01,391.300537109375,False
5771,-1.165,0.01,420.83887057834204,False
5772,-0.20999999999999996,0.01,293.8959625244141,False
5773,-0.73,0.01,419.59234619140625,False
5774,-1.2800000000000002,0.01,319.7042007446289,False
5775,-1.36,0.01,518.8377914428711,False
5776,-2.1100000000000003,0.01,285.9559051513672,False
5777,-0.06499999999999995,0.01,441.4044380187988,False
5778,-1.545,0.01,309.5478973388672,False
5779,-0.47499999999999987,0.01,341.77269744873047,False
5780,-0.935,0.01,448.5439147949219,False
5781,-0.95,0.01,436.0791931152344,False
5782,-1.47,0.01,322.7286376953125,False
5783,-1.345,0.01,502.44530487060547,False
5784,0.11999999999999988,0.01,424.27650451660156,False
5785,-2.61,0.01,517.1129333496094,False
5786,-1.0799999999999998,0.01,397.1580322265625,False
5787,-0.7049999999999996,0.01,306.77674255371096,False
5788,-0.5700000000000001,0.01,301.8598327636719,False
5789,-1.345,0.01,378.3095397949219,False
5790,-1.355,0.01,358.02391560872394,False
5791,-1.275,0.01,367.56260681152344,False
5792,-0.45000000000000007,0.01,385.3788553873698,False
5793,-1.4300000000000002,0.01,532.9977111816406,False
5794,-1.455,0.01,515.0898234049479,False
5795,-0.3949999999999998,0.01,414.465771484375,False
5796,-1.56,0.01,484.81519571940106,False
5797,-0.2949999999999997,0.01,305.2651123046875,False
5798,-1.3450000000000002,0.01,342.3970031738281,False
5799,-0.17500000000000004,0.01,364.2919578552246,False
5800,-1.6400000000000001,0.01,343.06993103027344,False
5801,-0.12999999999999967,0.01,260.7621765136719,False
5802,-0.6900000000000001,0.01,311.9074951171875,False
5803,-0.07000000000000006,0.01,566.5653839111328,False
5804,-1.0,0.01,363.9579650878906,False
5805,-0.565,0.01,281.25524520874023,False
5806,-1.525,0.01,145.36093139648438,False
5807,-0.5399999999999999,0.01,273.7217712402344,False
5808,-1.26,0.01,303.3509063720703,False
5809,-1.445,0.01,243.37549046107702,False
5810,-0.44499999999999995,0.01,488.06899007161456,False
5811,-2.1399999999999997,0.01,190.68800354003906,False
5812,0.0900000000000003,0.01,264.371826171875,False
5813,-1.87,0.01,241.6200917561849,False
5814,-0.6649999999999999,0.01,304.17891693115234,False
5815,-1.0350000000000001,0.01,424.020265851702,False
5816,-1.5699999999999998,0.01,267.58859634399414,False
5817,0.05999999999999983,0.01,204.8399429321289,False
5818,-1.17,0.01,353.2741165161133,False
5819,-0.5349999999999997,0.01,256.80210767473494,False
5820,-2.36,0.01,261.002436319987,False
5821,-0.4349999999999996,0.01,186.98868560791016,False
5822,-1.1549999999999998,0.01,290.0916035970052,False
5823,-0.5349999999999997,0.01,220.46133422851562,False
5824,-0.6399999999999999,0.01,318.4468231201172,False
5825,1.0699999999999998,0.01,277.9768320719401,False
5826,-1.04,0.01,263.3713836669922,False
5827,-1.7349999999999999,0.01,137.8945770263672,False
5828,-0.030000000000000027,0.01,242.3690915788923,False
5829,-1.2650000000000001,0.01,231.47619438171387,False
5830,-0.5449999999999997,0.01,179.98254903157553,False
5831,-0.825,0.01,367.7799072265625,False
5832,-0.13000000000000012,0.01,205.9222455705915,False
5833,-0.9650000000000002,0.01,303.4376152886285,False
5834,-1.825,0.01,314.9825134277344,False
5835,-1.13,0.01,433.8681106567383,False
5836,0.15500000000000003,0.01,227.85393269856772,False
5837,-2.34,0.01,144.1234359741211,False
5838,-0.5099999999999998,0.01,260.52339426676434,False
5839,-1.0950000000000002,0.01,301.80474548339845,False
5840,-0.6950000000000001,0.01,234.53026428222657,False
5841,-1.78,0.01,263.3471984863281,False
5842,-0.3400000000000001,0.01,215.08492596944174,False
5843,-1.74,0.01,215.52499389648438,False
5844,-0.8000000000000002,0.01,257.9019037882487,False
5845,-0.73,0.01,276.51690673828125,False
5846,-1.05,0.01,293.2343495686849,False
5847,-0.8550000000000001,0.01,267.457514444987,False
5848,-2.075,0.01,299.0929145812988,False
5849,-1.54,0.01,239.1178436279297,False
5850,0.06500000000000017,0.01,237.4944610595703,False
5851,-1.35,0.01,259.6227518717448,False
5852,-0.835,0.01,270.2998580932617,False
5853,-1.47,0.01,177.87288665771484,False
5854,-0.5,0.01,172.47708740234376,False
5855,0.76,0.01,190.41407267252603,False
5856,-0.9550000000000001,0.01,208.15768432617188,False
5857,-0.33999999999999964,0.01,308.24725341796875,False
5858,-0.9549999999999998,0.01,177.0152791341146,False
5859,-1.53,0.01,195.34026336669922,False
5860,-1.02,0.01,195.80048751831055,False
5861,-0.95,0.01,196.12718200683594,False
5862,-0.6299999999999999,0.01,195.99607849121094,False
5863,-1.3250000000000002,0.01,187.4214324951172,False
5864,-1.065,0.01,316.7466621398926,False
5865,-1.135,0.01,132.34346771240234,False
5866,-0.965,0.01,270.8000971476237,False
5867,-0.6299999999999999,0.01,275.5285835266113,False
5868,-1.245,0.01,134.24937693277994,False
5869,-1.755,0.01,112.90466562906902,False
5870,0.3500000000000001,0.01,189.53588358561197,False
5871,-1.525,0.01,115.98074340820312,False
5872,-0.6099999999999999,0.01,177.54318364461264,False
5873,-0.5300000000000001,0.01,173.62977055140905,False
5874,-1.3400000000000003,0.01,146.96983337402344,False
5875,-0.9900000000000001,0.01,229.6508575439453,False
5876,-1.795,0.01,225.16092529296876,False
5877,0.17000000000000015,0.01,85.91664123535156,False
5878,-2.02,0.01,150.64755358014787,False
5879,-1.1300000000000001,0.01,197.40695190429688,False
5880,-0.5399999999999999,0.01,170.755859375,False
5881,-0.83,0.01,191.45590209960938,False
5882,-1.835,0.01,160.40744018554688,False
5883,-1.045,0.01,118.67964172363281,False
5884,-1.6,0.01,348.1467880249023,False
5885,-0.23499999999999965,0.01,179.64602661132812,False
5886,-0.82,0.01,90.08514404296875,False
5887,-1.7200000000000002,0.01,133.42626730600992,False
5888,-0.5449999999999999,0.01,139.00990295410156,False
5889,-0.9299999999999999,0.01,140.33267974853516,False
5890,-1.93,0.01,209.64146423339844,False
5891,-0.6749999999999998,0.01,161.94142532348633,False
5892,-0.74,0.01,131.28496987479073,False
5893,-0.7550000000000001,0.01,220.68959617614746,False
5894,-1.62,0.01,243.45947265625,False
5895,-0.9400000000000001,0.01,167.4180450439453,False
5896,-0.43500000000000005,0.01,86.31635284423828,False
5897,-0.16999999999999993,0.01,144.35469563802084,False
5898,-1.335,0.01,144.76870727539062,False
5899,-1.195,0.01,135.16838989257812,False
5900,-1.13,0.01,104.32484817504883,False
5901,-0.745,0.01,105.64487711588542,False
5902,-1.685,0.01,119.60602569580078,False
5903,-1.03,0.01,139.9517593383789,False
5904,-0.6649999999999998,0.01,123.12623596191406,False
5905,-0.785,0.01,239.4139892578125,False
5906,-0.635,0.01,134.41127014160156,False
5907,-0.1000000000000002,0.01,130.72909393310547,False
5908,-1.565,0.01,137.04241180419922,False
5909,-1.255,0.01,190.86702473958334,False
5910,-1.835,0.01,111.30272565569196,False
5911,0.48,0.01,80.62818145751953,False
5912,-0.3850000000000001,0.01,147.66035919189454,False
5913,-1.5550000000000002,0.01,134.18020820617676,False
5914,-1.835,0.01,84.05484771728516,False
5915,-1.63,0.01,99.93935775756836,False
5916,-0.04499999999999971,0.01,149.2013168334961,False
5917,-0.32500000000000007,0.01,159.31731796264648,False
5918,-1.83,0.01,93.9557113647461,False
5919,-0.755,0.01,123.80574035644531,False
5920,-0.3200000000000002,0.01,113.5332761492048,False
5921,-0.7499999999999999,0.01,77.58903249104817,False
5922,-1.19,0.01,123.74760246276855,False
5923,-0.8700000000000001,0.01,103.73847198486328,False
5924,-0.9650000000000001,0.01,170.75304317474365,False
5925,-1.94,0.01,99.6593132019043,False
5926,0.15999999999999992,0.01,99.55497741699219,False
5927,-2.09,0.01,205.91394958496093,False
5928,-0.44000000000000006,0.01,82.99906921386719,False
5929,-1.02,0.01,85.68476517995198,False
5930,-1.96,0.01,80.04260921478271,False
5931,-1.2449999999999999,0.01,121.96196365356445,False
5932,-0.030000000000000027,0.01,82.22931671142578,False
5933,-1.195,0.01,100.27429504394532,False
5934,-1.7349999999999999,0.01,228.1178970336914,False
5935,0.17000000000000015,0.01,72.99552154541016,False
5936,-2.385,0.01,80.89725303649902,False
5937,-1.0,0.01,104.7931640625,False
5938,-1.13,0.01,88.79075568062919,False
5939,0.7850000000000006,0.01,150.4739549810236,False
5940,-0.915,0.01,49.16841506958008,False
5941,-2.48,0.01,132.94314880371093,False
5942,-0.8299999999999998,0.01,33.925846099853516,False
5943,-0.32499999999999996,0.01,88.33195114135742,False
5944,-1.3800000000000001,0.01,113.48661994934082,False
5945,-1.79,0.01,93.28462066650391,False
5946,0.5299999999999998,0.01,69.2436163160536,False
5947,-1.2550000000000001,0.01,49.728747049967446,False
5948,-2.285,0.01,72.27058506011963,False
5949,-0.34499999999999975,0.01,59.029701232910156,False
5950,-1.1050000000000004,0.01,101.69569625854493,False
5951,-0.5399999999999996,0.01,60.05102284749349,False
5952,-2.06,0.01,97.69543965657552,False
5953,-0.6449999999999998,0.01,142.69981002807617,False
5954,-0.5799999999999996,0.01,106.12666168212891,False
5955,-1.15,0.01,158.6328582763672,False
5956,0.4949999999999999,0.01,95.39677238464355,False
5957,-1.435,0.01,103.19133377075195,False
5958,-1.3650000000000002,0.01,91.86145655314128,False
5959,-0.20999999999999996,0.01,0,False
5960,-1.665,0.01,120.7944450378418,False
5961,-0.6050000000000001,0.01,111.06624450683594,False
5962,-1.825,0.01,108.82650375366211,False
5963,-0.8449999999999999,0.01,52.43634605407715,False
5964,-1.0750000000000002,0.01,77.40576510959201,False
5965,-0.65,0.01,82.93117014567058,False
5966,-1.2850000000000001,0.01,62.45010986328125,False
5967,-0.41999999999999993,0.01,39.45514678955078,False
5968,-2.245,0.01,78.13253784179688,False
5969,-0.6050000000000002,0.01,87.67959785461426,False
5970,-1.375,0.01,40.63923454284668,False
5971,-0.8499999999999999,0.01,47.07922617594401,False
5972,-1.3850000000000002,0.01,53.6515007019043,False
5973,-0.5600000000000004,0.01,84.271698815482,False
5974,-1.0399999999999998,0.01,49.382747650146484,False
5975,-1.3650000000000002,0.01,57.647237044114334,False
5976,-0.04499999999999971,0.01,21.380395253499348,False
5977,-1.4000000000000001,0.01,62.317952728271486,False
5978,-0.5299999999999999,0.01,71.00431537628174,False
5979,-0.7349999999999999,0.01,37.952524185180664,False
5980,-0.3600000000000001,0.01,48.60370000203451,False
5981,-1.8,0.01,39.7056827545166,False
5982,-1.065,0.01,36.778279622395836,False
5983,-0.45999999999999996,0.01,65.60994974772136,False
5984,-1.03,0.01,60.26556995936802,False
5985,-1.59,0.01,73.26047286987304,False
5986,-2.01,0.01,81.54560152689616,False
5987,-0.5249999999999999,0.01,47.70616912841797,False
5988,-1.045,0.01,39.43228403727213,False
5989,0.16999999999999993,0.01,206.92242431640625,False
5990,-0.8250000000000004,0.01,115.62011512120564,False
5991,-0.54,0.01,143.48263549804688,False
5992,-1.645,0.01,65.40022150675456,False
5993,-1.435,0.01,37.87289333343506,False
5994,-0.3650000000000001,0.01,49.86801274617513,False
5995,-0.76,0.01,50.718369007110596,False
5996,-2.7649999999999997,0.01,66.69659169514973,False
5997,-0.6449999999999998,0.01,44.96149468421936,False
5998,-1.0399999999999998,0.01,64.73909378051758,False
5999,-0.7899999999999999,0.01,49.82877197265625,False
6000,-1.935,0.01,144.6801496233259,False
6001,0.27,0.01,138.75042947133383,False
6002,-1.855,0.01,95.28297932942708,False
6003,-1.05,0.01,58.7224440574646,False
6004,-1.23,0.01,53.97542953491211,False
6005,-0.6299999999999999,0.01,146.93375778198242,False
6006,-0.5650000000000001,0.01,71.59301376342773,False
6007,-0.76,0.01,72.99853388468425,False
6008,-1.135,0.01,462.2984924316406,False
6009,-1.7600000000000002,0.01,207.38993072509766,False
6010,-1.3250000000000002,0.01,60.88237762451172,False
6011,-0.31500000000000006,0.01,32.97820281982422,False
6012,-2.045,0.01,77.2893648147583,False
6013,-0.765,0.01,54.79758326212565,False
6014,-0.29000000000000004,0.01,44.90442962646485,False
6015,-0.75,0.01,63.10459518432617,False
6016,-0.5399999999999999,0.01,52.947261810302734,False
6017,-0.71,0.01,25.047115325927734,False
6018,-1.925,0.01,40.148372650146484,False
6019,0.08499999999999996,0.01,106.52566528320312,False
6020,-2.25,0.01,35.47406260172526,False
6021,-0.765,0.01,76.91869735717773,False
6022,-0.63,0.01,76.44110870361328,False
6023,-1.5350000000000001,0.01,48.465824127197266,False
6024,-1.02,0.01,51.36597715105329,False
6025,-0.8000000000000002,0.01,50.16773986816406,False
6026,-1.335,0.01,41.55666542053223,False
6027,-0.9450000000000001,0.01,33.73882484436035,False
6028,-1.24,0.01,52.1501267751058,False
6029,-0.125,0.01,37.06611633300781,False
6030,-1.74,0.01,89.82100677490234,False
6031,-0.9450000000000001,0.01,72.51990127563477,False
6032,-0.91,0.01,15.932611465454102,False
6033,-0.83,0.01,36.17970275878906,False
6034,-1.9100000000000001,0.01,61.31893348693848,False
6035,-1.24,0.01,33.264756202697754,False
6036,-0.585,0.01,107.91499710083008,False
6037,-1.2400000000000002,0.01,36.276402632395424,False
6038,-0.41000000000000003,0.01,23.28760528564453,False
6039,-1.2600000000000002,0.01,61.87652460734049,False
6040,-0.7550000000000001,0.01,45.379151582717896,False
6041,-1.31,0.01,71.22268676757812,False
6042,-1.335,0.01,37.0816764831543,False
6043,-1.755,0.01,44.67875417073568,False
6044,-0.4750000000000001,0.01,70.09125185012817,False
6045,-1.755,0.01,51.38619613647461,False
6046,-0.5099999999999999,0.01,47.12981414794922,False
6047,-1.655,0.01,46.33942159016927,False
6048,-0.5599999999999996,0.01,32.94561258951823,False
6049,-0.71,0.01,17.574321746826172,False
6050,-0.935,0.01,50.724015372140066,False
6051,-1.0650000000000002,0.01,24.823523839314777,False
6052,-0.81,0.01,11.437150955200195,False
6053,-0.7000000000000002,0.01,61.755979347229,False
6054,-0.6399999999999999,0.01,34.29591623942057,False
6055,-0.61,0.01,0,False
6056,-2.5999999999999996,0.01,44.99900881449381,False
6057,-0.42499999999999993,0.01,36.696537017822266,False
6058,-0.365,0.01,113.30497805277507,False
6059,-0.18500000000000005,0.01,27.420593738555908,False
6060,-1.37,0.01,166.23948287963867,False
6061,-2.045,0.01,41.846927523612976,False
6062,-0.1599999999999997,0.01,37.0494639078776,False
6063,-1.6099999999999999,0.01,38.682960510253906,False
6064,-0.43000000000000005,0.01,16.68304443359375,False
6065,-1.57,0.01,35.376790046691895,False
6066,-1.0999999999999999,0.01,46.200822067260745,False
6067,-0.27500000000000013,0.01,21.38350830078125,False
6068,0.45499999999999985,0.01,22.84876251220703,False
6069,-0.41000000000000003,0.01,45.821388244628906,False
6070,-1.035,0.01,14.697465419769287,False
6071,-2.04,0.01,19.202864170074463,False
6072,-0.7399999999999999,0.01,20.39605776468913,False
6073,-0.8700000000000001,0.01,134.95864232381186,False
6074,-1.035,0.01,28.703813552856445,False
6075,-1.09,0.01,27.377050399780273,False
6076,-0.71,0.01,18.712804794311523,False
6077,-0.81,0.01,23.05133819580078,False
6078,-1.5750000000000002,0.01,39.56504487991333,False
6079,-0.92,0.01,50.853538513183594,False
6080,-1.975,0.01,31.511534690856934,False
6081,-0.6449999999999996,0.01,19.789350032806396,False
6082,-1.0550000000000002,0.01,25.83028221130371,False
6083,-0.54,0.01,29.882413228352863,False
6084,-1.52,0.01,17.428316116333008,False
6085,-0.8549999999999999,0.01,23.15298080444336,False
6086,-0.42499999999999993,0.01,63.67162322998047,False
6087,-1.21,0.01,18.757801055908203,False
6088,-0.9199999999999999,0.01,21.962135314941406,False
6089,-0.715,0.01,14.219206809997559,False
6090,-2.325,0.01,58.905364717756,False
6091,-0.845,0.01,39.6222038269043,False
6092,-0.725,0.01,9.611964225769043,False
6093,-0.44500000000000006,0.01,14.747576236724854,False
6094,-1.51,0.01,11.666316986083984,False
6095,-0.825,0.01,55.17066192626953,False
6096,-0.84,0.01,28.529515266418457,False
6097,-1.31,0.01,13.974668502807617,False
6098,-0.71,0.01,0,False
6099,-1.21,0.01,81.25642395019531,False
6100,-1.21,0.01,106.96685028076172,False
6101,-1.56,0.01,101.35485585530598,False
6102,-0.6099999999999999,0.01,138.73844172737816,False
6103,0.20500000000000007,0.01,212.0655673980713,False
6104,-2.01,0.01,15.128674507141113,False
6105,-0.10999999999999999,0.01,24.48008155822754,False
6106,-0.71,0.01,0,False
6107,-1.31,0.01,54.47144317626953,False
6108,-1.3250000000000002,0.01,54.02555847167969,False
6109,-1.27,0.01,51.31905301411947,False
6110,-0.10999999999999999,0.01,25.358430862426758,False
6111,-1.01,0.01,219.3682861328125,False
6112,-1.925,0.01,56.935848236083984,False
6113,-0.41000000000000003,0.01,20.591283798217773,False
6114,-1.12,0.01,11.834335327148438,False
6115,-1.11,0.01,20.406991958618164,False
6116,-1.11,0.01,22.301422119140625,False
6117,-0.545,0.01,40.89453633626302,False
6118,-0.010000000000000009,0.01,0,False
6119,-1.81,0.01,14.662088394165039,False
6120,-0.21999999999999997,0.01,17.72425651550293,False
6121,-1.42,0.01,59.32657051086426,False
6122,-0.44000000000000006,0.01,26.272791862487793,False
6123,-1.11,0.01,18.520423889160156,False
6124,-2.55,0.01,51.12139892578125,False
6125,0.19000000000000017,0.01,12.125012397766113,False
6126,-1.7200000000000002,0.01,32.915088971455894,False
6127,-1.115,0.01,33.93231964111328,False
6128,-0.20999999999999996,0.01,36.99382781982422,False
6129,-2.6550000000000002,0.01,57.8136186003685,False
6130,1.6450000000000018,0.01,21.105609893798828,False
6131,-1.455,0.01,17.47709560394287,False
6132,-1.12,0.01,17.743014335632324,False
6133,-1.6099999999999999,0.01,0,False
6134,-0.43499999999999994,0.01,412.5808925628662,False
6135,-1.2000000000000002,0.01,19.77476183573405,False
6136,-0.5449999999999997,0.01,60.48076016562326,False
6137,-0.5099999999999999,0.01,18.4799861907959,False
6138,-1.11,0.01,19.361082077026367,False
6139,-1.215,0.01,9.050253868103027,False
6140,-1.11,0.01,16.68671226501465,False
6141,-0.22499999999999998,0.01,10.736770629882812,False
6142,-1.01,0.01,7.746194839477539,False
6143,-1.855,0.01,46.985983530680336,False
6144,0.895,0.01,39.64073181152344,False
6145,-1.5750000000000002,0.01,24.40347883436415,False
6146,-0.61,0.01,0,False
6147,-1.01,0.01,8.059422492980957,False
6148,-1.135,0.01,33.34543418884277,False
6149,-1.6099999999999999,0.01,9.689167976379395,False
6150,-0.725,0.01,40.00636291503906,False
6151,-1.6400000000000001,0.01,20.580227216084797,False
6152,-0.92,0.01,9.814787864685059,False
6153,-0.41999999999999993,0.01,32.26572799682617,False
6154,-1.2650000000000001,0.01,19.767072200775146,False
6155,-0.9299999999999999,0.01,10.732213973999023,False
6156,-0.8099999999999999,0.01,12.20945930480957,False
6157,-1.61,0.01,12.907471656799316,False
6158,-0.71,0.01,26.165552139282227,False
6159,-1.11,0.01,0,False
6160,-1.3050000000000002,0.01,53.93597481467507,False
6161,-0.41000000000000003,0.01,10.710001945495605,False
6162,-1.4100000000000001,0.01,0,False
6163,-1.2650000000000001,0.01,19.679325103759766,False
6164,-0.615,0.01,20.761489868164062,False
6165,-1.23,0.01,16.563854217529297,False
6166,-0.71,0.01,0,False
6167,-1.4100000000000001,0.01,12.762800216674805,False
6168,-0.61,0.01,14.039508819580078,False
6169,0.06999999999999962,0.01,38.272076742989675,False
6170,-0.72,0.01,13.094449996948242,False
6171,-1.21,0.01,34.42405700683594,False
6172,-0.30999999999999994,0.01,11.826302528381348,False
6173,-1.21,0.01,12.425655364990234,False
6174,-0.815,0.01,15.659061431884766,False
6175,-1.6099999999999999,0.01,0,False
6176,-0.4099999999999999,0.01,9.738075256347656,False
6177,-1.125,0.01,12.839879512786865,False
6178,-1.0050000000000001,0.01,0,False
6179,-0.52,0.01,123.18725299835205,False
6180,-0.30999999999999994,0.01,0,False
6181,-1.71,0.01,33.71360778808594,False
6182,-0.31500000000000006,0.01,20.90330696105957,False
6183,-2.045,0.01,26.805931091308594,False
6184,-0.41000000000000003,0.01,0,False
6185,-1.12,0.01,18.292094230651855,False
6186,-1.125,0.01,9.177316665649414,False
6187,-1.04,0.01,12.323425769805908,False
6188,-1.675,0.01,23.982390880584717,False
6189,-0.33999999999999997,0.01,18.665979703267414,False
6190,-1.115,0.01,193.6129150390625,False
6191,-0.825,0.01,30.16106414794922,False
6192,-0.925,0.01,32.637603759765625,False
6193,-1.025,0.01,5.568304061889648,False
6194,-1.11,0.01,25.094829559326172,False
6195,-1.62,0.01,488.9349670410156,False
6196,-1.6099999999999999,0.01,18.947566986083984,False
6197,0.09000000000000008,0.01,36.34440612792969,False
6198,-1.02,0.01,7.421168327331543,False
6199,-0.73,0.01,43.72888374328613,False
6200,-1.22,0.01,611.6117553710938,False
6201,-0.8099999999999999,0.01,16.4869384765625,False
6202,-1.4100000000000001,0.01,0,False
6203,-1.51,0.01,94.8836441040039,False
6204,-0.10999999999999999,0.01,16.595121383666992,False
6205,-1.115,0.01,22.174907684326172,False
6206,-1.3650000000000002,0.01,15.717618624369303,False
6207,-0.61,0.01,23.402313232421875,False
6208,-1.245,0.01,25.34128697713216,False
6209,-1.0150000000000001,0.01,14.094934463500977,False
6210,-0.71,0.01,0,False
6211,-1.5100000000000002,0.01,16.334712982177734,False
6212,-0.42500000000000004,0.01,13.879271984100342,False
6213,-1.6099999999999999,0.01,0,False
6214,-0.71,0.01,12.632720947265625,False
6215,-1.31,0.01,16.509666442871094,False
6216,-1.42,0.01,33.89863967895508,False
6217,-1.21,0.01,10.256643295288086,False
6218,-0.30999999999999994,0.01,31.79546356201172,False
6219,-1.125,0.01,5.076926231384277,False
6220,-0.925,0.01,21.22820472717285,False
6221,-0.91,0.01,0,False
6222,-1.4100000000000001,0.01,14.909271240234375,False
6223,-0.91,0.01,20.25304412841797,False
6224,-0.8099999999999999,0.01,7.438440322875977,False
6225,-0.91,0.01,0,False
6226,-1.53,0.01,16.91849422454834,False
6227,-1.42,0.01,8.811641693115234,False
6228,-0.009999999999999787,0.01,38.568878173828125,False
6229,-1.34,0.01,24.969340324401855,False
6230,-1.01,0.01,18.9365234375,False
6231,-1.055,0.01,45.33227411905924,False
6232,-0.8449999999999999,0.01,49.21834945678711,False
6233,-0.91,0.01,0,False
6234,-1.5450000000000004,0.01,22.935731202363968,False
6235,-0.82,0.01,17.239009857177734,False
6236,-0.8099999999999999,0.01,14.979393005371094,False
6237,-1.6150000000000002,0.01,14.144927978515625,False
6238,-1.32,0.01,11.808588027954102,False
6239,-0.01499999999999968,0.01,29.431215286254883,False
6240,-1.21,0.01,6.689738750457764,False
6241,-0.91,0.01,6.573882102966309,False
6242,-0.81,0.01,0,False
6243,-1.11,0.01,38.61653518676758,False
6244,-0.9450000000000001,0.01,38.95904223124186,False
6245,-1.77,0.01,54.41183694203695,False
6246,-0.235,0.01,158.77798080444336,False
6247,-1.2600000000000002,0.01,15.291660070419312,False
6248,-1.3400000000000003,0.01,18.459813117980957,False
6249,-1.82,0.01,22.45455551147461,False
6250,-0.20999999999999996,0.01,19.84894561767578,False
6251,-0.91,0.01,97.05587768554688,False
6252,-1.21,0.01,0,False
6253,-1.025,0.01,19.92197322845459,False
6254,-0.71,0.01,12.880777359008789,False
6255,-0.91,0.01,0,False
6256,-1.81,0.01,7.780014991760254,False
6257,-0.21499999999999997,0.01,23.48153305053711,False
6258,-2.11,0.01,14.036925315856934,False
6259,-0.5099999999999999,0.01,39.397865295410156,False
6260,-1.11,0.01,0,False
6261,-1.315,0.01,41.46897888183594,False
6262,-0.5099999999999999,0.01,32.525882720947266,False
6263,-0.71,0.01,30.94164276123047,False
6264,-1.01,0.01,153.18504333496094,False
6265,-1.21,0.01,0,False
6266,-1.31,0.01,9.749822616577148,False
6267,-0.71,0.01,15.162080764770508,False
6268,-1.11,0.01,97.3589859008789,False
6269,-1.315,0.01,80.98229217529297,False
6270,-0.5650000000000001,0.01,16.264596621195476,False
6271,-1.0650000000000002,0.01,25.731850624084473,False
6272,-1.2800000000000002,0.01,182.02392268180847,False
6273,-0.935,0.01,14.274513244628906,False
6274,-0.71,0.01,23.80296516418457,False
6275,-1.11,0.01,0,False
6276,-1.0150000000000001,0.01,13.78262710571289,False
6277,-1.01,0.01,22.845020294189453,False
6278,-0.81,0.01,8.187868118286133,False
6279,-1.11,0.01,11.251640319824219,False
6280,-1.51,0.01,0,False
6281,-0.61,0.01,9.835043907165527,False
6282,-1.3250000000000002,0.01,19.14018487930298,False
6283,-1.11,0.01,0,False
6284,-0.62,0.01,83.68074798583984,False
6285,-1.21,0.01,0,False
6286,-0.55,0.01,22.843135197957356,False
6287,-0.91,0.01,24.08652114868164,False
6288,-1.31,0.01,9.424888610839844,False
6289,-1.4100000000000001,0.01,0,False
6290,-1.0150000000000001,0.01,41.554832458496094,False
6291,-1.4250000000000003,0.01,13.449686050415039,False
6292,-0.825,0.01,17.87644370396932,False
6293,-0.91,0.01,25.634422302246094,False
6294,-0.67,0.01,19.806238651275635,False
6295,-1.11,0.01,9.529693603515625,False
6296,-1.3650000000000002,0.01,49.33493868509928,False
6297,-0.72,0.01,17.47561264038086,False
6298,-0.61,0.01,6.69820499420166,False
6299,-1.6099999999999999,0.01,17.307292938232422,False
6300,-2.1550000000000002,0.01,43.80952580769857,False
6301,0.7850000000000001,0.01,30.680322647094727,False
6302,-2.215,0.01,18.722721099853516,False
6303,-0.30999999999999994,0.01,25.232065200805664,False
6304,-0.575,0.01,22.03014341990153,False
6305,-1.1800000000000002,0.01,16.730357593960232,False
6306,-0.725,0.01,23.31254768371582,False
6307,-1.32,0.01,9.815295219421387,False
6308,-0.39000000000000024,0.01,16.175786399841307,False
6309,-1.9100000000000001,0.01,0,False
6310,-0.4099999999999999,0.01,18.48272705078125,False
6311,-0.91,0.01,21.82029914855957,False
6312,-1.5500000000000003,0.01,9.253096103668213,False
6313,-1.11,0.01,0,False
6314,-1.0050000000000001,0.01,14.877342383066813,False
6315,-0.62,0.01,9.468477249145508,False
6316,-1.11,0.01,91.01019287109375,False
6317,-0.82,0.01,5.239805698394775,False
6318,-1.4100000000000001,0.01,66.359130859375,False
6319,-0.525,0.01,4.484674453735352,False
6320,-1.5100000000000002,0.01,12.527878761291504,False
6321,-0.815,0.01,70.54351043701172,False
6322,-1.71,0.01,1399.35791015625,False
6323,-0.91,0.01,9.959335327148438,False
6324,-0.6300000000000001,0.01,24.847508271535236,False
6325,-1.31,0.01,11.527164459228516,False
6326,-0.30999999999999994,0.01,17.138063430786133,False
6327,-1.71,0.01,9.340733528137207,False
6328,-0.7650000000000001,0.01,13.200097560882568,False
6329,-1.51,0.01,16.61705780029297,False
6330,-1.01,0.01,9.890806198120117,False
6331,-0.10999999999999999,0.01,0,False
6332,-1.9100000000000001,0.01,7.107160568237305,False
6333,-0.515,0.01,8.139608383178711,False
6334,-0.92,0.01,25.978527069091797,False
6335,-1.31,0.01,10.311111450195312,False
6336,-0.8200000000000001,0.01,11.012859344482422,False
6337,-1.76,0.01,26.978019952774048,False
6338,-0.22499999999999998,0.01,11.386133193969727,False
6339,-1.215,0.01,50.15268325805664,False
6340,-0.635,0.01,99.21720886230469,False
6341,-1.22,0.01,8.332307815551758,False
6342,-0.91,0.01,4.5003204345703125,False
6343,-1.5100000000000002,0.01,14.377532958984375,False
6344,-1.52,0.01,10.65316390991211,False
6345,-0.51,0.01,11.33053970336914,False
6346,-1.08,0.01,18.73367977142334,False
6347,-1.01,0.01,15.244135856628418,False
6348,-0.91,0.01,3.822242259979248,False
6349,-0.91,0.01,0,False
6350,-0.9550000000000001,0.01,96.11227019627889,False
6351,-0.72,0.01,7.782479763031006,False
6352,-1.4100000000000001,0.01,0,False
6353,-0.71,0.01,6.641321182250977,False
6354,-1.6099999999999999,0.01,13.311493873596191,False
6355,-1.01,0.01,1119.2022705078125,False
6356,-1.315,0.01,13.486777305603027,False
6357,-0.41000000000000003,0.01,0,False
6358,-1.5100000000000002,0.01,11.997503280639648,False
6359,-0.31499999999999995,0.01,13.431198120117188,False
6360,-1.22,0.01,6.946697235107422,False
6361,-0.81,0.01,10.199129104614258,False
6362,-1.02,0.01,22.52558135986328,False
6363,-1.69,0.01,17.86028137207031,False
6364,-0.91,0.01,24.461700439453125,False
6365,-1.21,0.01,23.341819763183594,False
6366,-0.025000000000000022,0.01,11.483987808227539,False
6367,-1.71,0.01,21.315351486206055,False
6368,-1.75,0.01,13.232133229573568,False
6369,-1.01,0.01,0,False
6370,0.09000000000000008,0.01,7.4960198402404785,False
6371,-0.92,0.01,8.725712776184082,False
6372,-1.3850000000000002,0.01,15.239739799499512,False
6373,-1.59,0.01,10.214038562774657,False
6374,-0.635,0.01,16.445756435394287,False
6375,-1.01,0.01,0,False
6376,-1.6099999999999999,0.01,6.430997848510742,False
6377,-1.21,0.01,9.732575416564941,False
6378,-0.525,0.01,12.821791648864746,False
6379,-0.91,0.01,53.18265914916992,False
6380,-0.71,0.01,10.640748977661133,False
6381,-1.01,0.01,5.862948894500732,False
6382,-1.21,0.01,0,False
6383,-0.51,0.01,6.5093674659729,False
6384,-1.225,0.01,7.954183340072632,False
6385,-1.31,0.01,0,False
6386,-0.91,0.01,9.042863845825195,False
6387,-0.91,0.01,95.84042358398438,False
6388,-1.11,0.01,3.179239511489868,False
6389,-1.02,0.01,14.085911750793457,False
6390,-0.9450000000000001,0.01,13.71244478225708,False
6391,-0.835,0.01,147.32256388664246,False
6392,-1.4100000000000001,0.01,552.9320068359375,False
6393,-0.5099999999999999,0.01,18.696441650390625,False
6394,-1.6100000000000003,0.01,11.284292777379354,False
6395,-0.0050000000000000044,0.01,0,False
6396,-1.01,0.01,8.764932632446289,False
6397,-1.31,0.01,46.843807220458984,False
6398,-0.8099999999999999,0.01,5.523658752441406,False
6399,-0.51,0.01,0,False
6400,-1.11,0.01,18.775379180908203,False
6401,-1.11,0.01,6.240061283111572,False
6402,-0.71,0.01,29.983989715576172,False
6403,-1.31,0.01,0,False
6404,-1.165,0.01,15.683332443237305,False
6405,-1.6099999999999999,0.01,8.227851867675781,False
6406,-0.31499999999999995,0.01,7.213932991027832,False
6407,-1.02,0.01,11.617877960205078,False
6408,-0.91,0.01,23.226198196411133,False
6409,-1.51,0.01,0,False
6410,-1.12,0.01,6.228876829147339,False
6411,-0.51,0.01,0,False
6412,-1.225,0.01,23.684935092926025,False
6413,-1.21,0.01,97.79002380371094,False
6414,-0.8099999999999999,0.01,0,False
6415,-1.115,0.01,3.629770040512085,False
6416,-0.715,0.01,4.951894760131836,False
6417,-1.4100000000000001,0.01,9.341243743896484,False
6418,-0.82,0.01,8.87584400177002,False
6419,-1.09,0.01,16.218560028076173,False
6420,-0.31999999999999995,0.01,10.161394119262695,False
6421,-1.5250000000000001,0.01,220.00466680526733,False
6422,-0.8099999999999999,0.01,58.95453643798828,False
6423,-2.075,0.01,20.45057785511017,False
6424,-0.61,0.01,0,False
6425,-0.51,0.01,15.973809242248535,False
6426,-1.4100000000000001,0.01,6.43583869934082,False
6427,-0.61,0.01,27.217430114746094,False
6428,-1.4100000000000001,0.01,0,False
6429,-1.51,0.01,34.41649627685547,False
6430,-0.5549999999999999,0.01,37.821640968322754,False
6431,-0.91,0.01,12.769783973693848,False
6432,-0.855,0.01,15.875893592834473,False
6433,-1.11,0.01,4.632491111755371,False
6434,-1.21,0.01,0,False
6435,-0.91,0.01,16.318655014038086,False
6436,-0.91,0.01,43.25052261352539,False
6437,-0.91,0.01,11.869297981262207,False
6438,-1.61,0.01,0,False
6439,-0.92,0.01,5.133991599082947,False
6440,-1.26,0.01,34.565431118011475,False
6441,0.655,0.01,9.684372782707214,False
6442,-1.4100000000000001,0.01,0,False
6443,-1.11,0.01,35.769371032714844,False
6444,-0.71,0.01,11.353294372558594,False
6445,-0.8950000000000001,0.01,11.221870470046998,False
6446,-1.71,0.01,13.588058471679688,False
6447,-0.61,0.01,0,False
6448,-0.82,0.01,7.336113929748535,False
6449,-1.31,0.01,0,False
6450,-1.125,0.01,83.38469505310059,False
6451,-1.425,0.01,58.49236297607422,False
6452,-1.01,0.01,9.841620445251465,False
6453,-0.4099999999999999,0.01,9.206897735595703,False
6454,-0.8099999999999999,0.01,10.581304550170898,False
6455,-1.225,0.01,10.814545631408691,False
6456,-1.31,0.01,14.449365615844727,False
6457,-0.71,0.01,6.311372756958008,False
6458,-0.72,0.01,9.367440223693848,False
6459,-0.81,0.01,7.59169340133667,False
6460,-1.71,0.01,0,False
6461,-0.61,0.01,12.210589408874512,False
6462,-0.71,0.01,11.170207977294922,False
6463,-1.525,0.01,4.764057159423828,False
6464,-0.815,0.01,22.027036666870117,False
6465,-0.71,0.01,4.719147682189941,False
6466,-1.71,0.01,15.899807929992676,False
6467,-1.31,0.01,14.760591506958008,False
6468,-1.125,0.01,9.025582313537598,False
6469,-0.20999999999999996,0.01,16.639047622680664,False
6470,-1.11,0.01,72.77978515625,False
6471,-1.9449999999999998,0.01,16.670588493347168,False
6472,-0.61,0.01,15.140837669372559,False
6473,-0.51,0.01,5.945250034332275,False
6474,-1.4100000000000001,0.01,0,False
6475,-0.8099999999999999,0.01,3.8200292587280273,False
6476,-1.09,0.01,7.900229835510254,False
6477,-0.61,0.01,21.762996673583984,False
6478,-0.91,0.01,0,False
6479,-1.71,0.01,6.677274227142334,False
6480,-0.31500000000000006,0.01,35.006988525390625,False
6481,-1.12,0.01,189.3873748779297,False
6482,-1.81,0.01,7.871819019317627,False
6483,-0.9550000000000001,0.01,8.172453959782919,False
6484,-0.51,0.01,20.677654266357422,False
6485,-0.61,0.01,5.343451499938965,False
6486,-2.245,0.01,127.09924983978271,False
6487,-0.21999999999999997,0.01,8.27041244506836,False
6488,-1.11,0.01,13.388334274291992,False
6489,-1.51,0.01,7.357939720153809,False
6490,-0.4099999999999999,0.01,18.91031265258789,False
6491,-0.91,0.01,0,False
6492,-1.23,0.01,15.47428035736084,False
6493,-1.11,0.01,4.801884651184082,False
6494,-0.8099999999999999,0.01,4.852146148681641,False
6495,-1.11,0.01,0,False
6496,-1.81,0.01,454.33245849609375,False
6497,-0.11499999999999999,0.01,17.56603240966797,False
6498,-0.71,0.01,6.549768447875977,False
6499,-1.51,0.01,2.5785775184631348,False
6500,-1.125,0.01,3.669295072555542,False
6501,-1.145,0.01,26.87893025080363,False
6502,-1.11,0.01,0,False
6503,-0.6499999999999999,0.01,10.88242212931315,False
6504,-1.81,0.01,28.747886657714844,False
6505,-0.6449999999999999,0.01,11.741589546203613,False
6506,-0.30999999999999994,0.01,71.25743865966797,False
6507,-1.4100000000000001,0.01,34.32349395751953,False
6508,-1.355,0.01,10.781723340352377,False
6509,0.2100000000000002,0.01,102.064328956604,False
6510,-1.01,0.01,138.7732391357422,False
6511,-0.41000000000000003,0.01,0,False
6512,-2.09,0.01,10.672066450119019,False
6513,-0.33999999999999997,0.01,5.278544664382935,False
6514,-1.21,0.01,10.14913272857666,False
6515,-1.02,0.01,12.473837852478027,False
6516,-1.6099999999999999,0.01,12.330750465393066,False
6517,-0.30999999999999994,0.01,44.59502410888672,False
6518,-1.11,0.01,10.262395858764648,False
6519,-1.31,0.01,0,False
6520,-1.025,0.01,11.57832384109497,False
6521,-0.71,0.01,3.1040048599243164,False
6522,-1.0150000000000001,0.01,19.044750213623047,False
6523,-1.6099999999999999,0.01,0,False
6524,-0.71,0.01,4.383456230163574,False
6525,-0.815,0.01,7.291902542114258,False
6526,-1.21,0.01,4.204683303833008,False
6527,-1.4100000000000001,0.01,9.43968391418457,False
6528,-0.5099999999999999,0.01,0,False
6529,-1.11,0.01,6.7593488693237305,False
6530,-0.81,0.01,4.755108833312988,False
6531,-1.6099999999999999,0.01,9.975574493408203,False
6532,-0.5099999999999999,0.01,0,False
6533,-0.61,0.01,7.305211544036865,False
6534,-1.42,0.01,5.174548625946045,False
6535,-1.51,0.01,14.623926162719727,False
6536,-0.71,0.01,12.367405891418457,False
6537,-0.5750000000000001,0.01,8.269280076026917,False
6538,-0.8099999999999999,0.01,12.114919662475586,False
6539,-1.215,0.01,63.24858856201172,False
6540,-1.31,0.01,0,False
6541,-1.01,0.01,8.857239723205566,False
6542,-0.62,0.01,13.62104606628418,False
6543,-1.51,0.01,35.700286865234375,False
6544,-0.61,0.01,184.61415100097656,False
6545,-1.11,0.01,12.15930461883545,False
6546,-0.975,0.01,99.77995669841766,False
6547,-1.31,0.01,0,False
6548,-0.71,0.01,3.243588447570801,False
6549,-1.52,0.01,5.169092178344727,False
6550,-0.5399999999999999,0.01,3.9062275091807046,False
6551,-1.31,0.01,0,False
6552,-1.01,0.01,5.045538902282715,False
6553,-1.11,0.01,6.120043754577637,False
6554,-0.82,0.01,9.521932601928711,False
6555,-0.8099999999999999,0.01,17.79383087158203,False
6556,-0.91,0.01,7.578464031219482,False
6557,-1.415,0.01,5.938658237457275,False
6558,-0.41000000000000003,0.01,0,False
6559,-1.0150000000000001,0.01,4.260091304779053,False
6560,-1.31,0.01,11.938909530639648,False
6561,-0.72,0.01,5.317804336547852,False
6562,-1.81,0.01,28.677841186523438,False
6563,-0.61,0.01,36.36476135253906,False
6564,-1.11,0.01,26.024307250976562,False
6565,-0.815,0.01,40.04560852050781,False
6566,-1.425,0.01,1.0415496826171875,False
6567,-0.825,0.01,29.996248245239258,False
6568,-1.31,0.01,0,False
6569,-0.925,0.01,12.524918556213379,False
6570,-1.21,0.01,13.970686912536621,False
6571,-0.725,0.01,9.676254272460938,False
6572,-1.62,0.01,3.9882750511169434,False
6573,-0.52,0.01,31.014897346496582,False
6574,-1.11,0.01,0,False
6575,-0.91,0.01,7.465690612792969,False
6576,-0.91,0.01,4.085783004760742,False
6577,-0.41000000000000003,0.01,23.64746856689453,False
6578,-1.21,0.01,0,False
6579,-1.245,0.01,16.440412839253742,False
6580,-1.31,0.01,3.5445961952209473,False
6581,-0.535,0.01,10.186462879180908,False
6582,-1.3250000000000002,0.01,14.573036193847656,False
6583,-0.61,0.01,15.598941802978516,False
6584,-1.37,0.01,5.644806802272797,False
6585,-1.4100000000000001,0.01,0,False
6586,-1.115,0.01,24.860107421875,False
6587,-0.61,0.01,120.45056915283203,False
6588,-1.21,0.01,3.9878783226013184,False
6589,-1.025,0.01,3.3263120651245117,False
6590,-0.935,0.01,5.827176094055176,False
6591,-1.71,0.01,4.076135635375977,False
6592,0.07500000000000018,0.01,10.155367374420166,False
6593,-1.51,0.01,0,False
6594,-0.825,0.01,76.85343027114868,False
6595,-1.11,0.01,0.9192147254943848,False
6596,-1.01,0.01,0,False
6597,-1.51,0.01,34.89957046508789,False
6598,-0.61,0.01,18.734451293945312,False
6599,-0.81,0.01,12.811920166015625,False
6600,-0.81,0.01,0,False
6601,-1.625,0.01,6.121918439865112,False
6602,0.7949999999999999,0.01,9.060335159301758,False
6603,-2.31,0.01,0,False
6604,0.09000000000000008,0.01,14.050474166870117,False
6605,-0.61,0.01,13.876943588256836,False
6606,-2.11,0.01,5.562814712524414,False
6607,-0.735,0.01,124.21540832519531,False
6608,-0.5099999999999999,0.01,0,False
6609,-1.11,0.01,3.539443016052246,False
6610,-0.8099999999999999,0.01,4.837334632873535,False
6611,-1.21,0.01,84.83910369873047,False
6612,-1.71,0.01,0,False
6613,-0.925,0.01,9.09870195388794,False
6614,-0.82,0.01,37.78437805175781,False
6615,-0.825,0.01,166.94908809661865,False
6616,-1.21,0.01,0,False
6617,-0.71,0.01,2.955080509185791,False
6618,-1.315,0.01,10.332003593444824,False
6619,-0.61,0.01,20.414508819580078,False
6620,-1.5150000000000001,0.01,9.076404571533203,False
6621,-1.22,0.01,248.2781524658203,False
6622,-1.11,0.01,5.018753528594971,False
6623,-0.10999999999999999,0.01,3.6952013969421387,False
6624,-1.81,0.01,0,False
6625,-0.41000000000000003,0.01,4.389352798461914,False
6626,-1.31,0.01,9.951018333435059,False
6627,0.29499999999999993,0.01,7.12003231048584,False
6628,-1.22,0.01,5.20918083190918,False
6629,-1.31,0.01,4.966678619384766,False
6630,-0.4099999999999999,0.01,0,False
6631,-1.31,0.01,3.3684778213500977,False
6632,-0.825,0.01,10.814833164215088,False
6633,-1.31,0.01,0,False
6634,-1.11,0.01,1.9326188564300537,False
6635,-0.31999999999999995,0.01,4.297597408294678,False
6636,-1.9100000000000001,0.01,11.627043724060059,False
6637,-0.53,0.01,7.691302299499512,False
6638,-0.81,0.01,4.9128828048706055,False
6639,-1.21,0.01,0,False
6640,-1.01,0.01,29.482852935791016,False
6641,-1.11,0.01,31.839805603027344,False
6642,-0.51,0.01,3.951333522796631,False
6643,-1.12,0.01,0.9658821821212769,False
6644,-1.0150000000000001,0.01,5.687562465667725,False
6645,-1.4100000000000001,0.01,38.82382583618164,False
6646,-0.725,0.01,7.838324069976807,False
6647,-1.1300000000000001,0.01,12.35575008392334,False
6648,-1.81,0.01,8.63593578338623,False
6649,-0.48,0.01,11.658878922462463,False
6650,-1.055,0.01,5.609345197677612,False
6651,-1.585,0.01,8.58379602432251,False
6652,-0.51,0.01,7.602379322052002,False
6653,-0.61,0.01,25.474754333496094,False
6654,-1.31,0.01,7.706391334533691,False
6655,-1.115,0.01,3.591902732849121,False
6656,-1.155,0.01,4.855336983998616,False
6657,0.395,0.01,0,False
6658,-1.21,0.01,24.913307189941406,False
6659,-1.6099999999999999,0.01,2.2612814903259277,False
6660,-0.51,0.01,4.275945663452148,False
6661,-0.535,0.01,10.685842514038086,False
6662,-2.31,0.01,0,False
6663,-0.21999999999999997,0.01,6.005946397781372,False
6664,-1.3250000000000002,0.01,4.191056728363037,False
6665,-0.41000000000000003,0.01,23.57415008544922,False
6666,-1.11,0.01,7.2518391609191895,False
6667,-1.51,0.01,0,False
6668,-0.91,0.01,7.608917236328125,False
6669,-0.405,0.01,2.512105941772461,False
6670,0.06000000000000005,0.01,9.04645824432373,False
6671,-1.815,0.01,16.54908561706543,False
6672,-0.025000000000000022,0.01,3.5983821153640747,False
6673,-1.815,0.01,5.894415378570557,False
6674,-1.065,0.01,7.988848288853963,False
6675,-0.61,0.01,11.436087608337402,False
6676,-0.8099999999999999,0.01,240.05494689941406,False
6677,-1.21,0.01,0,False
6678,-1.31,0.01,5.587793350219727,False
6679,-0.71,0.01,3.529904842376709,False
6680,-1.2600000000000002,0.01,12.893518686294556,False
6681,-0.71,0.01,4.548503875732422,False
6682,-1.11,0.01,38.39781951904297,False
6683,-0.75,0.01,2.2833224534988403,False
6684,-1.81,0.01,5.662677764892578,False
6685,-0.8099999999999999,0.01,91.22882843017578,False
6686,-1.31,0.01,8.154691696166992,False
6687,-0.30999999999999994,0.01,0,False
6688,-1.4100000000000001,0.01,12.017402648925781,False
6689,-0.91,0.01,20.521684646606445,False
6690,-1.04,0.01,8.209461450576782,False
6691,-0.8099999999999999,0.01,7.731480598449707,False
6692,-0.91,0.01,2.2350306510925293,False
6693,-1.025,0.01,38.35871505737305,False
6694,-1.71,0.01,7.9018402099609375,False
6695,-1.31,0.01,1.4403293132781982,False
6696,-0.10999999999999999,0.01,0,False
6697,-0.91,0.01,11.875809669494629,False
6698,-0.92,0.01,13.809316635131836,False
6699,-1.3250000000000002,0.01,5.219944357872009,False
6700,-1.115,0.01,7.631773948669434,False
6701,-0.71,0.01,14.35589599609375,False
6702,-1.925,0.01,4.470272541046143,False
6703,0.0900000000000003,0.01,6.406805992126465,False
6704,-1.51,0.01,11.889384269714355,False
6705,-1.01,0.01,0,False
6706,-1.5550000000000002,0.01,10.755683104197184,False
6707,-0.71,0.01,6.294729232788086,False
6708,-1.0350000000000001,0.01,16.81389331817627,False
6709,-0.625,0.01,4.901058673858643,False
6710,-1.01,0.01,0,False
6711,-1.51,0.01,3.4180521965026855,False
6712,-0.30999999999999994,0.01,40.19710159301758,False
6713,-1.71,0.01,13.9774169921875,False
6714,-0.91,0.01,0,False
6715,-0.9450000000000001,0.01,10.465498924255371,False
6716,-0.71,0.01,15.287467002868652,False
6717,-1.21,0.01,0,False
6718,-0.91,0.01,1.9136602878570557,False
6719,-1.42,0.01,23.989748001098633,False
6720,-0.4099999999999999,0.01,3.876552104949951,False
6721,-1.01,0.01,3.211336374282837,False
6722,-1.21,0.01,4.308596611022949,False
6723,-1.31,0.01,0,False
6724,-0.61,0.01,2.490798234939575,False
6725,-2.115,0.01,2.4796910285949707,False
6726,-0.5099999999999999,0.01,9.77751636505127,False
6727,-0.815,0.01,17.21105194091797,False
6728,-1.12,0.01,9.387664794921875,False
6729,-0.30999999999999994,0.01,19.770614624023438,False
6730,-1.71,0.01,1.240598440170288,False
6731,-0.71,0.01,0,False
6732,-0.83,0.01,6.270587921142578,False
6733,-1.6150000000000002,0.01,8.160855293273926,False
6734,-0.8099999999999999,0.01,4.265437126159668,False
6735,-0.615,0.01,5.187654495239258,False
6736,-1.01,0.01,6.724820137023926,False
6737,-1.31,0.01,0,False
6738,-1.01,0.01,15.828609466552734,False
6739,-0.8099999999999999,0.01,27.450923919677734,False
6740,-1.31,0.01,3.335547924041748,False
6741,-0.545,0.01,4.360471248626709,False
6742,-1.11,0.01,2.324244260787964,False
6743,-0.8099999999999999,0.01,3.7714731693267822,False
6744,-2.11,0.01,0,False
6745,-0.31499999999999995,0.01,22.55579376220703,False
6746,-0.72,0.01,3.374235153198242,False
6747,-1.31,0.01,0,False
6748,-0.825,0.01,30.233763694763184,False
6749,-1.32,0.01,34.236454010009766,False
6750,-0.71,0.01,4.198543548583984,False
6751,-1.11,0.01,295.1396179199219,False
6752,-1.0150000000000001,0.01,5.942300319671631,False
6753,-0.81,0.01,0,False
6754,-1.6099999999999999,0.01,5.318334102630615,False
6755,0.09499999999999997,0.01,211.37156677246094,False
6756,-0.5099999999999999,0.01,9.706326484680176,False
6757,-1.8250000000000002,0.01,5.65566619237264,False
6758,-0.915,0.01,3.255706310272217,False
6759,-1.01,0.01,5.778575420379639,False
6760,-0.30999999999999994,0.01,5.210641860961914,False
6761,-1.51,0.01,0,False
6762,-1.51,0.01,3.2603602409362793,False
6763,-0.20999999999999996,0.01,8.578116416931152,False
6764,-1.5100000000000002,0.01,3.8207907676696777,False
6765,-1.4100000000000001,0.01,0,False
6766,-0.20999999999999996,0.01,10.13359260559082,False
6767,-1.82,0.01,343.2115783691406,False
6768,-0.11499999999999977,0.01,79.5225601196289,False
6769,-1.31,0.01,46.45469665527344,False
6770,-0.61,0.01,3.767216682434082,False
6771,-1.21,0.01,2.633972644805908,False
6772,-0.62,0.01,7.38812255859375,False
6773,-1.31,0.01,8.964178085327148,False
6774,-1.315,0.01,4.996279716491699,False
6775,-0.5099999999999999,0.01,0,False
6776,-1.31,0.01,5.5900044441223145,False
6777,-0.91,0.01,5.132778644561768,False
6778,-1.51,0.01,6.684368133544922,False
6779,-0.63,0.01,1.4924378395080566,False
6780,-0.8200000000000001,0.01,8.121914029121399,False
6781,-1.81,0.01,0,False
6782,-0.41000000000000003,0.01,5.584031581878662,False
6783,-1.245,0.01,7.322484652201335,False
6784,-0.9199999999999999,0.01,1.6650121212005615,False
6785,-0.61,0.01,2.620837450027466,False
6786,-1.11,0.01,0,False
6787,-0.91,0.01,1.9856722354888916,False
6788,-1.81,0.01,9.340902328491211,False
6789,-0.20999999999999996,0.01,8.038717269897461,False
6790,-1.11,0.01,0,False
6791,-1.6400000000000001,0.01,3.161384423573812,False
6792,-0.825,0.01,3.1610469818115234,False
6793,-0.81,0.01,1.8440638780593872,False
6794,-1.11,0.01,17.126724243164062,False
6795,-1.61,0.01,0,False
6796,-0.11499999999999999,0.01,3.6037943363189697,False
6797,-1.715,0.01,28.173404693603516,False
6798,-0.42000000000000004,0.01,8.739295499665397,False
6799,-1.6099999999999999,0.01,0,False
6800,-0.5099999999999999,0.01,5.825284957885742,False
6801,-1.335,0.01,34.92497730255127,False
6802,-1.01,0.01,7.162771224975586,False
6803,-0.5099999999999999,0.01,2.7917404174804688,False
6804,-1.31,0.01,0,False
6805,-1.3250000000000002,0.01,13.345759391784668,False
6806,-0.51,0.01,1.445252537727356,False
6807,-1.22,0.01,5.42078971862793,False
6808,-1.02,0.01,4.74915075302124,False
6809,-1.22,0.01,3.8048367500305176,False
6810,-1.4100000000000001,0.01,1.4338061809539795,False
6811,-0.31499999999999995,0.01,2.9911770820617676,False
6812,-1.4100000000000001,0.01,5.476545810699463,False
6813,-0.91,0.01,4.217402458190918,False
6814,-1.51,0.01,0,False
6815,-0.91,0.01,1.9343771934509277,False
6816,-0.915,0.01,4.930854797363281,False
6817,-0.71,0.01,3.19417405128479,False
6818,-0.52,0.01,349.1050720214844,False
6819,-1.31,0.01,12.798859596252441,False
6820,-1.11,0.01,3.3172783851623535,False
6821,-1.4100000000000001,0.01,0,False
6822,-0.71,0.01,25.30908203125,False
6823,0.54,0.01,2.4922267496585846,False
6824,-1.02,0.01,6.5209503173828125,False
6825,-1.4100000000000001,0.01,4.9949421882629395,False
6826,-1.11,0.01,0,False
6827,-0.81,0.01,9.387985229492188,False
6828,-1.0850000000000002,0.01,7.432678818702698,False
6829,-1.11,0.01,0,False
6830,-1.81,0.01,4.73426628112793,False
6831,-0.41000000000000003,0.01,1.1565972566604614,False
6832,-0.8099999999999999,0.01,6.664600372314453,False
6833,-0.61,0.01,0,False
6834,-1.81,0.01,3.7363386154174805,False
6835,-0.51,0.01,3.2260658740997314,False
6836,-1.815,0.01,4.0585618019104,False
6837,0.19000000000000017,0.01,3.4887263774871826,False
6838,-1.3250000000000002,0.01,2.4314446449279785,False
6839,-1.21,0.01,6.727589130401611,False
6840,-1.51,0.01,4.78770637512207,False
6841,-0.41000000000000003,0.01,0,False
6842,-1.21,0.01,2.0847339630126953,False
6843,-1.4100000000000001,0.01,1.6976820230484009,False
6844,-0.61,0.01,3.5995092391967773,False
6845,-1.81,0.01,0,False
6846,0.19000000000000017,0.01,11.238733291625977,False
6847,-1.5100000000000002,0.01,4.722912311553955,False
6848,-0.91,0.01,13.966988563537598,False
6849,-0.825,0.01,11.320263862609863,False
6850,-0.71,0.01,20.777301788330078,False
6851,-1.81,0.01,5.438202381134033,False
6852,-0.915,0.01,2.977376937866211,False
6853,-1.11,0.01,0,False
6854,-0.22499999999999998,0.01,11.551463603973389,False
6855,-1.215,0.01,1.3465240001678467,False
6856,-1.31,0.01,6.35235595703125,False
6857,-1.01,0.01,0,False
6858,-1.11,0.01,3.933732032775879,False
6859,-0.5099999999999999,0.01,6.5888471603393555,False
6860,-1.31,0.01,6.520287036895752,False
6861,-1.425,0.01,7.481027126312256,False
6862,-0.51,0.01,2.910628080368042,False
6863,-0.91,0.01,3.544879913330078,False
6864,-1.9400000000000002,0.01,11.48772406578064,False
6865,-0.745,0.01,17.253939390182495,False
6866,-1.235,0.01,8.075255870819092,False
6867,-0.5099999999999999,0.01,22.603546142578125,False
6868,-1.42,0.01,4.962749481201172,False
6869,-0.895,0.01,13.626265811920167,False
6870,-1.635,0.01,11.613906025886536,False
6871,-0.71,0.01,4.601849555969238,False
6872,-0.61,0.01,85.69993591308594,False
6873,-0.51,0.01,2.4551453590393066,False
6874,-1.51,0.01,0,False
6875,-1.21,0.01,2.2600908279418945,False
6876,-0.10999999999999999,0.01,1.4013383388519287,False
6877,-1.4100000000000001,0.01,1.5920073986053467,False
6878,-1.11,0.01,0,False
6879,-0.61,0.01,2.6198487281799316,False
6880,-1.01,0.01,2.386409282684326,False
6881,-1.4100000000000001,0.01,13.050858497619629,False
6882,-1.4100000000000001,0.01,0,False
6883,0.2649999999999999,0.01,7.935245543718338,False
6884,-0.81,0.01,0,False
6885,-0.96,0.01,19.35110491514206,False
6886,-1.81,0.01,0,False
6887,-0.71,0.01,11.945463180541992,False
6888,-1.11,0.01,15.044534683227539,False
6889,-1.11,0.01,17.784250259399414,False
6890,-0.91,0.01,0,False
6891,-0.91,0.01,1.6876275539398193,False
6892,-1.01,0.01,1.0364346504211426,False
6893,-1.11,0.01,15.41693115234375,False
6894,-1.0150000000000001,0.01,3.4021975994110107,False
6895,-0.715,0.01,1.3954274654388428,False
6896,-1.11,0.01,0,False
6897,-1.21,0.01,2.218892812728882,False
6898,-0.71,0.01,2.816418409347534,False
6899,-1.11,0.01,1.501062035560608,False
6900,-0.71,0.01,0,False
6901,-1.6099999999999999,0.01,3.566244602203369,False
6902,-0.4099999999999999,0.01,2.599679708480835,False
6903,-1.51,0.01,64.59051513671875,False
6904,-0.81,0.01,0,False
6905,-1.71,0.01,6.382309913635254,False
6906,-0.4099999999999999,0.01,13.3057861328125,False
6907,-0.91,0.01,3.514535665512085,False
6908,-0.71,0.01,0,False
6909,-1.3450000000000002,0.01,2.2918065786361694,False
6910,-0.725,0.01,2.3647422790527344,False
6911,-1.11,0.01,23.380054473876953,False
6912,-0.94,0.01,8.62660402059555,False
6913,-2.015,0.01,2.5658795833587646,False
6914,-0.30999999999999994,0.01,1.3464361429214478,False
6915,-1.4100000000000001,0.01,23.88562774658203,False
6916,-0.8099999999999999,0.01,3.4131741523742676,False
6917,-1.12,0.01,85.58575439453125,False
6918,-0.71,0.01,7.982608795166016,False
6919,-0.8099999999999999,0.01,0,False
6920,-1.12,0.01,3.2887842655181885,False
6921,-0.8099999999999999,0.01,0,False
6922,-1.81,0.01,5.137336730957031,False
6923,-0.22499999999999998,0.01,6.8101842403411865,False
6924,-1.31,0.01,0,False
6925,-1.11,0.01,10.024139404296875,False
6926,-0.81,0.01,3.3205409049987793,False
6927,-1.61,0.01,27.744434356689453,False
6928,-0.835,0.01,22.228286266326904,False
6929,-0.51,0.01,0,False
6930,-0.81,0.01,4.986030578613281,False
6931,-1.9100000000000001,0.01,8.055974960327148,False
6932,-0.30999999999999994,0.01,5.2155303955078125,False
6933,-1.31,0.01,0,False
6934,-0.895,0.01,13.546443724632264,False
6935,-0.71,0.01,7.277198314666748,False
6936,-1.21,0.01,3.9866085052490234,False
6937,-0.91,0.01,1.8948838710784912,False
6938,-0.915,0.01,6.742133140563965,False
6939,-1.51,0.01,0,False
6940,-1.4100000000000001,0.01,3.189502239227295,False
6941,-0.53,0.01,5.77995228767395,False
6942,-1.6099999999999999,0.01,14.933913230895996,False
6943,-0.62,0.01,15.09727668762207,False
6944,-0.21999999999999997,0.01,5.040794849395752,False
6945,-1.71,0.01,2.1313719749450684,False
6946,-0.91,0.01,0.9127178192138672,False
6947,-1.21,0.01,0,False
6948,-1.21,0.01,2.7602686882019043,False
6949,-0.9650000000000001,0.01,11.061317384243011,False
6950,-0.725,0.01,12.942960739135742,False
6951,-0.81,0.01,9.93616771697998,False
6952,-1.11,0.01,291.74737548828125,False
6953,-1.4100000000000001,0.01,0,False
6954,-1.1400000000000001,0.01,3.7101491888364158,False
6955,-1.5350000000000001,0.01,6.527310609817505,False
6956,-0.21499999999999997,0.01,3.252439498901367,False
6957,-0.71,0.01,0,False
6958,-1.71,0.01,25.882436752319336,False
6959,-1.24,0.01,8.003833770751953,False
6960,-0.255,0.01,100.34237496058147,False
6961,-1.31,0.01,28.939151763916016,False
6962,-1.23,0.01,23.29649829864502,False
6963,-0.31499999999999995,0.01,3.570676803588867,False
6964,-1.31,0.01,2.0218262672424316,False
6965,-1.21,0.01,0,False
6966,-0.61,0.01,10.454629898071289,False
6967,-0.91,0.01,24.381380081176758,False
6968,-1.91,0.01,3.830889940261841,False
6969,-0.10999999999999999,0.01,0,False
6970,-1.21,0.01,2.0836877822875977,False
6971,-1.4100000000000001,0.01,8.373201370239258,False
6972,-1.31,0.01,8.326140403747559,False
6973,-0.91,0.01,0,False
6974,-0.30999999999999994,0.01,11.493467330932617,False
6975,-0.8099999999999999,0.01,6.772036552429199,False
6976,-1.21,0.01,6.031247138977051,False
6977,-1.02,0.01,4.758499622344971,False
6978,-1.01,0.01,0.7101748585700989,False
6979,-1.915,0.01,10.581161499023438,False
6980,-0.30999999999999994,0.01,0,False
6981,-0.71,0.01,7.701874256134033,False
6982,-1.4100000000000001,0.01,6.996879577636719,False
6983,-1.4100000000000001,0.01,19.737995147705078,False
6984,-0.41000000000000003,0.01,0,False
6985,-0.645,0.01,9.849769115447998,False
6986,-1.215,0.01,7.793570518493652,False
6987,-1.31,0.01,0.6976383924484253,False
6988,-1.71,0.01,0,False
6989,-0.61,0.01,3.1415557861328125,False
6990,-1.01,0.01,3.930850028991699,False
6991,-1.315,0.01,4.129928112030029,False
6992,-0.10999999999999999,0.01,3.978269577026367,False
6993,-1.32,0.01,3.563910961151123,False
6994,-1.01,0.01,2.084838628768921,False
6995,-1.21,0.01,0,False
6996,-0.815,0.01,0.9980654120445251,False
6997,-0.61,0.01,2.7967777252197266,False
6998,-1.21,0.01,32.78506088256836,False
6999,-1.5100000000000002,0.01,2.278585433959961,False
7000,-0.10999999999999999,0.01,0,False
7001,-1.4100000000000001,0.01,0.8238543272018433,False
7002,-1.6099999999999999,0.01,4.6891374588012695,False
7003,-0.61,0.01,4.570357799530029,False
7004,-0.84,0.01,7.550408363342285,False
7005,-1.01,0.01,1.8003004789352417,False
7006,-1.22,0.01,1.5660094022750854,False
7007,-1.11,0.01,6.333392143249512,False
7008,-0.8099999999999999,0.01,0,False
7009,-1.025,0.01,1.0571135580539703,False
7010,-0.71,0.01,12.34756851196289,False
7011,-1.11,0.01,0,False
7012,-1.21,0.01,4.47617244720459,False
7013,-1.3250000000000002,0.01,9.16358494758606,False
7014,-0.41000000000000003,0.01,0,False
7015,-1.71,0.01,9.672453880310059,False
7016,-1.31,0.01,28.17986297607422,False
7017,-0.31499999999999995,0.01,2.238069534301758,False
7018,-1.21,0.01,1.5211379528045654,False
7019,0.15999999999999992,0.01,3.036261796951294,False
7020,-0.91,0.01,2.9965741634368896,False
7021,-0.715,0.01,12.615653038024902,False
7022,-1.5100000000000002,0.01,7.354536056518555,False
7023,-0.8099999999999999,0.01,0,False
7024,-1.31,0.01,0.5592241287231445,False
7025,-1.31,0.01,17.327119827270508,False
7026,-0.5199999999999999,0.01,4.5795698165893555,False
7027,-0.61,0.01,6.976972579956055,False
7028,-1.21,0.01,8.426153182983398,False
7029,-1.62,0.01,4.076539993286133,False
7030,0.2849999999999999,0.01,2.276303768157959,False
7031,-1.4500000000000002,0.01,1.5078901449839275,False
7032,-0.30999999999999994,0.01,1.3819935321807861,False
7033,-1.01,0.01,0,False
7034,-1.11,0.01,2.5141794681549072,False
7035,-0.94,0.01,4.677905082702637,False
7036,-1.31,0.01,9.40312671661377,False
7037,-0.51,0.01,2.6740097999572754,False
7038,-1.6099999999999999,0.01,0.9386895895004272,False
7039,0.395,0.01,0,False
7040,-1.31,0.01,3.456881046295166,False
7041,-1.11,0.01,4.89943790435791,False
7042,-1.51,0.01,2.574197769165039,False
7043,-0.10999999999999999,0.01,0,False
7044,-1.31,0.01,3.2420806884765625,False
7045,-1.11,0.01,7.360665321350098,False
7046,-0.41000000000000003,0.01,68.86904907226562,False
7047,-1.4100000000000001,0.01,0,False
7048,-0.615,0.01,67.65928649902344,False
7049,-1.21,0.01,1.4209339618682861,False
7050,-1.94,0.01,8.034431040287018,False
7051,-0.41000000000000003,0.01,2.396289825439453,False
7052,-0.5099999999999999,0.01,2.279400110244751,False
7053,-1.23,0.01,0.8646492660045624,False
7054,-0.8099999999999999,0.01,0,False
7055,-2.01,0.01,2.622551918029785,False
7056,-1.01,0.01,4.705902576446533,False
7057,-0.41000000000000003,0.01,37.38423538208008,False
7058,-0.81,0.01,0,False
7059,-0.71,0.01,2.914914846420288,False
7060,-2.445,0.01,2.0912758111953735,False
7061,-0.21999999999999997,0.01,0.9770353436470032,False
7062,-1.4100000000000001,0.01,2.701993703842163,False
7063,-0.20999999999999996,0.01,0,False
7064,-1.31,0.01,1.1465216875076294,False
7065,-0.71,0.01,6.329614639282227,False
7066,-1.025,0.01,5.492929458618164,False
7067,-1.81,0.01,1.5137228965759277,False
7068,-1.11,0.01,1.6824357509613037,False
7069,-0.82,0.01,9.621566772460938,False
7070,-0.5299999999999999,0.01,5.98261284828186,False
7071,-1.21,0.01,9.034799575805664,False
7072,-0.91,0.01,0,False
7073,-0.91,0.01,1.1708052158355713,False
7074,-1.12,0.01,1.4184019565582275,False
7075,-1.6099999999999999,0.01,5.527670860290527,False
7076,-0.4099999999999999,0.01,3.795027732849121,False
7077,-1.24,0.01,1.8622573614120483,False
7078,-1.4100000000000001,0.01,7.690222263336182,False
7079,-0.71,0.01,4.869574546813965,False
7080,-1.31,0.01,0,False
7081,-0.91,0.01,1.1645910739898682,False
7082,-0.71,0.01,6.8613739013671875,False
7083,-0.71,0.01,1.1439279317855835,False
7084,-1.21,0.01,0,False
7085,-1.71,0.01,6.928343772888184,False
7086,-0.61,0.01,3.512251377105713,False
7087,-0.4099999999999999,0.01,6.743000507354736,False
7088,-0.81,0.01,0,False
7089,-2.21,0.01,0.7551432847976685,False
7090,-0.20999999999999996,0.01,13.032368659973145,False
7091,-1.025,0.01,1.4665720462799072,False
7092,-0.71,0.01,1.3948601484298706,False
7093,-1.71,0.01,3.8134660720825195,False
7094,-0.71,0.01,4.042547225952148,False
7095,-1.02,0.01,7.679912567138672,False
7096,-0.91,0.01,16.87034797668457,False
7097,-1.21,0.01,0,False
7098,-1.01,0.01,103.59065246582031,False
7099,-0.81,0.01,2.363574743270874,False
7100,-0.71,0.01,9.69374942779541,False
7101,-1.81,0.01,0,False
7102,-0.71,0.01,11.481851577758789,False
7103,-1.025,0.01,1.464828073978424,False
7104,-1.01,0.01,0,False
7105,-1.31,0.01,1.3129098415374756,False
7106,-0.6249999999999999,0.01,4.98539662361145,False
7107,-1.81,0.01,0,False
7108,-0.5099999999999999,0.01,2.71268630027771,False
7109,-0.5099999999999999,0.01,1.4470546245574951,False
7110,-0.71,0.01,4.118015289306641,False
7111,-1.615,0.01,1.42341148853302,False
7112,-1.11,0.01,0,False
7113,-0.71,0.01,4.558374881744385,False
7114,-1.4100000000000001,0.01,2.6533217430114746,False
7115,-1.21,0.01,5.680951118469238,False
7116,-0.51,0.01,0,False
7117,-1.415,0.01,1.7406089305877686,False
7118,-0.51,0.01,2.5882115364074707,False
7119,-1.71,0.01,1.5191922187805176,False
7120,-0.41000000000000003,0.01,2.4711694717407227,False
7121,-1.42,0.01,4.654397487640381,False
7122,-0.21999999999999997,0.01,6.884693145751953,False
7123,-1.51,0.01,15.34959888458252,False
7124,-0.91,0.01,1.8456244468688965,False
7125,-1.0550000000000002,0.01,3.536202351252238,False
7126,-0.91,0.01,0,False
7127,-1.31,0.01,3.2934072017669678,False
7128,-0.5099999999999999,0.01,1.6667617559432983,False
7129,-1.31,0.01,19.850467681884766,False
7130,-0.9950000000000001,0.01,2.105287480354309,False
7131,-1.01,0.01,0,False
7132,-1.025,0.01,4.125872850418091,False
7133,-1.01,0.01,5.7013959884643555,False
7134,-1.31,0.01,0,False
7135,-0.82,0.01,1.7068211436271667,False
7136,-0.61,0.01,0,False
7137,-1.11,0.01,6.526392936706543,False
7138,-1.12,0.01,1.8726317882537842,False
7139,-1.22,0.01,43.57419514656067,False
7140,-0.71,0.01,0,False
7141,-1.31,0.01,3.586171865463257,False
7142,-0.8200000000000001,0.01,6.463523864746094,False
7143,-1.4100000000000001,0.01,1.0087018013000488,False
7144,-0.30999999999999994,0.01,12.010677337646484,False
7145,-1.9100000000000001,0.01,19.75360679626465,False
7146,-0.91,0.01,0,False
7147,-1.51,0.01,2.781508445739746,False
7148,0.18500000000000005,0.01,30.107711791992188,False
7149,-1.21,0.01,4.007997989654541,False
7150,-1.71,0.01,2.511779546737671,False
7151,-0.2500000000000001,0.01,2.498428076505661,False
7152,-1.4100000000000001,0.01,0.882224440574646,False
7153,-1.11,0.01,2.597646713256836,False
7154,-0.61,0.01,1.9761013984680176,False
7155,-1.4100000000000001,0.01,0,False
7156,-0.53,0.01,5.181202173233032,False
7157,-1.415,0.01,0.8932111263275146,False
7158,-0.92,0.01,4.043453693389893,False
7159,-1.4100000000000001,0.01,7.006974220275879,False
7160,-0.81,0.01,0.8480348587036133,False
7161,-1.22,0.01,7.13779354095459,False
7162,-0.5099999999999999,0.01,8.028277397155762,False
7163,-0.71,0.01,5.60327672958374,False
7164,-1.71,0.01,0,False
7165,-0.91,0.01,1.6832362413406372,False
7166,-0.92,0.01,1.4277247190475464,False
7167,-0.81,0.01,7.160350322723389,False
7168,-0.61,0.01,4.4466705322265625,False
7169,-1.9100000000000001,0.01,12.541693687438965,False
7170,-0.4099999999999999,0.01,0,False
7171,-1.6300000000000001,0.01,99.31149226427078,False
7172,-0.61,0.01,1.8764703273773193,False
7173,-0.91,0.01,2.014659881591797,False
7174,-1.02,0.01,4.070414066314697,False
7175,-1.1400000000000001,0.01,0.8176468014717102,False
7176,-1.01,0.01,2.806122064590454,False
7177,-2.11,0.01,9.717886924743652,False
7178,1.6850000000000005,0.01,9.03706169128418,False
7179,-2.4299999999999997,0.01,3.8627098202705383,False
7180,-0.71,0.01,0,False
7181,-1.22,0.01,3.210115611553192,False
7182,-0.20999999999999996,0.01,0,False
7183,-1.01,0.01,2.715731143951416,False
7184,-1.02,0.01,4.518091678619385,False
7185,-1.6099999999999999,0.01,14.745163917541504,False
7186,-0.91,0.01,1.142625093460083,False
7187,-0.515,0.01,17.369325637817383,False
7188,-0.815,0.01,1.719158411026001,False
7189,-1.6099999999999999,0.01,5.301305294036865,False
7190,-1.31,0.01,0,False
7191,-0.71,0.01,3.085601806640625,False
7192,-0.30999999999999994,0.01,2.614187717437744,False
7193,-1.31,0.01,2.1383423805236816,False
7194,-0.92,0.01,5.817875385284424,False
7195,-1.11,0.01,1.9130264520645142,False
7196,-1.01,0.01,0,False
7197,-1.0150000000000001,0.01,4.51793098449707,False
7198,-0.725,0.01,6.133501052856445,False
7199,-0.30999999999999994,0.01,0.9044469594955444,False
7200,-1.02,0.01,2.7932043075561523,False
7201,-1.11,0.01,0.7653753757476807,False
7202,0.2749999999999999,0.01,9.148378133773804,False
7203,-1.4100000000000001,0.01,0,False
7204,-0.71,0.01,4.211265563964844,False
7205,-0.81,0.01,0.9452020525932312,False
7206,-1.81,0.01,1.269929051399231,False
7207,-0.51,0.01,0,False
7208,-1.01,0.01,14.81089973449707,False
7209,-0.825,0.01,4.309942841529846,False
7210,-0.915,0.01,4.605809211730957,False
7211,-1.81,0.01,0,False
7212,-0.4149999999999999,0.01,0.7099660634994507,False
7213,-1.11,0.01,0.7219317555427551,False
7214,-1.6099999999999999,0.01,7.804678440093994,False
7215,-0.745,0.01,7.076076984405518,False
7216,-0.81,0.01,20.608169555664062,False
7217,-0.71,0.01,3.097238540649414,False
7218,-2.21,0.01,1.617552399635315,False
7219,-0.8099999999999999,0.01,0,False
7220,-0.009999999999999787,0.01,1.4777148962020874,False
7221,-1.6099999999999999,0.01,2.4278571605682373,False
7222,-0.91,0.01,2.3591620922088623,False
7223,-0.8099999999999999,0.01,0,False
7224,-0.71,0.01,6.43782901763916,False
7225,-1.61,0.01,1.9406969547271729,False
7226,-1.01,0.01,3.347888708114624,False
7227,-0.8099999999999999,0.01,0,False
7228,-0.51,0.01,30.526161193847656,False
7229,-1.315,0.01,82.90653991699219,False
7230,-1.215,0.01,2.6169610023498535,False
7231,-0.91,0.01,3.109229326248169,False
7232,-0.81,0.01,2.411999464035034,False
7233,-1.31,0.01,0,False
7234,-0.82,0.01,1.8760669231414795,False
7235,-0.71,0.01,0,False
7236,-1.4250000000000003,0.01,11.136133670806885,False
7237,-1.02,0.01,1.7038767337799072,False
7238,-1.31,0.01,2.9224209785461426,False
7239,-0.85,0.01,6.311174472173055,False
7240,-0.20999999999999996,0.01,1.8025031089782715,False
7241,-1.21,0.01,0,False
7242,-0.44999999999999996,0.01,4.100504080454509,False
7243,-0.91,0.01,1.9239200353622437,False
7244,-1.11,0.01,4.444646835327148,False
7245,-1.71,0.01,0,False
7246,-0.30999999999999994,0.01,1.5285208225250244,False
7247,-0.51,0.01,0.6784082055091858,False
7248,-1.9100000000000001,0.01,3.784923553466797,False
7249,-0.52,0.01,2.5838451385498047,False
7250,-0.91,0.01,2.1995506286621094,False
7251,-1.11,0.01,0,False
7252,-0.91,0.01,0.8252159357070923,False
7253,-1.4100000000000001,0.01,2.23064923286438,False
7254,-0.91,0.01,3.892998695373535,False
7255,-1.4100000000000001,0.01,0,False
7256,-0.20999999999999996,0.01,1.1518597602844238,False
7257,-1.51,0.01,1.2371129989624023,False
7258,-0.51,0.01,2.28273868560791,False
7259,-1.5100000000000002,0.01,0,False
7260,-0.61,0.01,2.6985971927642822,False
7261,-1.61,0.01,6.921965599060059,False
7262,-0.8099999999999999,0.01,1.8499348163604736,False
7263,-1.6099999999999999,0.01,0,False
7264,-0.30999999999999994,0.01,8.250075340270996,False
7265,-0.61,0.01,1.5953773260116577,False
7266,-1.81,0.01,3.3025102615356445,False
7267,-0.81,0.01,0,False
7268,-1.21,0.01,4.339292526245117,False
7269,-0.91,0.01,2.3418197631835938,False
7270,-0.71,0.01,1.60901939868927,False
7271,-1.04,0.01,3.1688822507858276,False
7272,-1.21,0.01,9.91386890411377,False
7273,-0.82,0.01,0.9174518585205078,False
7274,-1.6099999999999999,0.01,2.63041353225708,False
7275,-0.20999999999999996,0.01,0,False
7276,-1.42,0.01,2.792170763015747,False
7277,-1.0150000000000001,0.01,4.82890510559082,False
7278,-0.925,0.01,3.5935511589050293,False
7279,-1.315,0.01,1.5277063846588135,False
7280,-0.82,0.01,26.038402557373047,False
7281,-0.71,0.01,4.047461986541748,False
7282,-0.61,0.01,1.514685034751892,False
7283,-1.61,0.01,14.829662322998047,False
7284,-0.61,0.01,0,False
7285,-1.21,0.01,0.9166617393493652,False
7286,-1.71,0.01,6.934473991394043,False
7287,-0.20999999999999996,0.01,1.4076176881790161,False
7288,-0.91,0.01,0,False
7289,-1.01,0.01,6.420783042907715,False
7290,-1.21,0.01,42.17390823364258,False
7291,-0.815,0.01,2.985915184020996,False
7292,-0.91,0.01,2.315375804901123,False
7293,-1.81,0.01,0,False
7294,-0.71,0.01,4.115499973297119,False
7295,-1.33,0.01,1.3931791186332703,False
7296,-0.8099999999999999,0.01,1.4151548147201538,False
7297,-0.71,0.01,0,False
7298,-1.51,0.01,8.912359237670898,False
7299,-1.51,0.01,0.41079282760620117,False
7300,-0.10999999999999999,0.01,15.244592666625977,False
7301,-1.32,0.01,0.6618279814720154,False
7302,-1.21,0.01,1.0744229555130005,False
7303,-0.5099999999999999,0.01,0,False
7304,-1.31,0.01,0.7067908644676208,False
7305,-0.91,0.01,21.188440322875977,False
7306,-0.8099999999999999,0.01,6.724607467651367,False
7307,-1.11,0.01,0,False
7308,-0.4099999999999999,0.01,0.6567814350128174,False
7309,-1.71,0.01,1.9686797857284546,False
7310,-1.01,0.01,4.379086494445801,False
7311,-1.115,0.01,2.3829689025878906,False
7312,-1.01,0.01,0,False
7313,-0.51,0.01,1.2241671085357666,False
7314,-0.8099999999999999,0.01,5.643101215362549,False
7315,-1.21,0.01,0.9042212963104248,False
7316,-1.01,0.01,0,False
7317,-1.0150000000000001,0.01,21.083364486694336,False
7318,-0.91,0.01,3.492229700088501,False
7319,-0.91,0.01,1.6384191513061523,False
7320,-1.4100000000000001,0.01,11.4659423828125,False
7321,-1.135,0.01,1.9010525345802307,False
7322,-0.81,0.01,0,False
7323,-1.01,0.01,4.78082275390625,False
7324,-1.5150000000000001,0.01,1.5284957885742188,False
7325,-1.11,0.01,1.6258790493011475,False
7326,-0.6449999999999999,0.01,3.7330888509750366,False
7327,-1.11,0.01,7.820749282836914,False
7328,-1.11,0.01,1.7103348970413208,False
7329,-0.30999999999999994,0.01,1.0666406154632568,False
7330,-1.01,0.01,0,False
7331,-1.31,0.01,3.1355063915252686,False
7332,-1.9100000000000001,0.01,194.1188507080078,False
7333,-0.4099999999999999,0.01,2.460960626602173,False
7334,-0.61,0.01,0,False
7335,-1.4100000000000001,0.01,0.7863615155220032,False
7336,-0.30999999999999994,0.01,4.627150535583496,False
7337,-1.31,0.01,1.3976211547851562,False
7338,-1.01,0.01,0,False
7339,-1.42,0.01,3.5712353587150574,False
7340,-0.51,0.01,0,False
7341,-1.225,0.01,8.5331289768219,False
7342,-0.81,0.01,1.1222131252288818,False
7343,-1.81,0.01,0,False
7344,-0.4099999999999999,0.01,6.097299575805664,False
7345,-1.21,0.01,8.054287910461426,False
7346,-1.235,0.01,21.101582765579224,False
7347,-0.6249999999999999,0.01,17.94678497314453,False
7348,-1.31,0.01,7.019392967224121,False
7349,-0.51,0.01,1.8603473901748657,False
7350,-1.415,0.01,1.9890320301055908,False
7351,-1.51,0.01,1.9280307292938232,False
7352,-0.33999999999999997,0.01,2.689231514930725,False
7353,-1.4100000000000001,0.01,6.4995436668396,False
7354,-0.5099999999999999,0.01,0,False
7355,-1.12,0.01,7.753426194190979,False
7356,-0.9199999999999999,0.01,3.7026805877685547,False
7357,-1.125,0.01,3.9628307819366455,False
7358,-1.225,0.01,1.9383905529975891,False
7359,-1.235,0.01,4.558584928512573,False
7360,-0.61,0.01,1.8595036268234253,False
7361,-1.425,0.01,10.54570484161377,False
7362,-0.4099999999999999,0.01,2.03686261177063,False
7363,-2.01,0.01,15.604825973510742,False
7364,-0.41000000000000003,0.01,0,False
7365,-1.21,0.01,3.973949670791626,False
7366,-1.31,0.01,40.26081848144531,False
7367,-0.10999999999999999,0.01,4.000579833984375,False
7368,-1.4100000000000001,0.01,0,False
7369,-0.91,0.01,2.811941146850586,False
7370,-1.01,0.01,1.129939317703247,False
7371,-1.11,0.01,4.635427474975586,False
7372,-0.61,0.01,0,False
7373,-1.6099999999999999,0.01,4.665740966796875,False
7374,-1.0350000000000001,0.01,4.642937183380127,False
7375,-1.01,0.01,10.271267890930176,False
7376,-0.30999999999999994,0.01,1.406176209449768,False
7377,-1.11,0.01,0,False
7378,-1.73,0.01,5.493021726608276,False
7379,-0.8099999999999999,0.01,9.952502250671387,False
7380,-0.51,0.01,0.540380597114563,False
7381,-1.81,0.01,0,False
7382,-1.01,0.01,4.04433536529541,False
7383,-0.30999999999999994,0.01,95.31272888183594,False
7384,-1.01,0.01,2.284911870956421,False
7385,-0.8099999999999999,0.01,0,False
7386,-1.71,0.01,1.4552147388458252,False
7387,-0.5099999999999999,0.01,0.7148711681365967,False
7388,-1.21,0.01,37.75996780395508,False
7389,-1.21,0.01,0,False
7390,-0.91,0.01,1.478294014930725,False
7391,-1.01,0.01,13.785357475280762,False
7392,-0.81,0.01,3.5058364868164062,False
7393,-1.21,0.01,0,False
7394,-1.11,0.01,3.000882863998413,False
7395,-0.41000000000000003,0.01,16.814735412597656,False
7396,-1.71,0.01,4.656457901000977,False
7397,-0.41000000000000003,0.01,0,False
7398,-1.51,0.01,2.771850347518921,False
7399,-1.01,0.01,2.492741107940674,False
7400,0.4950000000000001,0.01,0.9551929831504822,False
7401,-1.51,0.01,0,False
7402,-0.5099999999999999,0.01,5.831202507019043,False
7403,-1.21,0.01,6.8032026290893555,False
7404,-1.31,0.01,7.150074005126953,False
7405,-1.01,0.01,0,False
7406,-0.4099999999999999,0.01,0.8955287933349609,False
7407,-1.4100000000000001,0.01,4.820794582366943,False
7408,-0.8099999999999999,0.01,1.8839874267578125,False
7409,-1.4100000000000001,0.01,0,False
7410,-1.11,0.01,0.3785950541496277,False
7411,-0.41000000000000003,0.01,6.425241470336914,False
7412,-1.4100000000000001,0.01,5.762809753417969,False
7413,-0.91,0.01,0,False
7414,-1.315,0.01,3.209489345550537,False
7415,-1.11,0.01,4.366968154907227,False
7416,-0.61,0.01,1.6291203498840332,False
7417,-0.71,0.01,1.3023899793624878,False
7418,-1.01,0.01,0,False
7419,-1.01,0.01,1.0714420080184937,False
7420,-1.31,0.01,9.60999584197998,False
7421,-0.61,0.01,1.5255801677703857,False
7422,-1.4100000000000001,0.01,0,False
7423,-1.51,0.01,1.6614117622375488,False
7424,-0.5099999999999999,0.01,1.014083743095398,False
7425,-0.91,0.01,1.341593861579895,False
7426,-1.71,0.01,0,False
7427,-0.5099999999999999,0.01,3.351533889770508,False
7428,-0.8099999999999999,0.01,6.710427284240723,False
7429,-1.135,0.01,3.901719570159912,False
7430,-1.11,0.01,3.428022861480713,False
7431,-0.81,0.01,0,False
7432,-0.91,0.01,1.0819491147994995,False
7433,-0.91,0.01,0.8149752616882324,False
7434,-1.4100000000000001,0.01,0.5456849336624146,False
7435,-0.20499999999999996,0.01,0,False
7436,0.345,0.01,27.564980566501617,False
7437,-1.22,0.01,1.0404741764068604,False
7438,-0.8099999999999999,0.01,1.8433709144592285,False
7439,-0.91,0.01,0,False
7440,-1.11,0.01,0.6340429782867432,False
7441,-1.025,0.01,3.9782270193099976,False
7442,-0.91,0.01,0,False
7443,-0.91,0.01,2.1542015075683594,False
7444,-1.51,0.01,0.8941091299057007,False
7445,-0.61,0.01,4.731590270996094,False
7446,-0.81,0.01,0,False
7447,-1.815,0.01,1.380082607269287,False
7448,-0.91,0.01,14.750003814697266,False
7449,-1.11,0.01,14.260615348815918,False
7450,-0.8099999999999999,0.01,5.6405510902404785,False
7451,-0.9600000000000001,0.01,8.291326840718588,False
7452,-0.61,0.01,1.115427851676941,False
7453,-1.01,0.01,0,False
7454,-1.21,0.01,3.798945426940918,False
7455,-1.01,0.01,5.981158256530762,False
7456,-0.81,0.01,2.258005380630493,False
7457,-1.4100000000000001,0.01,0,False
7458,-1.11,0.01,2.3766818046569824,False
7459,-1.81,0.01,10.870250701904297,False
7460,0.3900000000000001,0.01,7.845730304718018,False
7461,-1.4100000000000001,0.01,0,False
7462,-0.8099999999999999,0.01,3.5635318756103516,False
7463,-0.71,0.01,13.604148864746094,False
7464,-1.9100000000000001,0.01,5.074377059936523,False
7465,-1.01,0.01,0,False
7466,-0.30999999999999994,0.01,1.5295188426971436,False
7467,-1.01,0.01,5.603498935699463,False
7468,-1.21,0.01,2.6722259521484375,False
7469,-1.4100000000000001,0.01,0,False
7470,-1.51,0.01,2.050856590270996,False
7471,-0.10999999999999999,0.01,4.67821741104126,False
7472,-0.91,0.01,0.7782643437385559,False
7473,-0.71,0.01,0,False
7474,-1.21,0.01,0.7170372009277344,False
7475,-1.85,0.01,3.9152854283650718,False
7476,-0.10999999999999999,0.01,2.674650192260742,False
7477,-1.5150000000000001,0.01,5.842848300933838,False
7478,-0.91,0.01,0,False
7479,-0.61,0.01,3.049156665802002,False
7480,-1.4100000000000001,0.01,1.1496272087097168,False
7481,-1.01,0.01,10.12782096862793,False
7482,-0.61,0.01,0,False
7483,-1.11,0.01,1.023586392402649,False
7484,-1.9100000000000001,0.01,9.76909351348877,False
7485,-0.5099999999999999,0.01,2.6990509033203125,False
7486,-1.5350000000000001,0.01,2.9120174050331116,False
7487,-0.010000000000000009,0.01,0,False
7488,-1.21,0.01,1.0497429370880127,False
7489,-1.7200000000000002,0.01,0.8912286758422852,False
7490,-0.71,0.01,9.20948600769043,False
7491,-0.71,0.01,3.2137393951416016,False
7492,-1.4100000000000001,0.01,3.978080987930298,False
7493,-0.61,0.01,0,False
7494,-0.91,0.01,5.5488762855529785,False
7495,-1.21,0.01,5.572540283203125,False
7496,-1.11,0.01,3.6733055114746094,False
7497,-1.635,0.01,2.89746156334877,False
7498,-0.11499999999999999,0.01,8.82091999053955,False
7499,-1.32,0.01,14.422873497009277,False
7500,-1.11,0.01,0.41607826948165894,False
7501,-0.71,0.01,0,False
7502,-0.71,0.01,3.054260492324829,False
7503,-1.81,0.01,0.7553603053092957,False
7504,-0.71,0.01,23.84943199157715,False
7505,-1.21,0.01,0,False
7506,-0.91,0.01,12.172440528869629,False
7507,-0.51,0.01,3.1282272338867188,False
7508,-1.6099999999999999,0.01,1.295379877090454,False
7509,-0.91,0.01,0,False
7510,-0.71,0.01,3.307323694229126,False
7511,-1.5100000000000002,0.01,20.108922958374023,False
7512,-0.42499999999999993,0.01,1.7549691200256348,False
7513,-1.31,0.01,7.637218475341797,False
7514,-1.21,0.01,1.3691740036010742,False
7515,-1.01,0.01,7.721816062927246,False
7516,-0.51,0.01,0,False
7517,-1.4100000000000001,0.01,2.759953498840332,False
7518,-0.5099999999999999,0.01,1.9726364612579346,False
7519,-1.4100000000000001,0.01,1.0234957933425903,False
7520,-1.01,0.01,0,False
7521,-1.21,0.01,15.907164573669434,False
7522,-0.815,0.01,1.4750357866287231,False
7523,-1.01,0.01,4.122645378112793,False
7524,-1.31,0.01,7.881891250610352,False
7525,-0.72,0.01,5.409698963165283,False
7526,-1.4100000000000001,0.01,0.9071218967437744,False
7527,-0.71,0.01,0,False
7528,-0.7299999999999999,0.01,2.1433225870132446,False
7529,-1.9100000000000001,0.01,9.44141674041748,False
7530,-0.61,0.01,2.187817335128784,False
7531,-1.01,0.01,0,False
7532,-0.30999999999999994,0.01,2.484574317932129,False
7533,-1.6150000000000002,0.01,3.276710033416748,False
7534,-0.71,0.01,2.1638293266296387,False
7535,-0.91,0.01,4.321630954742432,False
7536,-1.11,0.01,0,False
7537,-1.11,0.01,4.918483257293701,False
7538,-0.71,0.01,4.467375755310059,False
7539,-1.71,0.01,4.015449047088623,False
7540,-0.5099999999999999,0.01,0,False
7541,-0.91,0.01,4.265094757080078,False
7542,-1.12,0.01,1.3046619892120361,False
7543,-0.61,0.01,2.643094301223755,False
7544,-1.01,0.01,4.357602119445801,False
7545,-1.01,0.01,1.7096176147460938,False
7546,-1.4100000000000001,0.01,0,False
7547,-1.11,0.01,1.9764022827148438,False
7548,-0.5099999999999999,0.01,1.6246389150619507,False
7549,-1.815,0.01,1.6084542274475098,False
7550,-0.51,0.01,1.2640630006790161,False
7551,-0.81,0.01,0,False
7552,-1.11,0.01,1.9700219631195068,False
7553,-1.4100000000000001,0.01,1.0351256132125854,False
7554,-1.12,0.01,4.159634590148926,False
7555,-0.5099999999999999,0.01,13.675102233886719,False
7556,-1.01,0.01,2.2395689487457275,False
7557,-1.4100000000000001,0.01,0,False
7558,-1.11,0.01,9.037460327148438,False
7559,-1.12,0.01,3.4771320819854736,False
7560,-0.91,0.01,1.2203954458236694,False
7561,-1.6099999999999999,0.01,9.827366828918457,False
7562,0.29000000000000026,0.01,3.1394569873809814,False
7563,-1.9100000000000001,0.01,0,False
7564,-0.4099999999999999,0.01,1.2646260261535645,False
7565,-1.6099999999999999,0.01,1.860734462738037,False
7566,-0.8099999999999999,0.01,2.001293182373047,False
7567,-1.33,0.01,0.6670501232147217,False
7568,-0.43499999999999994,0.01,1.7076038122177124,False
7569,-0.615,0.01,3.542722702026367,False
7570,-1.6099999999999999,0.01,0.6981135606765747,False
7571,-1.31,0.01,3.003246784210205,False
7572,-0.4099999999999999,0.01,3.5699877738952637,False
7573,-0.61,0.01,0,False
7574,-1.71,0.01,6.864645957946777,False
7575,-0.41000000000000003,0.01,3.2671613693237305,False
7576,-1.81,0.01,2.7096197605133057,False
7577,-0.5099999999999999,0.01,0,False
7578,-1.21,0.01,3.0077168941497803,False
7579,-1.31,0.01,0.5974214673042297,False
7580,-0.6249999999999999,0.01,4.2741804122924805,False
7581,-0.91,0.01,2.381505250930786,False
7582,-1.01,0.01,8.069986343383789,False
7583,-0.91,0.01,21.627731323242188,False
7584,-1.215,0.01,0.43474307656288147,False
7585,-0.715,0.01,13.616864204406738,False
7586,-1.31,0.01,0,False
7587,-1.02,0.01,2.001696765422821,False
7588,-0.51,0.01,0,False
7589,-1.6099999999999999,0.01,3.8002352714538574,False
7590,-1.21,0.01,9.102293014526367,False
7591,-0.51,0.01,1.9978351593017578,False
7592,-0.0050000000000000044,0.01,0,False
7593,-1.9100000000000001,0.01,0.902997612953186,False
7594,-0.20999999999999996,0.01,3.1185975074768066,False
7595,-0.51,0.01,2.372032642364502,False
7596,-1.11,0.01,0,False
7597,-1.4100000000000001,0.01,5.568146705627441,False
7598,-1.31,0.01,0.7687845230102539,False
7599,-1.01,0.01,1.882927656173706,False
7600,-0.7299999999999999,0.01,1.906224250793457,False
7601,-1.01,0.01,0.3153822720050812,False
7602,-1.71,0.01,6.735077381134033,False
7603,-0.30999999999999994,0.01,31.15909767150879,False
7604,-1.21,0.01,0,False
7605,-0.81,0.01,4.137031078338623,False
7606,-1.115,0.01,2.1919124126434326,False
7607,-1.01,0.01,0.4875394105911255,False
7608,-1.51,0.01,5.082027435302734,False
7609,-0.4099999999999999,0.01,0,False
7610,-1.01,0.01,3.163914680480957,False
7611,-0.91,0.01,0.7784198522567749,False
7612,-1.0150000000000001,0.01,7.253022193908691,False
7613,-1.21,0.01,2.9099740982055664,False
7614,-0.8099999999999999,0.01,0,False
7615,-1.625,0.01,1.0490512251853943,False
7616,-1.11,0.01,0.9668291211128235,False
7617,-0.51,0.01,0,False
7618,-1.21,0.01,1.5893536806106567,False
7619,-0.91,0.01,3.4119105339050293,False
7620,-0.71,0.01,3.4274208545684814,False
7621,-1.51,0.01,0,False
7622,-1.0150000000000001,0.01,1.3890498876571655,False
7623,-1.01,0.01,0.4002602994441986,False
7624,-0.91,0.01,3.978456497192383,False
7625,-0.91,0.01,5.915652275085449,False
7626,-0.91,0.01,0,False
7627,-1.34,0.01,3.806577444076538,False
7628,-0.5099999999999999,0.01,0,False
7629,-0.91,0.01,2.0206241607666016,False
7630,-1.21,0.01,0.566645085811615,False
7631,-1.42,0.01,6.419368743896484,False
7632,-0.825,0.01,2.4263304471969604,False
7633,-0.61,0.01,0,False
7634,-1.31,0.01,2.266056537628174,False
7635,-1.215,0.01,1.4772167205810547,False
7636,-1.11,0.01,1.1216843128204346,False
7637,-0.725,0.01,2.9388909339904785,False
7638,-1.71,0.01,5.109738349914551,False
7639,-0.31999999999999995,0.01,4.146048545837402,False
7640,-1.01,0.01,1.8682377338409424,False
7641,-1.11,0.01,2.437842607498169,False
7642,-0.71,0.01,5.84940242767334,False
7643,-0.81,0.01,0,False
7644,-1.51,0.01,3.971708297729492,False
7645,-1.11,0.01,1.2949740886688232,False
7646,-0.8099999999999999,0.01,4.332120895385742,False
7647,-1.31,0.01,0,False
7648,-0.625,0.01,13.732529282569885,False
7649,-0.815,0.01,3.189462184906006,False
7650,-1.61,0.01,10.446337699890137,False
7651,-0.615,0.01,1.8004908561706543,False
7652,-1.3250000000000002,0.01,2.532857894897461,False
7653,-0.4149999999999999,0.01,1.0360548496246338,False
7654,-1.01,0.01,1.1833829879760742,False
7655,-1.4100000000000001,0.01,5.934259414672852,False
7656,-1.31,0.01,0,False
7657,-0.13,0.01,2.1916372776031494,False
7658,-0.61,0.01,3.4151744842529297,False
7659,-1.21,0.01,0.9934294819831848,False
7660,-0.61,0.01,130.08721923828125,False
7661,-1.31,0.01,0,False
7662,-0.5099999999999999,0.01,6.073531627655029,False
7663,-1.815,0.01,3.0483758449554443,False
7664,-1.31,0.01,1.0045373439788818,False
7665,-0.10999999999999999,0.01,1.7303701639175415,False
7666,-1.01,0.01,0,False
7667,-1.21,0.01,0.7893295884132385,False
7668,-1.11,0.01,0.8574600219726562,False
7669,-0.61,0.01,51.90604782104492,False
7670,-1.11,0.01,0,False
7671,-1.11,0.01,4.0781683921813965,False
7672,-1.31,0.01,4.11721134185791,False
7673,-1.51,0.01,0.8022202849388123,False
7674,-0.11499999999999999,0.01,2.893357038497925,False
7675,-1.21,0.01,0,False
7676,-1.02,0.01,3.6516003608703613,False
7677,-1.31,0.01,0,False
7678,-0.6149999999999999,0.01,6.274194240570068,False
7679,-0.61,0.01,7.38798189163208,False
7680,-1.01,0.01,1.2547476291656494,False
7681,-1.71,0.01,2.900318145751953,False
7682,-1.01,0.01,0,False
7683,-0.81,0.01,3.587857723236084,False
7684,-0.91,0.01,4.5007004737854,False
7685,-1.31,0.01,2.004922866821289,False
7686,-0.815,0.01,2.383516550064087,False
7687,-1.01,0.01,0,False
7688,-1.21,0.01,3.401606321334839,False
7689,-0.91,0.01,17.307401657104492,False
7690,-1.6099999999999999,0.01,4.781932353973389,False
7691,0.19000000000000017,0.01,0,False
7692,-1.7200000000000002,0.01,2.6195764541625977,False
7693,-0.61,0.01,0,False
7694,-1.115,0.01,4.011415481567383,False
7695,-1.31,0.01,3.7563366889953613,False
7696,-1.01,0.01,12.238516807556152,False
7697,-1.24,0.01,1.8971382975578308,False
7698,-0.71,0.01,4.2217488288879395,False
7699,-1.01,0.01,1.159893274307251,False
7700,-0.81,0.01,0,False
7701,-1.4100000000000001,0.01,24.196935653686523,False
7702,-0.32500000000000007,0.01,1.7771218121051788,False
7703,-1.01,0.01,0,False
7704,-0.91,0.01,1.9683914184570312,False
7705,-1.81,0.01,1.5578877925872803,False
7706,-0.91,0.01,1.9752832651138306,False
7707,-0.5199999999999999,0.01,3.111161231994629,False
7708,-1.5500000000000003,0.01,2.995053857564926,False
7709,-0.8099999999999999,0.01,0,False
7710,-1.02,0.01,1.1003766059875488,False
7711,-0.61,0.01,0,False
7712,-2.21,0.01,1.2053101062774658,False
7713,0.2749999999999999,0.01,0.9552917629480362,False
7714,-0.009999999999999787,0.01,1.3739560842514038,False
7715,-1.6150000000000002,0.01,4.811611175537109,False
7716,-1.51,0.01,0,False
7717,-0.30999999999999994,0.01,4.937953472137451,False
7718,-1.31,0.01,4.5320234298706055,False
7719,-1.11,0.01,1.238279938697815,False
7720,-1.21,0.01,0,False
7721,-0.91,0.01,4.810707092285156,False
7722,-0.30999999999999994,0.01,3.622506618499756,False
7723,-0.020000000000000018,0.01,5.296711444854736,False
7724,-1.71,0.01,12.108794212341309,False
7725,-0.71,0.01,167.47793579101562,False
7726,-0.41000000000000003,0.01,3.8501248359680176,False
7727,-1.225,0.01,3.9366750717163086,False
7728,-1.63,0.01,0.7508881688117981,False
7729,-1.01,0.01,1.2746777534484863,False
7730,-1.21,0.01,0,False
7731,-0.41000000000000003,0.01,5.022739887237549,False
7732,-1.31,0.01,0.8604511022567749,False
7733,-0.725,0.01,1.8567701578140259,False
7734,-0.925,0.01,3.5625749826431274,False
7735,-1.415,0.01,1.7663551568984985,False
7736,-1.01,0.01,7.770606994628906,False
7737,-1.215,0.01,5.681437969207764,False
7738,-0.51,0.01,0,False
7739,-1.01,0.01,2.4538497924804688,False
7740,-0.925,0.01,3.994598627090454,False
7741,-0.81,0.01,0,False
7742,-1.51,0.01,1.7275956869125366,False
7743,-0.61,0.01,1.0917620658874512,False
7744,-1.31,0.01,2.0276808738708496,False
7745,-1.03,0.01,3.7950377464294434,False
7746,-1.81,0.01,1.4772181510925293,False
7747,-0.4099999999999999,0.01,103.31916046142578,False
7748,-0.72,0.01,3.0461509227752686,False
7749,-1.11,0.01,3.9933598041534424,False
7750,-0.8099999999999999,0.01,4.9807915687561035,False
7751,-1.21,0.01,0,False
7752,-1.11,0.01,0.5666425824165344,False
7753,-0.71,0.01,1.304410696029663,False
7754,-1.9100000000000001,0.01,2.095364809036255,False
7755,-0.30999999999999994,0.01,0,False
7756,-1.0150000000000001,0.01,4.224607467651367,False
7757,-1.11,0.01,1.7043778896331787,False
7758,-1.4100000000000001,0.01,2.3250017166137695,False
7759,-0.91,0.01,1.4876906871795654,False
7760,0.09499999999999997,0.01,0,False
7761,-0.71,0.01,3.3876140117645264,False
7762,-1.11,0.01,3.567756414413452,False
7763,-0.51,0.01,2.1641626358032227,False
7764,-1.71,0.01,0,False
7765,-0.21999999999999997,0.01,2.8508893847465515,False
7766,-1.425,0.01,4.626529693603516,False
7767,-0.61,0.01,1.7631324529647827,False
7768,-1.71,0.01,3.3937087059020996,False
7769,-1.31,0.01,0,False
7770,-0.91,0.01,2.0698137283325195,False
7771,-0.61,0.01,0.6152294278144836,False
7772,-0.81,0.01,1.236242651939392,False
7773,-1.11,0.01,0,False
7774,-1.0150000000000001,0.01,5.849551677703857,False
7775,-1.115,0.01,7.069971084594727,False
7776,-1.31,0.01,0.5769411325454712,False
7777,-0.4099999999999999,0.01,2.770364284515381,False
7778,-1.21,0.01,1.384587049484253,False
7779,-1.71,0.01,0,False
7780,-1.21,0.01,3.4657630920410156,False
7781,-0.5099999999999999,0.01,4.158792495727539,False
7782,-0.61,0.01,7.175777912139893,False
7783,-1.31,0.01,0,False
7784,-0.30999999999999994,0.01,4.378629684448242,False
7785,-1.9100000000000001,0.01,4.767447471618652,False
7786,-0.20999999999999996,0.01,0.913771390914917,False
7787,-1.52,0.01,0.6609695553779602,False
7788,-0.71,0.01,93.1445083618164,False
7789,-1.21,0.01,0,False
7790,-0.91,0.01,0.9658682346343994,False
7791,-1.31,0.01,2.758375883102417,False
7792,-0.71,0.01,1.5712757110595703,False
7793,-1.31,0.01,0,False
7794,-1.01,0.01,0.7801249027252197,False
7795,-0.815,0.01,5.324183464050293,False
7796,-1.31,0.01,1.4507627487182617,False
7797,-1.11,0.01,2.3362784385681152,False
7798,-0.91,0.01,0,False
7799,-0.5099999999999999,0.01,0.664585530757904,False
7800,-1.315,0.01,3.388653039932251,False
7801,-0.8099999999999999,0.01,0.4389825165271759,False
7802,-1.625,0.01,2.0998992919921875,False
7803,-0.61,0.01,2.2733306884765625,False
7804,-0.725,0.01,3.530281126499176,False
7805,-1.315,0.01,0.48929762840270996,False
7806,-0.8099999999999999,0.01,0,False
7807,-0.715,0.01,0.3431435823440552,False
7808,-1.6099999999999999,0.01,0.877789318561554,False
7809,-0.8099999999999999,0.01,1.2093181610107422,False
7810,-1.03,0.01,1.7642798125743866,False
7811,-0.725,0.01,1.2667458057403564,False
7812,-1.71,0.01,2.192150115966797,False
7813,0.2649999999999999,0.01,51.27771720290184,False
7814,-1.01,0.01,1.8312628269195557,False
7815,-0.61,0.01,1.5897550582885742,False
7816,-1.81,0.01,0,False
7817,-0.8099999999999999,0.01,9.798751831054688,False
7818,-0.825,0.01,3.945816397666931,False
7819,-0.91,0.01,0,False
7820,-0.725,0.01,11.283166646957397,False
7821,-1.5150000000000001,0.01,0.9070525765419006,False
7822,-0.8099999999999999,0.01,0.6154111623764038,False
7823,-0.715,0.01,3.576350212097168,False
7824,-0.91,0.01,0,False
7825,-2.31,0.01,1.9227125644683838,False
7826,0.09000000000000008,0.01,7.47222375869751,False
7827,-0.8099999999999999,0.01,1.0610536336898804,False
7828,-2.01,0.01,0,False
7829,-0.20999999999999996,0.01,4.449721336364746,False
7830,-1.11,0.01,2.761451482772827,False
7831,-1.6099999999999999,0.01,4.519314765930176,False
7832,-0.61,0.01,0,False
7833,-1.645,0.01,4.68962424993515,False
7834,-0.71,0.01,1.7161242961883545,False
7835,-1.01,0.01,0,False
7836,-0.10999999999999999,0.01,2.874680995941162,False
7837,-1.5100000000000002,0.01,2.8323371410369873,False
7838,-1.03,0.01,6.549469470977783,False
7839,-0.71,0.01,0,False
7840,-1.51,0.01,47.07067108154297,False
7841,-0.915,0.01,19.380342483520508,False
7842,-0.725,0.01,30.674830675125122,False
7843,-1.415,0.01,0.9191602468490601,False
7844,-0.6149999999999999,0.01,0.5674586296081543,False
7845,-1.31,0.01,0,False
7846,-1.51,0.01,1.0711355209350586,False
7847,-0.30999999999999994,0.01,2.3040904998779297,False
7848,-1.11,0.01,3.5089147090911865,False
7849,-1.715,0.01,0.665657639503479,False
7850,-0.22499999999999998,0.01,0.5074923038482666,False
7851,-1.625,0.01,1.2513136267662048,False
7852,-0.4099999999999999,0.01,0,False
7853,-0.51,0.01,2.500019073486328,False
7854,-2.1100000000000003,0.01,2.6802773475646973,False
7855,-0.71,0.01,32.75962448120117,False
7856,-0.92,0.01,5.083652496337891,False
7857,-0.915,0.01,2.089669704437256,False
7858,-1.11,0.01,2.368590831756592,False
7859,-0.84,0.01,10.399994015693665,False
7860,-0.91,0.01,0.5145424008369446,False
7861,-1.415,0.01,0.6988257169723511,False
7862,-1.31,0.01,0,False
7863,-0.91,0.01,1.15770423412323,False
7864,-0.32499999999999996,0.01,0.9571637809276581,False
7865,-1.51,0.01,0,False
7866,-1.51,0.01,1.5589138269424438,False
7867,-0.515,0.01,2.3507509231567383,False
7868,-1.11,0.01,1.5297110080718994,False
7869,-0.8099999999999999,0.01,3.8546972274780273,False
7870,-1.21,0.01,0,False
7871,-1.21,0.01,4.1779279708862305,False
7872,-0.4099999999999999,0.01,2.723663806915283,False
7873,-1.21,0.01,9.001723289489746,False
7874,-1.02,0.01,23.262704849243164,False
7875,-1.12,0.01,2.6939406394958496,False
7876,-1.01,0.01,0.4612371325492859,False
7877,-0.81,0.01,1.0372551679611206,False
7878,-0.71,0.01,0,False
7879,-1.21,0.01,2.9036316871643066,False
7880,-1.6099999999999999,0.01,1.5831193923950195,False
7881,-0.51,0.01,17.517200469970703,False
7882,-0.91,0.01,0,False
7883,-1.11,0.01,1.4858877658843994,False
7884,-1.11,0.01,33.32790756225586,False
7885,-0.41000000000000003,0.01,1.7177979946136475,False
7886,-1.62,0.01,5.558738708496094,False
7887,-0.91,0.01,1.226241946220398,False
7888,-0.545,0.01,1.425452470779419,False
7889,-1.51,0.01,9.60995864868164,False
7890,-0.71,0.01,1.586616039276123,False
7891,-1.9100000000000001,0.01,0,False
7892,-1.4100000000000001,0.01,8.63731861114502,False
7893,-0.5349999999999999,0.01,2.1805763244628906,False
7894,-0.010000000000000009,0.01,0.665476381778717,False
7895,-1.71,0.01,0.3976103663444519,False
7896,-0.8099999999999999,0.01,0,False
7897,-1.01,0.01,4.14572286605835,False
7898,-0.42500000000000004,0.01,4.046271562576294,False
7899,-1.21,0.01,0,False
7900,-1.5100000000000002,0.01,2.452071189880371,False
7901,-1.31,0.01,2.1192383766174316,False
7902,-0.61,0.01,21.385812759399414,False
7903,-1.21,0.01,0,False
7904,-0.30999999999999994,0.01,0.474383145570755,False
7905,-1.61,0.01,1.0809450149536133,False
7906,-1.01,0.01,2.0545544624328613,False
7907,-1.11,0.01,0,False
7908,-0.41000000000000003,0.01,3.1622703075408936,False
7909,-1.01,0.01,0.449188768863678,False
7910,-1.21,0.01,5.479862213134766,False
7911,-1.51,0.01,0,False
7912,-1.4100000000000001,0.01,6.253175735473633,False
7913,-0.009999999999999787,0.01,14.517797470092773,False
7914,-1.01,0.01,0.544733464717865,False
7915,-1.9300000000000002,0.01,0.484333872795105,False
7916,-0.20999999999999996,0.01,2.4573843479156494,False
7917,-1.01,0.01,1.7583320140838623,False
7918,-1.63,0.01,4.479952931404114,False
7919,-0.20999999999999996,0.01,0,False
7920,-1.21,0.01,4.479628562927246,False
7921,-1.125,0.01,1.4331111013889313,False
7922,-1.21,0.01,0,False
7923,-0.82,0.01,0.7754617035388947,False
7924,-0.925,0.01,0.5289658904075623,False
7925,-1.4100000000000001,0.01,3.9710159301757812,False
7926,-1.0150000000000001,0.01,3.8054633140563965,False
7927,-0.20999999999999996,0.01,1.6799447536468506,False
7928,-1.4100000000000001,0.01,0,False
7929,-1.21,0.01,43.58226776123047,False
7930,-1.725,0.01,3.186006546020508,False
7931,-0.12,0.01,3.4782111644744873,False
7932,-1.11,0.01,2.631340980529785,False
7933,-0.91,0.01,0,False
7934,-0.91,0.01,0.5731374621391296,False
7935,-1.6099999999999999,0.01,1.7816259860992432,False
7936,-0.30999999999999994,0.01,1.79116952419281,False
7937,-1.4100000000000001,0.01,0,False
7938,-1.01,0.01,2.03764271736145,False
7939,-1.01,0.01,1.3450545072555542,False
7940,-0.915,0.01,0.6928470134735107,False
7941,-1.4100000000000001,0.01,5.2163238525390625,False
7942,-0.62,0.01,1.0894269943237305,False
7943,-1.01,0.01,1.2094460725784302,False
7944,-1.02,0.01,79.25786590576172,False
7945,-1.53,0.01,1.4625899940729141,False
7946,-1.21,0.01,0,False
7947,-0.4099999999999999,0.01,0.8057976961135864,False
7948,-1.01,0.01,0.6987441778182983,False
7949,-1.21,0.01,9.388720512390137,False
7950,-0.42499999999999993,0.01,0.6209943294525146,False
7951,-1.11,0.01,0.2933330833911896,False
7952,-1.31,0.01,6.264536380767822,False
7953,-1.115,0.01,53.06534957885742,False
7954,-0.91,0.01,0,False
7955,-1.21,0.01,3.420074462890625,False
7956,-0.71,0.01,1.3020656108856201,False
7957,-1.5150000000000001,0.01,1.1367595195770264,False
7958,-0.4099999999999999,0.01,1.667026162147522,False
7959,-1.655,0.01,1.88073734442393,False
7960,-0.20999999999999996,0.01,0,False
7961,-1.3250000000000002,0.01,1.1159710884094238,False
7962,-1.51,0.01,2.4315690994262695,False
7963,-0.52,0.01,6.779058456420898,False
7964,-1.4100000000000001,0.01,6.065640449523926,False
7965,-0.91,0.01,0,False
7966,-1.31,0.01,1.6780918836593628,False
7967,-0.4099999999999999,0.01,0.3065726161003113,False
7968,-1.31,0.01,2.0982255935668945,False
7969,-1.11,0.01,0,False
7970,-0.42000000000000004,0.01,2.150470048189163,False
7971,-1.225,0.01,0.2630731463432312,False
7972,-1.8250000000000002,0.01,3.6361275911331177,False
7973,-0.41000000000000003,0.01,0,False
7974,-1.31,0.01,4.521371841430664,False
7975,-0.5099999999999999,0.01,1.6249747276306152,False
7976,-1.31,0.01,0.5555399656295776,False
7977,-2.01,0.01,0,False
7978,0.6900000000000002,0.01,1.5295023918151855,False
7979,-1.625,0.01,68.6590062379837,False
7980,-0.9450000000000001,0.01,1.9398404359817505,False
7981,-1.01,0.01,13.057540893554688,False
7982,-1.01,0.01,0.8547115921974182,False
7983,-0.915,0.01,0.8315368294715881,False
7984,-1.6099999999999999,0.01,0,False
7985,-0.9299999999999999,0.01,2.6672611236572266,False
7986,-1.22,0.01,4.74885368347168,False
7987,-0.009999999999999787,0.01,146.9759979248047,False
7988,-1.81,0.01,1.596564769744873,False
7989,-0.5099999999999999,0.01,3.8188743591308594,False
7990,-0.8099999999999999,0.01,0,False
7991,-1.51,0.01,0.670953631401062,False
7992,-0.8099999999999999,0.01,1.054198980331421,False
7993,-1.4100000000000001,0.01,0.333272784948349,False
7994,-1.11,0.01,0,False
7995,-0.41000000000000003,0.01,3.0557775497436523,False
7996,-1.215,0.01,3.0250425338745117,False
7997,-1.21,0.01,3.0022878646850586,False
7998,-0.61,0.01,1.947326898574829,False
7999,-1.21,0.01,0,False
8000,-0.71,0.01,6.795133590698242,False
8001,-1.4100000000000001,0.01,4.274898052215576,False
8002,-0.61,0.01,0.9709911346435547,False
8003,-1.21,0.01,0,False
8004,-0.91,0.01,2.0214266777038574,False
8005,-1.11,0.01,3.6202359199523926,False
8006,-0.125,0.01,19.175904393196106,False
8007,-1.02,0.01,2.0747547149658203,False
8008,-0.51,0.01,4.409502983093262,False
8009,-1.815,0.01,1.531118631362915,False
8010,-1.01,0.01,0,False
8011,-0.41000000000000003,0.01,1.6751927137374878,False
8012,-1.24,0.01,1.1209119856357574,False
8013,-1.21,0.01,1.9943866729736328,False
8014,-0.61,0.01,4.533979415893555,False
8015,-1.92,0.01,0.9309241771697998,False
8016,-0.31499999999999995,0.01,10.579639434814453,False
8017,-1.11,0.01,1.281148910522461,False
8018,-1.01,0.01,1.8840140104293823,False
8019,-1.0150000000000001,0.01,2.8754892349243164,False
8020,-0.915,0.01,4.579068183898926,False
8021,-1.1600000000000001,0.01,1.5298434694608052,False
8022,-0.915,0.01,5.125019073486328,False
8023,-1.71,0.01,2.0494771003723145,False
8024,-0.30999999999999994,0.01,0,False
8025,-0.735,0.01,9.103549480438232,False
8026,-0.91,0.01,13.566267013549805,False
8027,-0.91,0.01,1.4178038835525513,False
8028,-1.11,0.01,4.741559982299805,False
8029,-1.81,0.01,0,False
8030,-1.01,0.01,9.796772003173828,False
8031,-0.4149999999999999,0.01,7.892366886138916,False
8032,-1.11,0.01,2.1612627506256104,False
8033,-1.415,0.01,0.6510385274887085,False
8034,-1.31,0.01,1.542022466659546,False
8035,-0.6249999999999999,0.01,5.189370155334473,False
8036,-1.11,0.01,0.5407384634017944,False
8037,-0.51,0.01,0.9551231861114502,False
8038,-0.61,0.01,0,False
8039,-2.3200000000000003,0.01,3.3553385734558105,False
8040,-0.30999999999999994,0.01,0,False
8041,-1.11,0.01,3.915398597717285,False
8042,-0.71,0.01,2.781341552734375,False
8043,-1.21,0.01,4.982499122619629,False
8044,-1.31,0.01,0,False
8045,-0.61,0.01,4.776027679443359,False
8046,-1.01,0.01,3.1605608463287354,False
8047,-0.91,0.01,0.2451571673154831,False
8048,-1.31,0.01,0,False
8049,-0.8099999999999999,0.01,3.4511196613311768,False
8050,-1.4100000000000001,0.01,3.7407686710357666,False
8051,-0.61,0.01,9.252900123596191,False
8052,-0.815,0.01,30.902013778686523,False
8053,-1.02,0.01,2.629662036895752,False
8054,-1.01,0.01,1.9124191999435425,False
8055,-1.0150000000000001,0.01,4.9993720054626465,False
8056,-1.31,0.01,0,False
8057,-0.825,0.01,0.9125562906265259,False
8058,-1.51,0.01,3.723762035369873,False
8059,-0.5099999999999999,0.01,0,False
8060,-1.5350000000000001,0.01,8.740431427955627,False
8061,-0.73,0.01,1.3897199630737305,False
8062,-1.63,0.01,4.768670827150345,False
8063,-0.41500000000000004,0.01,2.637695074081421,False
8064,-1.3250000000000002,0.01,1.0652705430984497,False
8065,-0.715,0.01,13.795361518859863,False
8066,-1.32,0.01,1.6115872412919998,False
8067,-0.4099999999999999,0.01,0,False
8068,-1.42,0.01,0.9674023985862732,False
8069,-0.825,0.01,1.0104126930236816,False
8070,-1.1500000000000001,0.01,1.563981533050537,False
8071,-0.8200000000000001,0.01,0.7647159099578857,False
8072,-1.22,0.01,2.765526056289673,False
8073,-1.11,0.01,4.31956672668457,False
8074,-0.815,0.01,1.2352194786071777,False
8075,-0.8099999999999999,0.01,4.629429817199707,False
8076,-1.01,0.01,12.09687328338623,False
8077,-1.4100000000000001,0.01,0,False
8078,-1.3250000000000002,0.01,1.1323696374893188,False
8079,-0.4149999999999999,0.01,1.195968747138977,False
8080,-1.31,0.01,0.6049802303314209,False
8081,-0.6149999999999999,0.01,0.5667270421981812,False
8082,-2.04,0.01,3.6605955362319946,False
8083,0.1499999999999999,0.01,2.5978146394093833,False
8084,-2.31,0.01,0,False
8085,-0.30999999999999994,0.01,0.5830250978469849,False
8086,-0.61,0.01,1.307059407234192,False
8087,-1.1300000000000001,0.01,0.8723416924476624,False
8088,-0.735,0.01,10.755320310592651,False
8089,-1.4100000000000001,0.01,0,False
8090,-1.73,0.01,2.204728603363037,False
8091,-0.5299999999999999,0.01,2.8875116109848022,False
8092,-0.61,0.01,1.2390424013137817,False
8093,-1.52,0.01,6.6175994873046875,False
8094,-1.11,0.01,1.515465259552002,False
8095,-0.30999999999999994,0.01,0,False
8096,-1.4100000000000001,0.01,1.2639071941375732,False
8097,-0.915,0.01,1.0428016185760498,False
8098,-1.045,0.01,0.772419273853302,False
8099,-1.3450000000000002,0.01,4.147495985031128,False
8100,-1.21,0.01,1.7508409023284912,False
8101,-1.01,0.01,2.4525256156921387,False
8102,-0.91,0.01,0,False
8103,-0.5449999999999999,0.01,1.2436483303705852,False
8104,-1.33,0.01,0.8944327980279922,False
8105,-0.91,0.01,0,False
8106,-0.91,0.01,0.9954361915588379,False
8107,-1.425,0.01,1.320580542087555,False
8108,-0.30999999999999994,0.01,0,False
8109,-1.4300000000000002,0.01,8.002647161483765,False
8110,-0.715,0.01,0.654626727104187,False
8111,-0.8099999999999999,0.01,3.1310601234436035,False
8112,-1.845,0.01,0.6729714572429657,False
8113,-0.91,0.01,6.8464555740356445,False
8114,-1.33,0.01,1.5693997144699097,False
8115,-0.53,0.01,1.159745216369629,False
8116,-1.51,0.01,0,False
8117,-0.30999999999999994,0.01,3.286022663116455,False
8118,-1.01,0.01,0.4104049503803253,False
8119,-1.5150000000000001,0.01,1.5921852588653564,False
8120,-0.41000000000000003,0.01,1.334172248840332,False
8121,-0.91,0.01,0,False
8122,-1.51,0.01,1.533713936805725,False
8123,-1.31,0.01,0.6698223352432251,False
8124,-0.21999999999999997,0.01,3.528434991836548,False
8125,-1.81,0.01,0.4572872221469879,False
8126,-0.31499999999999995,0.01,0.6862452626228333,False
8127,-1.5750000000000002,0.01,1.4157004728913307,False
8128,-0.81,0.01,1.0689982175827026,False
8129,-0.42000000000000004,0.01,2.0173840522766113,False
8130,-1.5100000000000002,0.01,0.6077460646629333,False
8131,-1.435,0.01,8.705653309822083,False
8132,-1.125,0.01,1.1252212524414062,False
8133,-0.31999999999999995,0.01,0.8882588744163513,False
8134,-1.235,0.01,3.2111527770757675,False
8135,-0.935,0.01,0.8826062083244324,False
8136,-1.625,0.01,1.7033681869506836,False
8137,-0.20999999999999996,0.01,0.4768204689025879,False
8138,-1.01,0.01,0,False
8139,-1.81,0.01,0.5394182801246643,False
8140,-0.010000000000000009,0.01,2.065577983856201,False
8141,-2.115,0.01,1.6566293239593506,False
8142,-0.73,0.01,2.5107275545597076,False
8143,-1.32,0.01,1.0663399696350098,False
8144,-0.42000000000000004,0.01,0.8728615045547485,False
8145,-1.01,0.01,2.077864408493042,False
8146,-1.065,0.01,4.379346251487732,False
8147,-0.8099999999999999,0.01,131.291748046875,False
8148,-1.31,0.01,5.338106155395508,False
8149,-1.52,0.01,9.411491394042969,False
8150,-0.41000000000000003,0.01,2.094407558441162,False
8151,-0.91,0.01,1.5604125261306763,False
8152,-1.27,0.01,1.6827924052874248,False
8153,0.18999999999999995,0.01,4.142002105712891,False
8154,-1.31,0.01,0.5039541721343994,False
8155,-1.11,0.01,2.240776777267456,False
8156,-0.5099999999999999,0.01,1.5229902267456055,False
8157,-1.23,0.01,0.7765874862670898,False
8158,-1.215,0.01,3.1011180877685547,False
8159,-0.65,0.01,2.871845781803131,False
8160,-1.6400000000000001,0.01,0.6744921803474426,False
8161,-0.72,0.01,1.190830871462822,False
8162,-0.91,0.01,0,False
8163,-1.21,0.01,0.6025317907333374,False
8164,-1.3250000000000002,0.01,1.7150264978408813,False
8165,-0.51,0.01,0,False
8166,-1.315,0.01,2.3097386360168457,False
8167,-0.92,0.01,2.162685215473175,False
8168,-1.02,0.01,0.5791731476783752,False
8169,-0.88,0.01,1.0060361474752426,False
8170,-1.01,0.01,1.6253557205200195,False
8171,-1.11,0.01,2.8298983573913574,False
8172,-0.8500000000000001,0.01,0.7432464957237244,False
8173,-1.6550000000000002,0.01,10.72454802195231,False
8174,-1.125,0.01,0.8205238282680511,False
8175,-0.71,0.01,1.497999906539917,False
8176,-0.615,0.01,3.145861864089966,False
8177,-1.53,0.01,1.6697876453399658,False
8178,-1.025,0.01,0.870725154876709,False
8179,-1.145,0.01,1.2930291295051575,False
8180,-1.235,0.01,0.989308774471283,False
8181,-0.3550000000000001,0.01,0.7954599261283875,False
8182,-1.11,0.01,1.429489016532898,False
8183,-1.32,0.01,2.7694764137268066,False
8184,-0.33000000000000007,0.01,2.751293420791626,False
8185,-1.4650000000000003,0.01,1.6477773189544678,False
8186,-0.51,0.01,0,False
8187,-1.71,0.01,0.36736732721328735,False
8188,-1.025,0.01,1.5469744205474854,False
8189,-0.71,0.01,0,False
8190,-1.9100000000000001,0.01,0.25507551431655884,False
8191,-0.32499999999999996,0.01,1.5377064943313599,False
8192,-0.31999999999999995,0.01,1.1673941612243652,False
8193,-1.1700000000000002,0.01,1.9775897711515427,False
8194,-1.71,0.01,0,False
8195,-0.91,0.01,0.4086167812347412,False
8196,-0.725,0.01,1.4971465766429901,False
8197,-1.9100000000000001,0.01,0,False
8198,-0.20999999999999996,0.01,2.5936546325683594,False
8199,-1.11,0.01,2.722764492034912,False
8200,-1.11,0.01,1.0802658796310425,False
8201,-0.92,0.01,0.6061578989028931,False
8202,-1.5300000000000002,0.01,1.4885610342025757,False
8203,-1.01,0.01,0,False
8204,-0.925,0.01,0.7187438309192657,False
8205,-0.11499999999999999,0.01,0.8106726408004761,False
8206,-2.3200000000000003,0.01,0.3236280083656311,False
8207,-0.7299999999999999,0.01,1.3165641278028488,False
8208,-0.10999999999999999,0.01,0.8421967625617981,False
8209,-1.5150000000000001,0.01,0.759094774723053,False
8210,-0.53,0.01,0.33389782905578613,False
8211,-2.11,0.01,0.694757342338562,False
8212,-0.235,0.01,1.2158491909503937,False
8213,-0.9199999999999999,0.01,1.4028111696243286,False
8214,-1.31,0.01,1.6232802867889404,False
8215,-0.8099999999999999,0.01,0.9040741920471191,False
8216,-1.21,0.01,2.581122398376465,False
8217,-0.71,0.01,0,False
8218,-0.8099999999999999,0.01,0.921714186668396,False
8219,-0.915,0.01,0.9851070642471313,False
8220,-1.145,0.01,1.0692443648974101,False
8221,-1.63,0.01,0.38018789887428284,False
8222,-1.03,0.01,1.2177258729934692,False
8223,-1.6099999999999999,0.01,8.153909683227539,False
8224,-0.4850000000000001,0.01,21.47983606904745,False
8225,-0.42999999999999994,0.01,0.4324312210083008,False
8226,-1.125,0.01,1.39680814743042,False
8227,-1.315,0.01,1.5638823509216309,False
8228,-1.11,0.01,0,False
8229,-1.145,0.01,1.2183199723561604,False
8230,-1.425,0.01,1.456216812133789,False
8231,-0.655,0.01,3.143544058005015,False
8232,-0.715,0.01,0.4728931486606598,False
8233,-1.4100000000000001,0.01,3.524898052215576,False
8234,-0.72,0.01,0.360639750957489,False
8235,-1.31,0.01,2.6590892473856607,False
8236,-0.5099999999999999,0.01,3.5882863998413086,False
8237,-1.1500000000000001,0.01,1.7249854803085327,False
8238,-1.4300000000000002,0.01,3.6966404914855957,False
8239,-0.73,0.01,1.3850339651107788,False
8240,-1.31,0.01,0.8579604029655457,False
8241,-0.8700000000000001,0.01,3.6135333776474,False
8242,0.27,0.01,5.135913133621216,False
8243,-1.5150000000000001,0.01,0.7889479994773865,False
8244,-0.62,0.01,2.5154144763946533,False
8245,-0.71,0.01,0.6171969175338745,False
8246,-1.4100000000000001,0.01,0,False
8247,-1.02,0.01,1.0579393804073334,False
8248,-0.83,0.01,6.466474533081055,False
8249,-1.22,0.01,1.6985870003700256,False
8250,-1.22,0.01,0.3459392488002777,False
8251,-0.5850000000000001,0.01,1.7391083985567093,False
8252,-2.5549999999999997,0.01,1.2429896593093872,False
8253,0.3750000000000002,0.01,27.47691035270691,False
8254,-1.315,0.01,0.8048193454742432,False
8255,-0.83,0.01,1.89036463201046,False
8256,-1.26,0.01,2.011382599671682,False
8257,-0.715,0.01,0.9581129550933838,False
8258,-2.26,0.01,14.364858359098434,False
8259,-0.22499999999999998,0.01,1.4462289214134216,False
8260,-0.9199999999999999,0.01,7.928820610046387,False
8261,-0.725,0.01,0.7545636892318726,False
8262,-1.21,0.01,3.032822370529175,False
8263,-1.03,0.01,2.725399821996689,False
8264,-1.225,0.01,9.039434364863805,False
8265,0.27500000000000013,0.01,0.5665891170501709,False
8266,-1.83,0.01,0.78489089012146,False
8267,-0.515,0.01,1.1185970306396484,False
8268,-0.625,0.01,1.8532283306121826,False
8269,-1.11,0.01,0.9852334856987,False
8270,-1.235,0.01,0.6353375315666199,False
8271,-1.24,0.01,0.45982515811920166,False
8272,-0.93,0.01,0.7393563985824585,False
8273,-0.81,0.01,0.22385364770889282,False
8274,-0.93,0.01,0.6455555856227875,False
8275,-1.51,0.01,0,False
8276,-0.5249999999999999,0.01,2.959448218345642,False
8277,-0.9500000000000001,0.01,2.739936590194702,False
8278,-1.31,0.01,0,False
8279,-1.925,0.01,0.513280838727951,False
8280,-0.22499999999999998,0.01,1.8009134531021118,False
8281,-1.6099999999999999,0.01,0.6682986617088318,False
8282,0.6900000000000004,0.01,0.6513192653656006,False
8283,0.08499999999999996,0.01,95.13162994384766,False
8284,-1.5150000000000001,0.01,3.1312737464904785,False
8285,-0.815,0.01,4.8811492919921875,False
8286,-1.9449999999999998,0.01,1.7314879894256592,False
8287,0.17500000000000027,0.01,2.551015853881836,False
8288,-1.51,0.01,44.33122634887695,False
8289,-0.715,0.01,0.6968298554420471,False
8290,-1.27,0.01,5.366408258676529,False
8291,-0.91,0.01,5.416380405426025,False
8292,-0.91,0.01,0,False
8293,-0.9299999999999999,0.01,5.2954036593437195,False
8294,-1.02,0.01,0.9257401823997498,False
8295,-1.5250000000000001,0.01,0.7726046741008759,False
8296,-0.5249999999999999,0.01,2.3068206310272217,False
8297,-0.66,0.01,1.047833226621151,False
8298,-1.11,0.01,0,False
8299,-1.42,0.01,1.1306337416172028,False
8300,-0.4850000000000001,0.01,1.620777204632759,False
8301,-1.2950000000000002,0.01,2.356751549243927,False
8302,-1.3450000000000002,0.01,0.8895277579625448,False
8303,-0.71,0.01,0,False
8304,-1.135,0.01,2.5521381497383118,False
8305,-1.11,0.01,1.123044729232788,False
8306,-1.01,0.01,0.2675626873970032,False
8307,-1.5550000000000002,0.01,2.882104277610779,False
8308,-1.31,0.01,10.296964645385742,False
8309,-0.525,0.01,0.4773361086845398,False
8310,-0.9199999999999999,0.01,3.3360462188720703,False
8311,-1.78,0.01,0.7423436999320984,False
8312,-0.235,0.01,0.6113063395023346,False
8313,-2.0200000000000005,0.01,0.6301765690247217,False
8314,-0.6499999999999999,0.01,1.52823273340861,False
8315,-0.5149999999999999,0.01,1.7794358730316162,False
8316,-0.61,0.01,0,False
8317,-1.5150000000000001,0.01,5.583565711975098,False
8318,-0.8099999999999999,0.01,1.7296890020370483,False
8319,-0.91,0.01,0.3637416362762451,False
8320,-1.6099999999999999,0.01,3.2987184524536133,False
8321,-0.8099999999999999,0.01,0,False
8322,-1.9600000000000002,0.01,1.5308576226234436,False
8323,0.29000000000000026,0.01,0,False
8324,-1.31,0.01,0.3860611915588379,False
8325,-1.56,0.01,2.181890845298767,False
8326,-0.21999999999999997,0.01,1.0174437165260315,False
8327,-1.315,0.01,3.491602897644043,False
8328,-0.4650000000000001,0.01,0.9998593330383301,False
8329,-1.5100000000000002,0.01,0.7446361780166626,False
8330,-0.9500000000000001,0.01,1.1477940082550049,False
8331,-1.375,0.01,1.7896175384521484,False
8332,-2.0700000000000003,0.01,10.757251530885696,False
8333,-0.20999999999999996,0.01,2.039196014404297,False
8334,-0.72,0.01,0.39162784814834595,False
8335,-1.22,0.01,1.9843950867652893,False
8336,-0.725,0.01,4.26415491104126,False
8337,-1.31,0.01,0.34188729524612427,False
8338,-1.27,0.01,2.2951201796531677,False
8339,-0.3350000000000001,0.01,1.5536800622940063,False
8340,-1.455,0.01,1.0330554644266765,False
8341,-1.1400000000000001,0.01,2.102689027786255,False
8342,-0.15000000000000013,0.01,1.1506600975990295,False
8343,-1.03,0.01,0.47635722160339355,False
8344,-0.44499999999999995,0.01,1.595285028219223,False
8345,-1.335,0.01,1.7366388142108917,False
8346,-1.975,0.01,2.5599259957671165,False
8347,-0.31499999999999995,0.01,3.7101869583129883,False
8348,-0.5349999999999999,0.01,1.6271942257881165,False
8349,-1.525,0.01,0.6728150546550751,False
8350,-1.155,0.01,1.2321708003679912,False
8351,-0.51,0.01,0,False
8352,-1.55,0.01,3.8984933694203696,False
8353,-0.42499999999999993,0.01,0.715280681848526,False
8354,-1.06,0.01,2.163873960574468,False
8355,-1.065,0.01,0.8964150349299113,False
8356,-1.0550000000000002,0.01,0.6173446476459503,False
8357,-0.9400000000000001,0.01,0.9636747042338053,False
8358,-1.7400000000000002,0.01,1.0804035663604736,False
8359,-0.7100000000000001,0.01,1.348570982615153,False
8360,-1.02,0.01,0.6217462420463562,False
8361,-1.22,0.01,1.3454099893569946,False
8362,-1.5250000000000001,0.01,0.4612094461917877,False
8363,-0.625,0.01,0.7646931409835815,False
8364,-0.81,0.01,1.659367322921753,False
8365,-1.32,0.01,2.3946971893310547,False
8366,-0.51,0.01,0.8708334565162659,False
8367,-0.02499999999999991,0.01,0.5590216219425201,False
8368,-1.81,0.01,0,False
8369,-0.51,0.01,0.5659505724906921,False
8370,-0.63,0.01,0.5551325678825378,False
8371,-1.71,0.01,1.4742361307144165,False
8372,-0.30999999999999994,0.01,0,False
8373,-1.5150000000000001,0.01,0.5037470459938049,False
8374,-0.83,0.01,1.961295247077942,False
8375,-1.01,0.01,0.572113573551178,False
8376,-0.72,0.01,0.6693703532218933,False
8377,-1.645,0.01,1.2103294531504314,False
8378,-0.515,0.01,0.26616135239601135,False
8379,-1.21,0.01,0,False
8380,-1.51,0.01,2.6922414302825928,False
8381,-0.6299999999999999,0.01,0.6457133144140244,False
8382,-1.245,0.01,0.7714628875255585,False
8383,-1.22,0.01,0.7231380045413971,False
8384,-0.61,0.01,0,False
8385,-1.21,0.01,0.7278357744216919,False
8386,-0.43999999999999995,0.01,1.2204427123069763,False
8387,-1.31,0.01,0.42810389399528503,False
8388,-1.245,0.01,1.0726097424825032,False
8389,-0.815,0.01,1.6964131593704224,False
8390,-1.56,0.01,3.7347319523493447,False
8391,-1.22,0.01,1.3084461688995361,False
8392,-1.025,0.01,0.6250578165054321,False
8393,-0.715,0.01,0.23688587546348572,False
8394,-0.71,0.01,0,False
8395,-0.41500000000000004,0.01,3.0363216400146484,False
8396,-1.02,0.01,0.38964369893074036,False
8397,-1.815,0.01,0.7271972894668579,False
8398,-1.03,0.01,2.205658197402954,False
8399,-1.01,0.01,1.3316731452941895,False
8400,-0.3350000000000001,0.01,1.2772539258003235,False
8401,-2.11,0.01,0.20122268795967102,False
8402,-0.43499999999999994,0.01,0.9141764938831329,False
8403,-0.8099999999999999,0.01,0.3852144181728363,False
8404,-1.01,0.01,0,False
8405,-1.215,0.01,2.4235386848449707,False
8406,-0.615,0.01,0.7322090268135071,False
8407,-1.02,0.01,0.6358903646469116,False
8408,-1.22,0.01,1.1511472463607788,False
8409,-1.225,0.01,1.4153796434402466,False
8410,-1.4100000000000001,0.01,0.23087334632873535,False
8411,-0.21499999999999997,0.01,3.2894067764282227,False
8412,-1.57,0.01,2.5531405359506607,False
8413,-0.815,0.01,0.47640496492385864,False
8414,-1.74,0.01,0.9968583583831787,False
8415,0.09000000000000008,0.01,3.2242088317871094,False
8416,-1.63,0.01,1.258446216583252,False
8417,-1.0150000000000001,0.01,2.601203203201294,False
8418,-0.73,0.01,1.0085935592651367,False
8419,-0.725,0.01,3.4433132708072662,False
8420,-0.9600000000000001,0.01,1.9957891702651978,False
8421,-1.82,0.01,1.8914358615875244,False
8422,-0.61,0.01,0.9516318440437317,False
8423,-1.01,0.01,1.400282382965088,False
8424,-1.52,0.01,0.5120368599891663,False
8425,-0.91,0.01,2.5603342056274414,False
8426,-1.115,0.01,2.7445321083068848,False
8427,-0.5099999999999999,0.01,1.8863091468811035,False
8428,-1.95,0.01,1.0006554275751114,False
8429,-0.345,0.01,2.106464227040609,False
8430,-0.685,0.01,1.050564631819725,False
8431,-1.31,0.01,0.9878284931182861,False
8432,-0.8099999999999999,0.01,0.9739494323730469,False
8433,-1.425,0.01,0.2861371636390686,False
8434,-0.84,0.01,2.980073630809784,False
8435,-0.71,0.01,0,False
8436,-0.0050000000000000044,0.01,0.6215037107467651,False
8437,-1.0150000000000001,0.01,0.8481676578521729,False
8438,-1.405,0.01,1.7552029689153035,False
8439,-1.115,0.01,1.38986074924469,False
8440,-1.01,0.01,0,False
8441,-0.62,0.01,1.0852867662906647,False
8442,-1.4100000000000001,0.01,0,False
8443,-1.31,0.01,1.1406099796295166,False
8444,-0.5249999999999999,0.01,0.8180312514305115,False
8445,-1.31,0.01,0,False
8446,-0.62,0.01,1.6889100074768066,False
8447,-1.5250000000000001,0.01,0.4377049505710602,False
8448,-0.845,0.01,3.181671619415283,False
8449,-0.82,0.01,2.074087381362915,False
8450,-0.91,0.01,0.3712117075920105,False
8451,-1.4300000000000002,0.01,6.041253089904785,False
8452,-0.925,0.01,6.959611177444458,False
8453,-1.8399999999999999,0.01,0.8149891495704651,False
8454,-0.515,0.01,0.8978995084762573,False
8455,-0.20999999999999996,0.01,22.42548179626465,False
8456,-1.92,0.01,0.3673980236053467,False
8457,-0.625,0.01,1.342235028743744,False
8458,-1.01,0.01,0,False
8459,-1.02,0.01,0.4684908986091614,False
8460,-0.82,0.01,1.6280393600463867,False
8461,-0.74,0.01,0.4254552274942398,False
8462,-1.31,0.01,0.36446213722229004,False
8463,-0.825,0.01,0.6325410008430481,False
8464,-1.9100000000000001,0.01,6.338803768157959,False
8465,-0.61,0.01,1.1264722347259521,False
8466,-0.71,0.01,0.5189703702926636,False
8467,-0.81,0.01,0,False
8468,-1.11,0.01,1.6232131719589233,False
8469,-1.31,0.01,1.1099247932434082,False
8470,-1.655,0.01,0.5433127880096436,False
8471,-0.5199999999999999,0.01,0.45806872844696045,False
8472,-1.12,0.01,1.0237576961517334,False
8473,-0.6499999999999999,0.01,0.7999486128489176,False
8474,-1.125,0.01,1.1621034443378448,False
8475,-0.61,0.01,0,False
8476,-1.31,0.01,0.34317007660865784,False
8477,-1.01,0.01,0.4807766377925873,False
8478,-0.62,0.01,0.42703884840011597,False
8479,-1.4100000000000001,0.01,0.6077538728713989,False
8480,-1.0150000000000001,0.01,0.7272630929946899,False
8481,-0.8200000000000001,0.01,2.396353244781494,False
8482,-1.4100000000000001,0.01,0.5815404057502747,False
8483,-1.35,0.01,2.113663454850515,False
8484,-0.61,0.01,0,False
8485,-1.42,0.01,3.908757209777832,False
8486,-0.64,0.01,0.678013265132904,False
8487,-1.225,0.01,1.329962968826294,False
8488,-0.43000000000000005,0.01,1.0484143793582916,False
8489,-1.71,0.01,0.3048523962497711,False
8490,-0.67,0.01,1.1598990932106972,False
8491,-1.21,0.01,0,False
8492,-1.045,0.01,2.8215500712394714,False
8493,-1.02,0.01,0.6264212131500244,False
8494,-1.71,0.01,5.552651882171631,False
8495,-0.92,0.01,0.7473655343055725,False
8496,-1.425,0.01,1.1028340756893158,False
8497,0.655,0.01,0.9703439474105835,False
8498,-1.9100000000000001,0.01,0.31284523010253906,False
8499,-0.30999999999999994,0.01,0.37160974740982056,False
8500,-1.71,0.01,0,False
8501,-0.20999999999999996,0.01,0.6022760272026062,False
8502,-2.21,0.01,0.9809600114822388,False
8503,-0.42499999999999993,0.01,0.3815267086029053,False
8504,-1.0150000000000001,0.01,0.5835654735565186,False
8505,-1.5550000000000002,0.01,0.6115225950876871,False
8506,-0.5199999999999999,0.01,1.092827171087265,False
8507,-0.91,0.01,0,False
8508,-1.01,0.01,0.4138251841068268,False
8509,-1.22,0.01,1.507521629333496,False
8510,-1.4100000000000001,0.01,1.30525740981102,False
8511,-0.010000000000000009,0.01,1.6703143119812012,False
8512,-1.51,0.01,0.8926967978477478,False
8513,-0.71,0.01,0,False
8514,-1.9100000000000001,0.01,0.3349631130695343,False
8515,-0.43999999999999995,0.01,0.8663527369499207,False
8516,-0.925,0.01,0.6630558967590332,False
8517,-0.71,0.01,1.2216017246246338,False
8518,-1.21,0.01,0,False
8519,-0.815,0.01,1.1694695949554443,False
8520,-1.23,0.01,0.9611251056194305,False
8521,-0.8099999999999999,0.01,0.3175576627254486,False
8522,-1.9100000000000001,0.01,0.8480626940727234,False
8523,-0.42499999999999993,0.01,0.9904765486717224,False
8524,-0.62,0.01,2.0440447330474854,False
8525,-2.15,0.01,0.4856244623661041,False
8526,-0.4099999999999999,0.01,1.5882222652435303,False
8527,-1.4100000000000001,0.01,0.35207870602607727,False
8528,-1.225,0.01,0.2964450716972351,False
8529,-0.41000000000000003,0.01,0.5598334074020386,False
8530,-1.52,0.01,0.3954693675041199,False
8531,-0.71,0.01,0.19354984164237976,False
8532,-0.615,0.01,8.722538948059082,False
8533,-1.62,0.01,0.6214759349822998,False
8534,-0.71,0.01,0.6026790738105774,False
8535,-0.81,0.01,0.3687479794025421,False
8536,-1.4100000000000001,0.01,0,False
8537,-0.53,0.01,0.6228990256786346,False
8538,-0.91,0.01,0.924872636795044,False
8539,-1.31,0.01,1.605921983718872,False
8540,-0.615,0.01,1.433887004852295,False
8541,-1.65,0.01,0.7877475321292877,False
8542,-1.22,0.01,1.4695236682891846,False
8543,-0.51,0.01,0,False
8544,-0.91,0.01,1.097919225692749,False
8545,-1.9100000000000001,0.01,1.4311639070510864,False
8546,-0.30999999999999994,0.01,0.29620110988616943,False
8547,-1.31,0.01,0,False
8548,-0.31999999999999995,0.01,0.7929368019104004,False
8549,-1.21,0.01,0,False
8550,-1.31,0.01,0.35921210050582886,False
8551,-1.01,0.01,4.514273643493652,False
8552,-0.71,0.01,1.3730177879333496,False
8553,-1.21,0.01,0,False
8554,-1.83,0.01,1.3747857213020325,False
8555,-0.21999999999999997,0.01,0.4662998914718628,False
8556,-1.125,0.01,0.5140658318996429,False
8557,-0.8099999999999999,0.01,0.5330499410629272,False
8558,-1.32,0.01,7.479165077209473,False
8559,-1.5150000000000001,0.01,2.2476181983947754,False
8560,-0.20999999999999996,0.01,0.6338571310043335,False
8561,-0.9550000000000001,0.01,1.1623835166295369,False
8562,-0.61,0.01,0.3790750503540039,False
8563,-0.51,0.01,0,False
8564,-1.63,0.01,0.6957747042179108,False
8565,-1.31,0.01,0.9269782304763794,False
8566,-0.31499999999999995,0.01,0.43973660469055176,False
8567,-1.5150000000000001,0.01,2.5777573585510254,False
8568,-0.31999999999999995,0.01,1.9405933618545532,False
8569,-1.585,0.01,5.759973621368408,False
8570,-0.21499999999999997,0.01,3.1028430461883545,False
8571,-1.71,0.01,0,False
8572,-0.32500000000000007,0.01,0.5757127404212952,False
8573,-1.61,0.01,0.22723710536956787,False
8574,-0.61,0.01,0,False
8575,-1.225,0.01,1.9686221480369568,False
8576,-1.52,0.01,0.19564059376716614,False
8577,-0.20999999999999996,0.01,1.9868816137313843,False
8578,-1.815,0.01,1.4374182224273682,False
8579,-0.44000000000000006,0.01,0.36589212715625763,False
8580,-1.12,0.01,0.9988214373588562,False
8581,-0.61,0.01,0.6279016733169556,False
8582,-1.01,0.01,0.483126163482666,False
8583,-1.6099999999999999,0.01,0.22887393832206726,False
8584,-0.61,0.01,0,False
8585,-1.21,0.01,1.0283550024032593,False
8586,-1.1400000000000001,0.01,1.515704870223999,False
8587,-1.21,0.01,0.4972612261772156,False
8588,-1.22,0.01,1.1314072608947754,False
8589,-0.30999999999999994,0.01,0.8351555466651917,False
8590,-1.6099999999999999,0.01,1.651059627532959,False
8591,-0.10999999999999999,0.01,1.3640896081924438,False
8592,-1.9100000000000001,0.01,0,False
8593,-1.02,0.01,0.44753723591566086,False
8594,-0.71,0.01,0,False
8595,-1.01,0.01,0.6777505278587341,False
8596,-0.71,0.01,1.0793968439102173,False
8597,-1.21,0.01,0.7117487788200378,False
8598,-0.8099999999999999,0.01,0,False
8599,-1.3250000000000002,0.01,0.5444513410329819,False
8600,-1.02,0.01,0.3760225176811218,False
8601,-1.0150000000000001,0.01,0.5055776238441467,False
8602,-1.21,0.01,0.5173366665840149,False
8603,-0.5399999999999999,0.01,2.5426133275032043,False
8604,-1.22,0.01,0.47523894906044006,False
8605,-1.01,0.01,0.4029252827167511,False
8606,-1.025,0.01,0.705270916223526,False
8607,-0.91,0.01,0,False
8608,-0.81,0.01,5.197477340698242,False
8609,-1.31,0.01,0.3432627320289612,False
8610,-1.21,0.01,0.4570048153400421,False
8611,-0.42000000000000004,0.01,0.4396345913410187,False
8612,-1.81,0.01,0.35323137044906616,False
8613,-0.4099999999999999,0.01,0,False
8614,-1.01,0.01,1.7077767848968506,False
8615,-0.62,0.01,0.4980847239494324,False
8616,-1.415,0.01,0.2721693217754364,False
8617,-1.625,0.01,0.5210331380367279,False
8618,-0.4149999999999999,0.01,2.655635356903076,False
8619,-1.71,0.01,1.1220240592956543,False
8620,-0.61,0.01,0,False
8621,-1.11,0.01,0.34863942861557007,False
8622,-1.0150000000000001,0.01,0.4716639518737793,False
8623,-1.51,0.01,1.5780965089797974,False
8624,-0.10999999999999999,0.01,0.3809577226638794,False
8625,-0.91,0.01,0,False
8626,-0.63,0.01,0.36896026134490967,False
8627,-0.51,0.01,0.3466498851776123,False
8628,-1.5100000000000002,0.01,0.3463917672634125,False
8629,-0.61,0.01,0.8643391132354736,False
8630,-1.4100000000000001,0.01,0,False
8631,-0.8099999999999999,0.01,0.5796768069267273,False
8632,-1.01,0.01,0.5926110744476318,False
8633,-0.73,0.01,1.0098814964294434,False
8634,-1.73,0.01,0.4456295967102051,False
8635,-0.81,0.01,0.7653708457946777,False
8636,-1.01,0.01,0.5147769451141357,False
8637,-0.3350000000000001,0.01,0.4681035280227661,False
8638,-1.21,0.01,0.2580803632736206,False
8639,-1.02,0.01,2.072420597076416,False
8640,-1.9100000000000001,0.01,0.8687818646430969,False
8641,-0.6149999999999999,0.01,2.7317049503326416,False
8642,0.875,0.01,0.8458855152130127,False
8643,-1.52,0.01,2.834979772567749,False
8644,-0.815,0.01,2.2049145698547363,False
8645,-1.21,0.01,0,False
8646,-0.925,0.01,0.39481911063194275,False
8647,-0.925,0.01,0.3548237979412079,False
8648,-1.115,0.01,1.3496038913726807,False
8649,-1.56,0.01,0.47784605622291565,False
8650,-1.21,0.01,0,False
8651,-0.43000000000000005,0.01,0.5032508969306946,False
8652,-1.3250000000000002,0.01,0.37716513872146606,False
8653,-1.01,0.01,0,False
8654,-0.8099999999999999,0.01,0.4397457242012024,False
8655,-0.52,0.01,0.5225526094436646,False
8656,-1.21,0.01,0.42429792881011963,False
8657,-0.72,0.01,0.4525166451931,False
8658,-1.645,0.01,0.9650594095389048,False
8659,-1.025,0.01,0.7299401760101318,False
8660,-0.8099999999999999,0.01,0.22463563084602356,False
8661,-1.31,0.01,1.800175428390503,False
8662,-1.01,0.01,1.0010201930999756,False
8663,-0.30999999999999994,0.01,0,False
8664,-1.61,0.01,0.6438875198364258,False
8665,-0.935,0.01,1.271491900086403,False
8666,-0.815,0.01,0.5123693346977234,False
8667,-1.31,0.01,0.38891473412513733,False
8668,-0.91,0.01,0.772612988948822,False
8669,-1.225,0.01,0.6488522291183472,False
8670,-1.025,0.01,0.5199410915374756,False
8671,-1.01,0.01,0,False
8672,-1.51,0.01,0.8367383480072021,False
8673,-0.10999999999999999,0.01,0.7444483041763306,False
8674,-1.835,0.01,0.3897783160209656,False
8675,-0.4099999999999999,0.01,2.1572721004486084,False
8676,-1.02,0.01,1.4715604782104492,False
8677,-0.915,0.01,0.45539289712905884,False
8678,-1.11,0.01,0.3964672088623047,False
8679,-1.7200000000000002,0.01,2.011884927749634,False
8680,-0.22499999999999998,0.01,0.25856101512908936,False
8681,0.19500000000000006,0.01,4.8564863204956055,False
8682,-1.81,0.01,0.6409426331520081,False
8683,-0.41000000000000003,0.01,0.7011708617210388,False
8684,-1.71,0.01,0,False
8685,-0.5099999999999999,0.01,2.7324793338775635,False
8686,-0.91,0.01,0.3495127260684967,False
8687,0.18499999999999983,0.01,0.4969889223575592,False
8688,-1.32,0.01,0.44495612382888794,False
8689,-1.11,0.01,3.4747917652130127,False
8690,-0.515,0.01,0.5492943525314331,False
8691,-1.5150000000000001,0.01,1.0747032165527344,False
8692,-1.215,0.01,1.0698449611663818,False
8693,-0.135,0.01,0.3828355520963669,False
8694,-1.4100000000000001,0.01,1.1351062059402466,False
8695,-1.21,0.01,0.4773845672607422,False
8696,-1.0150000000000001,0.01,0.7389674782752991,False
8697,-1.11,0.01,0,False
8698,-1.02,0.01,0.544571042060852,False
8699,-0.004999999999999893,0.01,0,False
8700,-0.42000000000000004,0.01,0.8851175606250763,False
8701,-1.21,0.01,0,False
8702,-1.6150000000000002,0.01,0.8293857574462891,False
8703,-0.91,0.01,0.7498835325241089,False
8704,-1.11,0.01,0.33834195137023926,False
8705,-1.11,0.01,0.562138020992279,False
8706,-0.71,0.01,0,False
8707,-1.4100000000000001,0.01,0.2995733618736267,False
8708,-0.8099999999999999,0.01,0.7895632982254028,False
8709,-1.01,0.01,4.952192306518555,False
8710,-0.625,0.01,0.4484807252883911,False
8711,-1.21,0.01,2.5198066234588623,False
8712,-0.8099999999999999,0.01,8.491661071777344,False
8713,-1.71,0.01,0,False
8714,-0.020000000000000018,0.01,0.889854371547699,False
8715,-1.51,0.01,0,False
8716,-0.815,0.01,0.6101703643798828,False
8717,-0.8099999999999999,0.01,0.400550901889801,False
8718,-2.01,0.01,0.8530483245849609,False
8719,-0.61,0.01,1.7235853672027588,False
8720,-0.81,0.01,0,False
8721,-0.62,0.01,0.42500756680965424,False
8722,-0.30500000000000005,0.01,0,False
8723,-0.81,0.01,0.6799734234809875,False
8724,-0.925,0.01,0.7049761414527893,False
8725,-1.11,0.01,0,False
8726,-1.4100000000000001,0.01,0.3113974332809448,False
8727,-0.71,0.01,0.41780173778533936,False
8728,-1.12,0.01,0.7658704519271851,False
8729,-1.125,0.01,0.48488566279411316,False
8730,-0.51,0.01,0,False
8731,-1.6099999999999999,0.01,0.46185243129730225,False
8732,-0.82,0.01,3.3599820137023926,False
8733,-1.11,0.01,0.5042988657951355,False
8734,-0.82,0.01,2.8350675106048584,False
8735,-1.02,0.01,0.9257889091968536,False
8736,-1.01,0.01,0,False
8737,-1.4100000000000001,0.01,2.385053873062134,False
8738,-0.7299999999999999,0.01,0.44254811108112335,False
8739,-1.51,0.01,0.454054594039917,False
8740,-0.4099999999999999,0.01,0,False
8741,-1.4100000000000001,0.01,0.5466784238815308,False
8742,-0.8099999999999999,0.01,0.8350068926811218,False
8743,-0.71,0.01,0.4055190682411194,False
8744,-1.22,0.01,7.691685199737549,False
8745,-0.81,0.01,3.4358601570129395,False
8746,-1.315,0.01,1.4012219905853271,False
8747,-0.52,0.01,0.34906652569770813,False
8748,-1.63,0.01,0.4143620729446411,False
8749,-0.71,0.01,0,False
8750,-0.81,0.01,0.9296474456787109,False
8751,-1.02,0.01,0.4986589252948761,False
8752,-1.11,0.01,4.5413947105407715,False
8753,-1.215,0.01,4.115806579589844,False
8754,-0.61,0.01,0.8528584241867065,False
8755,-1.4100000000000001,0.01,1.5095162391662598,False
8756,-0.71,0.01,0,False
8757,-1.32,0.01,0.6325411945581436,False
8758,-0.8099999999999999,0.01,0,False
8759,-1.425,0.01,0.8284558355808258,False
8760,-1.11,0.01,4.049966335296631,False
8761,-0.41000000000000003,0.01,0,False
8762,-1.11,0.01,0.4690486192703247,False
8763,-1.71,0.01,0.5275814533233643,False
8764,-0.41000000000000003,0.01,0.8297432065010071,False
8765,-1.21,0.01,0,False
8766,-1.11,0.01,1.0471833944320679,False
8767,-1.4100000000000001,0.01,0.9416066408157349,False
8768,-0.915,0.01,0.6499255299568176,False
8769,-0.61,0.01,0.314924955368042,False
8770,-0.525,0.01,0.2913298010826111,False
8771,-1.71,0.01,1.4457149505615234,False
8772,-1.31,0.01,1.07168710231781,False
8773,-0.51,0.01,0,False
8774,-0.71,0.01,0.5401362180709839,False
8775,-1.6099999999999999,0.01,1.3090488910675049,False
8776,-0.825,0.01,0.3845505118370056,False
8777,-1.22,0.01,0.82972651720047,False
8778,-0.41000000000000003,0.01,0,False
8779,-1.4100000000000001,0.01,1.2292156219482422,False
8780,-0.20999999999999996,0.01,0.3195875287055969,False
8781,-1.6099999999999999,0.01,0.48204725980758667,False
8782,-0.81,0.01,0,False
8783,-1.02,0.01,1.2029980719089508,False
8784,-1.11,0.01,0,False
8785,-1.11,0.01,0.30454960465431213,False
8786,-0.61,0.01,0.4508723020553589,False
8787,-1.02,0.01,1.4277839660644531,False
8788,-1.11,0.01,1.6259769201278687,False
8789,-1.4100000000000001,0.01,0.4575318694114685,False
8790,-1.225,0.01,0.7897947430610657,False
8791,-0.41500000000000004,0.01,0.901283860206604,False
8792,-0.91,0.01,1.013913869857788,False
8793,-1.51,0.01,0.3648724853992462,False
8794,-0.91,0.01,0,False
8795,-1.31,0.01,0.5054402947425842,False
8796,-0.52,0.01,1.7290911674499512,False
8797,-1.31,0.01,0.4020681381225586,False
8798,-1.6099999999999999,0.01,0.4470142424106598,False
8799,-0.4099999999999999,0.01,16.36702537536621,False
8800,-0.51,0.01,0,False
8801,-1.81,0.01,0.3113415241241455,False
8802,-0.91,0.01,0.496804416179657,False
8803,-1.6099999999999999,0.01,0.45245587825775146,False
8804,-0.22499999999999998,0.01,1.1091490983963013,False
8805,-1.31,0.01,0.7233397960662842,False
8806,-0.8099999999999999,0.01,6.530445098876953,False
8807,-1.01,0.01,0,False
8808,-0.71,0.01,0.546313464641571,False
8809,-1.11,0.01,1.2459253072738647,False
8810,-1.31,0.01,0.5495893955230713,False
8811,-0.8099999999999999,0.01,0,False
8812,-1.31,0.01,1.4559341669082642,False
8813,-0.30999999999999994,0.01,1.0455634593963623,False
8814,-1.21,0.01,0.7550223469734192,False
8815,-1.21,0.01,0,False
8816,-0.515,0.01,0.905836820602417,False
8817,-1.115,0.01,7.788795471191406,False
8818,-1.01,0.01,0.29256755113601685,False
8819,-0.71,0.01,1.8438770771026611,False
8820,-1.51,0.01,0.8515111207962036,False
8821,-1.31,0.01,0,False
8822,-0.725,0.01,1.5449374318122864,False
8823,-1.21,0.01,0.5875179767608643,False
8824,-0.91,0.01,0,False
8825,-0.715,0.01,2.134368896484375,False
8826,-1.31,0.01,0.2637369632720947,False
8827,-1.4100000000000001,0.01,1.5264211893081665,False
8828,-0.31500000000000006,0.01,0.6789960265159607,False
8829,-1.51,0.01,0.9561740159988403,False
8830,-0.5099999999999999,0.01,0,False
8831,-1.51,0.01,0.9162787199020386,False
8832,-0.51,0.01,0.35962429642677307,False
8833,-1.4100000000000001,0.01,3.203031539916992,False
8834,-1.01,0.01,0,False
8835,-0.725,0.01,0.9213734567165375,False
8836,-1.81,0.01,1.0399658679962158,False
8837,-0.21499999999999997,0.01,1.9034554958343506,False
8838,-1.31,0.01,0,False
8839,-0.71,0.01,0.8473832607269287,False
8840,-0.915,0.01,0.5344756245613098,False
8841,-1.52,0.01,0.22724026441574097,False
8842,-0.5099999999999999,0.01,0.3557872772216797,False
8843,-1.6099999999999999,0.01,0.36585313081741333,False
8844,-0.8099999999999999,0.01,2.8004109859466553,False
8845,-1.445,0.01,0.7011326253414154,False
8846,-0.125,0.01,0.7695491015911102,False
8847,-1.11,0.01,0,False
8848,-1.31,0.01,0.31185105443000793,False
8849,-0.61,0.01,2.1590118408203125,False
8850,-1.01,0.01,0.5057527422904968,False
8851,-1.3250000000000002,0.01,3.8339734077453613,False
8852,-1.01,0.01,2.372070789337158,False
8853,-1.02,0.01,1.7655036449432373,False
8854,-1.01,0.01,4.252984046936035,False
8855,-1.22,0.01,4.199851036071777,False
8856,-0.8099999999999999,0.01,1.006611704826355,False
8857,-1.235,0.01,0.5259867757558823,False
8858,-0.91,0.01,0.541050910949707,False
8859,-1.01,0.01,0,False
8860,-1.6099999999999999,0.01,0.3257596492767334,False
8861,-0.525,0.01,0.3119976073503494,False
8862,-0.61,0.01,0,False
8863,-1.11,0.01,1.6209321022033691,False
8864,-0.91,0.01,1.0584845542907715,False
8865,-1.125,0.01,0.38638535141944885,False
8866,-1.11,0.01,0.7326759099960327,False
8867,-1.5100000000000002,0.01,0.38829025626182556,False
8868,-0.715,0.01,1.156726598739624,False
8869,-0.61,0.01,0.39493536949157715,False
8870,-1.71,0.01,0,False
8871,-0.91,0.01,1.1004427671432495,False
8872,-0.615,0.01,0.31866681575775146,False
8873,-0.8099999999999999,0.01,0.49173635244369507,False
8874,-2.11,0.01,0.290497750043869,False
8875,0.29000000000000026,0.01,0,False
8876,-2.11,0.01,0.5462502837181091,False
8877,-0.32499999999999996,0.01,0.358953520655632,False
8878,-1.51,0.01,0,False
8879,-0.20999999999999996,0.01,0.9743784666061401,False
8880,-1.31,0.01,0.4287036657333374,False
8881,-1.11,0.01,0.4168281555175781,False
8882,-1.71,0.01,0,False
8883,-0.014999999999999902,0.01,0.2646335959434509,False
8884,-1.11,0.01,6.0063323974609375,False
8885,-1.6099999999999999,0.01,0.4109104573726654,False
8886,-0.4099999999999999,0.01,0.32674339413642883,False
8887,-1.4100000000000001,0.01,0,False
8888,-0.41000000000000003,0.01,0.4071551561355591,False
8889,-1.51,0.01,0.732780933380127,False
8890,-0.71,0.01,1.0981885194778442,False
8891,-1.31,0.01,0,False
8892,-1.215,0.01,0.33890989422798157,False
8893,-0.8099999999999999,0.01,0.42652738094329834,False
8894,-1.81,0.01,0.46469321846961975,False
8895,0.28000000000000025,0.01,0.7019819617271423,False
8896,-1.62,0.01,0.7191829681396484,False
8897,-0.4099999999999999,0.01,0.3536744713783264,False
8898,-1.5100000000000002,0.01,0.46107542514801025,False
8899,-1.01,0.01,0.9124263525009155,False
8900,-1.21,0.01,0,False
8901,-1.115,0.01,0.40931540727615356,False
8902,-0.91,0.01,0.47850513458251953,False
8903,-0.20999999999999996,0.01,0.3692440688610077,False
8904,-1.71,0.01,0.3088614046573639,False
8905,-0.715,0.01,0.3380628526210785,False
8906,-1.51,0.01,0,False
8907,-0.5099999999999999,0.01,1.489701509475708,False
8908,-1.3450000000000002,0.01,0.6534035205841064,False
8909,-0.41000000000000003,0.01,0,False
8910,-1.51,0.01,1.6277554035186768,False
8911,-0.6149999999999999,0.01,0.7635291814804077,False
8912,-1.11,0.01,1.2366245985031128,False
8913,-0.91,0.01,3.8859500885009766,False
8914,-1.6099999999999999,0.01,0,False
8915,-1.21,0.01,2.7903330326080322,False
8916,-0.30999999999999994,0.01,0.2862227261066437,False
8917,-0.91,0.01,1.0167670249938965,False
8918,-1.71,0.01,0,False
8919,-1.11,0.01,0.3614155650138855,False
8920,-0.5099999999999999,0.01,1.7610973119735718,False
8921,-1.01,0.01,0.24626295268535614,False
8922,-0.71,0.01,0,False
8923,-1.4100000000000001,0.01,0.54254549741745,False
8924,-0.51,0.01,2.0266060829162598,False
8925,-1.735,0.01,2.5844592452049255,False
8926,-0.10999999999999999,0.01,0.27198952436447144,False
8927,-1.525,0.01,0.41574567556381226,False
8928,-1.01,0.01,0.6957380771636963,False
8929,-1.11,0.01,0.257913738489151,False
8930,-1.21,0.01,0,False
8931,-0.81,0.01,2.6582558155059814,False
8932,-1.6099999999999999,0.01,0.5091602802276611,False
8933,-0.5249999999999999,0.01,1.4192816019058228,False
8934,-0.915,0.01,0.4598313868045807,False
8935,-0.5099999999999999,0.01,2.5248522758483887,False
8936,-1.5150000000000001,0.01,0.4754607081413269,False
8937,-1.01,0.01,0.5836213827133179,False
8938,-1.4100000000000001,0.01,0.3221362829208374,False
8939,-0.51,0.01,0,False
8940,-1.11,0.01,0.6416916251182556,False
8941,-1.81,0.01,0.7930341958999634,False
8942,-0.010000000000000009,0.01,0.8020821809768677,False
8943,-1.51,0.01,0,False
8944,-0.91,0.01,0.3043503761291504,False
8945,-0.71,0.01,0.9272261261940002,False
8946,-0.71,0.01,5.481305122375488,False
8947,-1.11,0.01,0,False
8948,-1.01,0.01,0.37798625230789185,False
8949,-1.51,0.01,1.1581811904907227,False
8950,-0.71,0.01,0.5775770545005798,False
8951,-0.61,0.01,0,False
8952,-1.5100000000000002,0.01,0.44775986671447754,False
8953,-0.8099999999999999,0.01,0.8906925916671753,False
8954,-1.71,0.01,0.645682692527771,False
8955,-0.51,0.01,0,False
8956,-1.4100000000000001,0.01,0.9879999160766602,False
8957,-0.71,0.01,0.3829302489757538,False
8958,-1.21,0.01,3.5244457721710205,False
8959,-1.31,0.01,0,False
8960,-0.30999999999999994,0.01,0.5248285531997681,False
8961,-1.21,0.01,0.37869107723236084,False
8962,-0.51,0.01,0.6693211793899536,False
8963,-1.62,0.01,2.8529345989227295,False
8964,-0.5099999999999999,0.01,0.48889032006263733,False
8965,-1.21,0.01,0,False
8966,-1.01,0.01,0.6442185044288635,False
8967,-1.4100000000000001,0.01,0.919948399066925,False
8968,-1.125,0.01,0.8871949911117554,False
8969,-0.5099999999999999,0.01,0.312780499458313,False
8970,-1.21,0.01,0.5463066101074219,False
8971,-1.01,0.01,0.5875232815742493,False
8972,-1.01,0.01,0,False
8973,-1.025,0.01,0.6387695074081421,False
8974,-1.01,0.01,0.3158966898918152,False
8975,-1.6099999999999999,0.01,0,False
8976,-0.10999999999999999,0.01,0.5231157541275024,False
8977,-0.71,0.01,0.7353816032409668,False
8978,-1.6099999999999999,0.01,0.7557941675186157,False
8979,-1.6099999999999999,0.01,0,False
8980,-1.01,0.01,1.0903143882751465,False
8981,-0.72,0.01,0.9821555018424988,False
8982,-1.11,0.01,0.5735293030738831,False
8983,-0.615,0.01,1.3964207172393799,False
8984,-0.71,0.01,0.45004600286483765,False
8985,-1.01,0.01,0.5047620534896851,False
8986,-1.01,0.01,0,False
8987,-1.71,0.01,2.9113779067993164,False
8988,-0.925,0.01,0.39279410243034363,False
8989,-0.515,0.01,0.450475811958313,False
8990,-0.91,0.01,0,False
8991,-2.01,0.01,0.6544981002807617,False
8992,0.19000000000000017,0.01,0.8721181154251099,False
8993,-1.51,0.01,2.3796133995056152,False
8994,-0.8099999999999999,0.01,0,False
8995,-1.11,0.01,0.5456002950668335,False
8996,-1.31,0.01,0.6021981239318848,False
8997,-0.62,0.01,0.3307030498981476,False
8998,-0.91,0.01,1.2338261604309082,False
8999,-1.815,0.01,0.25153017044067383,False
9000,-0.010000000000000009,0.01,0.8274254202842712,False
9001,-1.51,0.01,0,False
9002,-0.71,0.01,0.5498906970024109,False
9003,-0.91,0.01,0.8669379353523254,False
9004,-1.9100000000000001,0.01,0.8600059747695923,False
9005,-0.4099999999999999,0.01,0,False
9006,-1.31,0.01,0.9648422002792358,False
9007,-0.92,0.01,1.103898048400879,False
9008,-0.8099999999999999,0.01,0.9287937879562378,False
9009,-0.71,0.01,0.31482768058776855,False
9010,-1.51,0.01,0.49678102135658264,False
9011,-1.42,0.01,0.4095595180988312,False
9012,-0.81,0.01,0.8915897607803345,False
9013,-0.71,0.01,0,False
9014,-0.91,0.01,0.5486549139022827,False
9015,-0.81,0.01,0.29072949290275574,False
9016,-1.81,0.01,0.5131701231002808,False
9017,-0.41000000000000003,0.01,0,False
9018,-1.02,0.01,0.46240127086639404,False
9019,-0.71,0.01,0,False
9020,-1.21,0.01,0.5256555080413818,False
9021,-0.91,0.01,0.7960491180419922,False
9022,-1.815,0.01,1.0623456239700317,False
9023,0.6950000000000001,0.01,0.4169955849647522,False
9024,-1.11,0.01,0,False
9025,-0.51,0.01,0.5618420839309692,False
9026,-1.9100000000000001,0.01,0.3802579343318939,False
9027,-0.4099999999999999,0.01,1.4128026962280273,False
9028,-1.11,0.01,0,False
9029,-0.91,0.01,0.6258839964866638,False
9030,-0.71,0.01,1.896960973739624,False
9031,-1.725,0.01,0.5456028580665588,False
9032,-1.21,0.01,0.30007535219192505,False
9033,-1.11,0.01,0.9675759077072144,False
9034,-0.51,0.01,0.6829403638839722,False
9035,-1.6099999999999999,0.01,0,False
9036,-0.30999999999999994,0.01,2.072840452194214,False
9037,-0.915,0.01,0.37100934982299805,False
9038,-1.01,0.01,1.2540138959884644,False
9039,-1.4100000000000001,0.01,1.5755906105041504,False
9040,-0.615,0.01,0.27608245611190796,False
9041,-1.11,0.01,0,False
9042,-0.91,0.01,0.2965400218963623,False
9043,-1.215,0.01,0.42930954694747925,False
9044,-1.51,0.01,0.4780140221118927,False
9045,-0.54,0.01,0.9169361442327499,False
9046,-0.71,0.01,0.5254263877868652,False
9047,-1.125,0.01,0.8727877140045166,False
9048,-1.01,0.01,0.3900947570800781,False
9049,-1.21,0.01,0.5319401025772095,False
9050,-1.4100000000000001,0.01,2.3006954193115234,False
9051,-0.8099999999999999,0.01,0,False
9052,-0.91,0.01,2.215178966522217,False
9053,-0.94,0.01,0.6119057536125183,False
9054,-1.01,0.01,0.3976932168006897,False
9055,-1.01,0.01,1.7803406715393066,False
9056,-1.11,0.01,2.40655517578125,False
9057,-0.8099999999999999,0.01,0,False
9058,-1.21,0.01,0.8313696384429932,False
9059,-0.71,0.01,0.26232245564460754,False
9060,-1.31,0.01,0.514586329460144,False
9061,-0.81,0.01,0,False
9062,-1.415,0.01,1.15457022190094,False
9063,-1.01,0.01,0.5520136952400208,False
9064,-0.71,0.01,0.4524928331375122,False
9065,-1.21,0.01,1.2383915185928345,False
9066,-1.01,0.01,0,False
9067,-0.91,0.01,2.913769245147705,False
9068,-0.71,0.01,0.410902738571167,False
9069,-1.4100000000000001,0.01,0.22396236658096313,False
9070,-1.21,0.01,0,False
9071,0.5950000000000002,0.01,0.5218130946159363,False
9072,-1.11,0.01,0.6595808267593384,False
9073,-1.4100000000000001,0.01,0.5173460841178894,False
9074,-0.51,0.01,0,False
9075,-1.01,0.01,0.5435399413108826,False
9076,-0.8099999999999999,0.01,1.2232972383499146,False
9077,-1.11,0.01,0.7202456593513489,False
9078,-1.31,0.01,0,False
9079,-0.71,0.01,0.5376279354095459,False
9080,-1.11,0.01,0.6020599603652954,False
9081,-1.11,0.01,0.47849535942077637,False
9082,-0.30500000000000005,0.01,0,False
9083,-0.8099999999999999,0.01,0.49569615721702576,False
9084,-1.11,0.01,0.4213692843914032,False
9085,-1.21,0.01,1.0751793384552002,False
9086,-0.4099999999999999,0.01,0,False
9087,-1.01,0.01,0.3815164566040039,False
9088,-1.6099999999999999,0.01,0.41059574484825134,False
9089,-0.91,0.01,0.31880730390548706,False
9090,-0.91,0.01,0,False
9091,-1.21,0.01,0.4048360288143158,False
9092,-0.91,0.01,0.7274491786956787,False
9093,-0.91,0.01,0.416910856962204,False
9094,-1.31,0.01,0,False
9095,-0.71,0.01,0.8200410604476929,False
9096,-0.71,0.01,0.33253657817840576,False
9097,-1.01,0.01,1.0685890913009644,False
9098,-0.61,0.01,0,False
9099,-1.01,0.01,0.3414045572280884,False
9100,-1.5100000000000002,0.01,0.8894185423851013,False
9101,-1.21,0.01,4.201662063598633,False
9102,-1.01,0.01,0,False
9103,-0.71,0.01,1.4116313457489014,False
9104,-1.51,0.01,0.3273847699165344,False
9105,-0.41000000000000003,0.01,1.1920453310012817,False
9106,-0.81,0.01,0,False
9107,-2.11,0.01,0.30618780851364136,False
9108,-0.71,0.01,0.4880194664001465,False
9109,-1.31,0.01,1.0035152435302734,False
9110,-0.30999999999999994,0.01,0,False
9111,-1.01,0.01,0.553691565990448,False
9112,-0.91,0.01,0.20461079478263855,False
9113,-1.11,0.01,0.4226972758769989,False
9114,-1.81,0.01,0,False
9115,-0.10999999999999999,0.01,0.4636636972427368,False
9116,-1.4100000000000001,0.01,1.6074517965316772,False
9117,-0.81,0.01,0.8066530823707581,False
9118,-0.71,0.01,0,False
9119,-1.31,0.01,1.1881905794143677,False
9120,-0.71,0.01,1.8214234113693237,False
9121,-1.21,0.01,0.43198472261428833,False
9122,-1.21,0.01,0,False
9123,-0.61,0.01,0.25718677043914795,False
9124,-1.625,0.01,0.4303290545940399,False
9125,-0.30999999999999994,0.01,0,False
9126,-1.4100000000000001,0.01,0.3382222056388855,False
9127,-0.81,0.01,0.8485629558563232,False
9128,-1.11,0.01,0.37804901599884033,False
9129,-1.51,0.01,0,False
9130,-0.5099999999999999,0.01,0.6283412575721741,False
9131,-1.71,0.01,0.5791840553283691,False
9132,-0.515,0.01,0.5663444995880127,False
9133,0.395,0.01,2.318432092666626,False
9134,-1.21,0.01,0,False
9135,-1.71,0.01,0.5397300720214844,False
9136,-0.91,0.01,0.44102758169174194,False
9137,-0.42000000000000004,0.01,0.7396296858787537,False
9138,-0.91,0.01,2.406494140625,False
9139,-1.11,0.01,1.2447303533554077,False
9140,-0.91,0.01,0,False
9141,-1.71,0.01,0.4552426338195801,False
9142,-0.5099999999999999,0.01,7.515517234802246,False
9143,-1.01,0.01,1.9424738883972168,False
9144,-0.91,0.01,0,False
9145,-0.71,0.01,0.45713186264038086,False
9146,-1.6099999999999999,0.01,0.38552576303482056,False
9147,-0.41000000000000003,0.01,0.27917158603668213,False
9148,-1.51,0.01,0,False
9149,-0.935,0.01,0.7682039141654968,False
9150,-1.9100000000000001,0.01,0.5320088863372803,False
9151,-0.4149999999999999,0.01,1.1969122886657715,False
9152,-0.41000000000000003,0.01,0.8117643594741821,False
9153,-1.71,0.01,0.3911595940589905,False
9154,-0.61,0.01,0,False
9155,-0.715,0.01,0.24276375770568848,False
9156,-1.11,0.01,0.3572252094745636,False
9157,-1.525,0.01,1.746152102947235,False
9158,-0.30999999999999994,0.01,0,False
9159,-1.4100000000000001,0.01,3.9484167098999023,False
9160,-1.01,0.01,0.44312024116516113,False
9161,-1.51,0.01,0.9511902332305908,False
9162,-0.30999999999999994,0.01,0,False
9163,-1.3250000000000002,0.01,0.6211552023887634,False
9164,-1.01,0.01,0.5659696459770203,False
9165,-0.51,0.01,0,False
9166,-1.6099999999999999,0.01,1.0303858518600464,False
9167,-0.20999999999999996,0.01,1.0465142726898193,False
9168,-1.11,0.01,6.855700492858887,False
9169,-1.11,0.01,0,False
9170,-1.6150000000000002,0.01,0.8225561380386353,False
9171,-0.8099999999999999,0.01,0.3223748803138733,False
9172,-1.6099999999999999,0.01,0.3055249750614166,False
9173,-1.01,0.01,0.6082866191864014,False
9174,-0.20999999999999996,0.01,0,False
9175,-1.81,0.01,0.5886698961257935,False
9176,-0.4099999999999999,0.01,1.0196094512939453,False
9177,-0.81,0.01,0.5353447198867798,False
9178,-1.01,0.01,0,False
9179,-1.01,0.01,0.2515997290611267,False
9180,-1.225,0.01,0.4823991656303406,False
9181,-1.11,0.01,0,False
9182,-0.8099999999999999,0.01,0.39426809549331665,False
9183,-1.6099999999999999,0.01,1.455510139465332,False
9184,-0.10999999999999999,0.01,1.3716580867767334,False
9185,-1.6099999999999999,0.01,0,False
9186,-0.61,0.01,0.5089529752731323,False
9187,-1.01,0.01,0.43939346075057983,False
9188,-1.21,0.01,1.2315446138381958,False
9189,-0.8099999999999999,0.01,0,False
9190,-1.21,0.01,0.2361638844013214,False
9191,-0.8099999999999999,0.01,0.29873359203338623,False
9192,-1.11,0.01,0.7930648326873779,False
9193,-1.71,0.01,0,False
9194,-0.009999999999999787,0.01,0.38506609201431274,False
9195,-1.01,0.01,0.8601410984992981,False
9196,-1.4100000000000001,0.01,0.6808661222457886,False
9197,-1.01,0.01,0,False
9198,-1.21,0.01,0.3619630038738251,False
9199,-0.71,0.01,1.7369880676269531,False
9200,-0.815,0.01,1.0137889385223389,False
9201,-0.8099999999999999,0.01,0.3676372766494751,False
9202,-1.6099999999999999,0.01,0,False
9203,-0.72,0.01,0.9355913698673248,False
9204,-1.31,0.01,0,False
9205,-0.71,0.01,0.27521905303001404,False
9206,-1.01,0.01,0.5828732848167419,False
9207,-0.8099999999999999,0.01,1.9761286973953247,False
9208,-0.81,0.01,0,False
9209,-1.725,0.01,1.6506706029176712,False
9210,-0.61,0.01,0.681463897228241,False
9211,-1.31,0.01,0,False
9212,-0.81,0.01,0.338824987411499,False
9213,-1.4100000000000001,0.01,1.4513435363769531,False
9214,-0.51,0.01,0.44778063893318176,False
9215,-1.21,0.01,0,False
9216,-1.11,0.01,0.7420505285263062,False
9217,-1.11,0.01,1.066019058227539,False
9218,-0.91,0.01,0.3581632971763611,False
9219,-1.21,0.01,0,False
9220,-0.8099999999999999,0.01,0.4066274166107178,False
9221,-1.11,0.01,0.6763271689414978,False
9222,-0.81,0.01,0.8263670206069946,False
9223,-1.21,0.01,0,False
9224,-0.61,0.01,0.974162220954895,False
9225,-1.4100000000000001,0.01,0.7153249979019165,False
9226,-0.715,0.01,1.058030366897583,False
9227,-1.21,0.01,0.39387327432632446,False
9228,-1.21,0.01,0,False
9229,0.395,0.01,0.28392523527145386,False
9230,-1.11,0.01,2.216496467590332,False
9231,-1.01,0.01,0.42087388038635254,False
9232,-1.31,0.01,0,False
9233,-1.21,0.01,1.1218464374542236,False
9234,-0.915,0.01,1.2006926536560059,False
9235,-0.51,0.01,0.37846842408180237,False
9236,-1.11,0.01,0.5870651006698608,False
9237,-1.4100000000000001,0.01,0,False
9238,-0.71,0.01,0.5026410222053528,False
9239,-0.61,0.01,0.3282017409801483,False
9240,-1.21,0.01,0.8107410669326782,False
9241,-1.01,0.01,0,False
9242,-0.71,0.01,0.8039471507072449,False
9243,-2.01,0.01,0.3979620337486267,False
9244,-0.71,0.01,0.3411235213279724,False
9245,-1.12,0.01,0.376118540763855,False
9246,-0.91,0.01,1.6869679689407349,False
9247,-0.30999999999999994,0.01,0,False
9248,-1.3250000000000002,0.01,1.667587012052536,False
9249,-1.21,0.01,0.6170367002487183,False
9250,-1.11,0.01,0,False
9251,-0.61,0.01,0.4527103304862976,False
9252,-1.21,0.01,0.8437632918357849,False
9253,-1.11,0.01,0.207248717546463,False
9254,-0.61,0.01,0,False
9255,-1.22,0.01,0.7226976901292801,False
9256,-1.6099999999999999,0.01,0,False
9257,-0.5099999999999999,0.01,0.2979326546192169,False
9258,-0.925,0.01,0.4075823277235031,False
9259,-1.51,0.01,0,False
9260,-0.41000000000000003,0.01,0.3723806142807007,False
9261,-0.91,0.01,0.29562637209892273,False
9262,-1.31,0.01,0.5613089799880981,False
9263,-0.8099999999999999,0.01,0,False
9264,-1.11,0.01,0.40662863850593567,False
9265,-1.11,0.01,1.575890064239502,False
9266,-1.11,0.01,0.3167911469936371,False
9267,-1.21,0.01,0,False
9268,-0.71,0.01,0.25930482149124146,False
9269,-0.51,0.01,1.4811822175979614,False
9270,-1.5100000000000002,0.01,0.5569345951080322,False
9271,-1.225,0.01,0.3736218214035034,False
9272,-1.21,0.01,0.6591947078704834,False
9273,-1.42,0.01,0.5016928315162659,False
9274,-0.10999999999999999,0.01,1.545778751373291,False
9275,-1.01,0.01,0.7512416243553162,False
9276,-0.915,0.01,0.7446869611740112,False
9277,-0.815,0.01,0.7662161588668823,False
9278,-2.11,0.01,0,False
9279,-0.30999999999999994,0.01,0.5230208039283752,False
9280,-1.71,0.01,0.7051833271980286,False
9281,-0.30999999999999994,0.01,0.7046455144882202,False
9282,-0.815,0.01,0.4102177023887634,False
9283,-1.71,0.01,0,False
9284,-0.71,0.01,1.1343083381652832,False
9285,-0.81,0.01,0.42178934812545776,False
9286,-0.815,0.01,1.1128557920455933,False
9287,-1.31,0.01,0.3565080165863037,False
9288,-2.01,0.01,0,False
9289,-0.10999999999999999,0.01,0.3062669038772583,False
9290,-0.91,0.01,0.8549122214317322,False
9291,-1.11,0.01,2.173691511154175,False
9292,-1.51,0.01,0,False
9293,-0.20999999999999996,0.01,1.335911512374878,False
9294,-1.4100000000000001,0.01,0.8825795650482178,False
9295,-0.35,0.01,0.4597788453102112,False
9296,-1.71,0.01,0,False
9297,-0.61,0.01,0.5536255836486816,False
9298,-1.31,0.01,0.4528907537460327,False
9299,-0.71,0.01,1.125022292137146,False
9300,-1.31,0.01,0,False
9301,-0.61,0.01,0.5687798261642456,False
9302,-1.11,0.01,2.515044689178467,False
9303,-0.8099999999999999,0.01,0.47174572944641113,False
9304,-1.82,0.01,0.3394172787666321,False
9305,-0.004999999999999893,0.01,0.28553977608680725,False
9306,-0.30999999999999994,0.01,0,False
9307,-1.31,0.01,0.5017199516296387,False
9308,-1.4100000000000001,0.01,0.2804378271102905,False
9309,-0.5099999999999999,0.01,0.41175416111946106,False
9310,-0.8099999999999999,0.01,0,False
9311,-0.605,0.01,3.6369946002960205,False
9312,-0.71,0.01,0.34121066331863403,False
9313,-1.11,0.01,0.2522856295108795,False
9314,-1.11,0.01,0,False
9315,-1.21,0.01,0.515640139579773,False
9316,-1.11,0.01,6.807926654815674,False
9317,-0.71,0.01,1.2346107959747314,False
9318,-1.21,0.01,0,False
9319,-0.5099999999999999,0.01,0.549333393573761,False
9320,-1.6099999999999999,0.01,0.3804207444190979,False
9321,-0.22499999999999998,0.01,0.2909027934074402,False
9322,-1.71,0.01,0.9772994518280029,False
9323,-1.11,0.01,0.39839625358581543,False
9324,-0.41000000000000003,0.01,0.705895721912384,False
9325,-0.71,0.01,0,False
9326,-1.21,0.01,0.5928031802177429,False
9327,-1.51,0.01,1.1013864278793335,False
9328,-0.51,0.01,0.28413304686546326,False
9329,-1.01,0.01,0,False
9330,-1.11,0.01,0.6762027144432068,False
9331,-1.215,0.01,0.836668848991394,False
9332,-0.71,0.01,2.3341691493988037,False
9333,-1.21,0.01,0.5767854452133179,False
9334,-1.21,0.01,0,False
9335,-0.5099999999999999,0.01,0.35008615255355835,False
9336,-0.91,0.01,1.9111708402633667,False
9337,-0.81,0.01,0.3738880157470703,False
9338,-1.51,0.01,0,False
9339,-1.31,0.01,0.3885405659675598,False
9340,-0.91,0.01,0.5459547638893127,False
9341,-0.8099999999999999,0.01,0.4008406698703766,False
9342,-1.31,0.01,0,False
9343,-1.02,0.01,0.749555915594101,False
9344,-0.91,0.01,0,False
9345,-0.81,0.01,0.9339761734008789,False
9346,-1.51,0.01,2.9633896350860596,False
9347,-0.30999999999999994,0.01,1.1865923404693604,False
9348,-1.71,0.01,0,False
9349,-0.20999999999999996,0.01,0.3656252920627594,False
9350,-1.42,0.01,0.552082896232605,False
9351,-1.4100000000000001,0.01,0.8120601177215576,False
9352,-0.71,0.01,0.7493952512741089,False
9353,-0.92,0.01,0.4653750956058502,False
9354,-0.91,0.01,2.1037585735321045,False
9355,-1.11,0.01,0.3815654516220093,False
9356,-0.61,0.01,0,False
9357,-0.81,0.01,0.35167181491851807,False
9358,-1.8250000000000002,0.01,2.8669466376304626,False
9359,-0.61,0.01,0,False
9360,-1.31,0.01,0.36182546615600586,False
9361,-1.4100000000000001,0.01,0.6621278524398804,False
9362,-0.71,0.01,1.4307533502578735,False
9363,-0.71,0.01,0,False
9364,0.4950000000000001,0.01,1.8779628276824951,False
9365,-1.71,0.01,0.37600573897361755,False
9366,-1.115,0.01,0.6502406597137451,False
9367,-0.71,0.01,0.5035442113876343,False
9368,-1.4100000000000001,0.01,0,False
9369,-0.20999999999999996,0.01,0.9546366930007935,False
9370,-1.31,0.01,1.0521371364593506,False
9371,-1.6099999999999999,0.01,1.0813052654266357,False
9372,-0.71,0.01,0,False
9373,-0.81,0.01,0.6087709665298462,False
9374,-0.8099999999999999,0.01,0.3808123469352722,False
9375,-1.025,0.01,0.39474260807037354,False
9376,-1.01,0.01,0.3395364582538605,False
9377,-1.4100000000000001,0.01,0.36737871170043945,False
9378,-0.61,0.01,0.7640745639801025,False
9379,-1.11,0.01,0,False
9380,-1.11,0.01,0.8216963410377502,False
9381,-1.4100000000000001,0.01,0.2593945860862732,False
9382,-0.91,0.01,1.1106981039047241,False
9383,-0.51,0.01,0,False
9384,-1.01,0.01,0.33631500601768494,False
9385,-1.01,0.01,0.8924874067306519,False
9386,-1.42,0.01,0.5644800066947937,False
9387,-0.81,0.01,1.6454204320907593,False
9388,-0.81,0.01,0.3640841245651245,False
9389,-1.11,0.01,0,False
9390,-1.31,0.01,3.9251606464385986,False
9391,-0.81,0.01,0.5356161594390869,False
9392,-0.91,0.01,0.3119885325431824,False
9393,-1.21,0.01,0,False
9394,-1.21,0.01,0.933066189289093,False
9395,-0.71,0.01,0.6020427942276001,False
9396,-1.21,0.01,5.070859909057617,False
9397,-1.01,0.01,0,False
9398,-1.31,0.01,1.2756080627441406,False
9399,-0.51,0.01,0.49370256066322327,False
9400,-1.31,0.01,0.3629557490348816,False
9401,-0.61,0.01,0,False
9402,-1.01,0.01,0.40069878101348877,False
9403,-1.425,0.01,0.4321947991847992,False
9404,-0.30999999999999994,0.01,0,False
9405,-1.11,0.01,0.26346245408058167,False
9406,-1.215,0.01,0.446188360452652,False
9407,-0.81,0.01,1.1214568614959717,False
9408,-1.21,0.01,1.1816275119781494,False
9409,-0.81,0.01,0,False
9410,-1.31,0.01,0.7006076574325562,False
9411,-1.21,0.01,0.2699004113674164,False
9412,-0.81,0.01,1.5838743448257446,False
9413,-1.5350000000000001,0.01,0.9868008494377136,False
9414,-0.8099999999999999,0.01,0,False
9415,-0.91,0.01,0.3764471411705017,False
9416,-1.11,0.01,0.6870221495628357,False
9417,-0.91,0.01,1.6002237796783447,False
9418,-0.81,0.01,0,False
9419,-1.11,0.01,2.5641391277313232,False
9420,-1.21,0.01,0.6176595687866211,False
9421,-0.61,0.01,0.5197098255157471,False
9422,-0.31499999999999995,0.01,0.6694352626800537,False
9423,-0.81,0.01,0.6670999526977539,False
9424,-1.01,0.01,0,False
9425,-1.51,0.01,2.5912346839904785,False
9426,-0.51,0.01,0.5832422375679016,False
9427,-1.11,0.01,0.5761814713478088,False
9428,-0.71,0.01,0,False
9429,-1.4100000000000001,0.01,0.3667263388633728,False
9430,-1.4100000000000001,0.01,0.4594985246658325,False
9431,-0.10999999999999999,0.01,2.37845516204834,False
9432,-1.51,0.01,0,False
9433,-0.71,0.01,0.8568434715270996,False
9434,-1.21,0.01,0.3207492232322693,False
9435,-0.71,0.01,0.8196466565132141,False
9436,-1.01,0.01,0,False
9437,-1.31,0.01,2.375197649002075,False
9438,-0.91,0.01,0.9070979952812195,False
9439,-0.30499999999999994,0.01,0.6854979991912842,False
9440,-0.61,0.01,0,False
9441,-0.30499999999999994,0.01,0.5425752997398376,False
9442,-0.5099999999999999,0.01,0.4004753828048706,False
9443,-1.61,0.01,1.0054211616516113,False
9444,-1.31,0.01,0,False
9445,-0.20999999999999996,0.01,0.3793596625328064,False
9446,-1.71,0.01,0.3711073398590088,False
9447,-0.21499999999999997,0.01,0.45919716358184814,False
9448,-1.6099999999999999,0.01,0.33422213792800903,False
9449,-0.71,0.01,0,False
9450,-0.71,0.01,0.2968326508998871,False
9451,-1.31,0.01,1.0923421382904053,False
9452,-1.4100000000000001,0.01,1.3520960807800293,False
9453,-0.30999999999999994,0.01,0,False
9454,-1.71,0.01,2.189768075942993,False
9455,-0.91,0.01,0.36002546548843384,False
9456,-0.61,0.01,0.24220407009124756,False
9457,-1.51,0.01,0,False
9458,-0.71,0.01,0.5006394982337952,False
9459,-1.4100000000000001,0.01,0.2889386713504791,False
9460,-0.71,0.01,0.5753808617591858,False
9461,-0.925,0.01,0.75194251537323,False
9462,-0.91,0.01,0.30740949511528015,False
9463,-1.21,0.01,0.32470443844795227,False
9464,-1.4100000000000001,0.01,0,False
9465,-0.10999999999999999,0.01,0.6376640796661377,False
9466,-1.31,0.01,1.2765141725540161,False
9467,-0.91,0.01,0.5733938813209534,False
9468,-1.31,0.01,0,False
9469,-0.61,0.01,0.3334468603134155,False
9470,-1.31,0.01,0.24452446401119232,False
9471,-1.21,0.01,0.5495120286941528,False
9472,-1.11,0.01,0,False
9473,-0.51,0.01,0.2990438938140869,False
9474,-1.4100000000000001,0.01,0.4214353561401367,False
9475,-1.01,0.01,0.4934360384941101,False
9476,-0.4099999999999999,0.01,0,False
9477,-1.31,0.01,0.39711880683898926,False
9478,-0.91,0.01,0.7226182818412781,False
9479,-1.6099999999999999,0.01,0.45480427145957947,False
9480,-0.61,0.01,0,False
9481,-1.425,0.01,2.2025506496429443,False
9482,-0.71,0.01,2.673255681991577,False
9483,-0.51,0.01,0,False
9484,-1.6150000000000002,0.01,0.4298008680343628,False
9485,-0.625,0.01,1.7925212979316711,False
9486,-1.11,0.01,0.3928924798965454,False
9487,-1.11,0.01,0,False
9488,-0.5099999999999999,0.01,3.6712160110473633,False
9489,-1.81,0.01,0.5678168535232544,False
9490,-0.91,0.01,0.3362571597099304,False
9491,-0.5099999999999999,0.01,0,False
9492,-1.51,0.01,1.4094054698944092,False
9493,-0.61,0.01,0.8449569940567017,False
9494,-1.51,0.01,0.26535743474960327,False
9495,-0.51,0.01,0,False
9496,-0.21499999999999997,0.01,0.6465394347906113,False
9497,-1.51,0.01,0,False
9498,-0.30999999999999994,0.01,1.3454786539077759,False
9499,-1.11,0.01,0.4093112051486969,False
9500,-0.81,0.01,1.8351786136627197,False
9501,-1.01,0.01,0,False
9502,-1.4100000000000001,0.01,0.6502225995063782,False
9503,-0.91,0.01,1.6248174905776978,False
9504,-1.01,0.01,0.4878392219543457,False
9505,-1.415,0.01,0.40621617436408997,False
9506,-0.5099999999999999,0.01,0,False
9507,-1.01,0.01,1.2667500972747803,False
9508,-0.61,0.01,0.262295663356781,False
9509,-1.21,0.01,1.2775895595550537,False
9510,-1.11,0.01,0,False
9511,-1.21,0.01,1.935300588607788,False
9512,-0.8099999999999999,0.01,0.7405456304550171,False
9513,-1.31,0.01,0.23090718686580658,False
9514,-0.51,0.01,0,False
9515,-1.01,0.01,0.5518122911453247,False
9516,-1.71,0.01,0.2900128960609436,False
9517,-0.31500000000000006,0.01,0.8288382291793823,False
9518,-1.82,0.01,0.3026195764541626,False
9519,-1.125,0.01,0.39227065443992615,False
9520,-0.615,0.01,0.643622875213623,False
9521,-0.81,0.01,0,False
9522,-1.11,0.01,0.6944692134857178,False
9523,-1.21,0.01,0.6078245639801025,False
9524,-0.91,0.01,0.5302853584289551,False
9525,-0.8099999999999999,0.01,0,False
9526,-1.11,0.01,0.49245262145996094,False
9527,-1.01,0.01,1.4042344093322754,False
9528,-1.21,0.01,0.38048145174980164,False
9529,-0.8099999999999999,0.01,0,False
9530,-1.21,0.01,0.44823718070983887,False
9531,-1.11,0.01,0.2735123336315155,False
9532,-0.4099999999999999,0.01,0.39018940925598145,False
9533,-1.21,0.01,0,False
9534,-0.91,0.01,0.5375286936759949,False
9535,-0.935,0.01,0.9328142702579498,False
9536,-0.71,0.01,0.4086841344833374,False
9537,-1.21,0.01,0.7221007943153381,False
9538,-1.6099999999999999,0.01,0,False
9539,-1.01,0.01,2.198324203491211,False
9540,-0.20999999999999996,0.01,0.8311905264854431,False
9541,-2.11,0.01,0.2916892170906067,False
9542,-0.10999999999999999,0.01,0,False
9543,-0.10499999999999998,0.01,0.3392369747161865,False
9544,-1.21,0.01,0.3178732097148895,False
9545,-1.81,0.01,1.0313174724578857,False
9546,-0.10999999999999999,0.01,0,False
9547,-2.21,0.01,0.269042432308197,False
9548,-0.010000000000000009,0.01,0.6594575643539429,False
9549,-0.8099999999999999,0.01,0.9382195472717285,False
9550,-1.21,0.01,0,False
9551,-0.51,0.01,0.5886802673339844,False
9552,-1.4100000000000001,0.01,0.28742286562919617,False
9553,-1.01,0.01,1.0786104202270508,False
9554,-0.91,0.01,0,False
9555,-0.71,0.01,0.7122878432273865,False
9556,-1.51,0.01,10.386390686035156,False
9557,-1.315,0.01,0.8963452577590942,False
9558,-1.71,0.01,0.2378985583782196,False
9559,0.0900000000000003,0.01,0,False
9560,-0.8099999999999999,0.01,0.39517441391944885,False
9561,-1.4100000000000001,0.01,0.3063655495643616,False
9562,-1.6099999999999999,0.01,0.3421059250831604,False
9563,-0.61,0.01,0,False
9564,-0.20999999999999996,0.01,1.4744489192962646,False
9565,-1.71,0.01,1.5086324214935303,False
9566,-0.8099999999999999,0.01,0.45097944140434265,False
9567,-1.11,0.01,0,False
9568,-0.91,0.01,0.8653866052627563,False
9569,-1.01,0.01,1.4305528402328491,False
9570,-1.6099999999999999,0.01,1.0721690654754639,False
9571,-0.30999999999999994,0.01,0,False
9572,-1.125,0.01,0.9237605333328247,False
9573,-1.01,0.01,0.3208795189857483,False
9574,-1.6099999999999999,0.01,0,False
9575,-0.010000000000000009,0.01,0.9379792809486389,False
9576,-0.91,0.01,0.27974534034729004,False
9577,-1.5100000000000002,0.01,0.5215550661087036,False
9578,-1.6099999999999999,0.01,0,False
9579,-0.615,0.01,0.4807590842247009,False
9580,-0.61,0.01,2.980363130569458,False
9581,-1.11,0.01,0.3094199299812317,False
9582,-1.01,0.01,0.3480854630470276,False
9583,-1.21,0.01,0,False
9584,-0.91,0.01,1.638619303703308,False
9585,-1.11,0.01,0.278089702129364,False
9586,-0.91,0.01,0.26332443952560425,False
9587,-1.6150000000000002,0.01,0.3650132417678833,False
9588,-0.30999999999999994,0.01,0,False
9589,-1.31,0.01,0.39542025327682495,False
9590,-1.4100000000000001,0.01,0.645413875579834,False
9591,-0.8099999999999999,0.01,1.3489301204681396,False
9592,-0.4099999999999999,0.01,0,False
9593,-1.01,0.01,0.5926481485366821,False
9594,-1.115,0.01,0.48337772488594055,False
9595,-1.01,0.01,0.7312354445457458,False
9596,-0.71,0.01,0.7917975187301636,False
9597,-1.51,0.01,0,False
9598,-1.11,0.01,0.3174161911010742,False
9599,-0.5099999999999999,0.01,0.4702010452747345,False
9600,-1.9100000000000001,0.01,0.2199530303478241,False
9601,-0.61,0.01,0,False
9602,-0.91,0.01,2.9304447174072266,False
9603,-0.405,0.01,5.819644927978516,False
9604,-0.41000000000000003,0.01,0.4500685930252075,False
9605,-1.21,0.01,0,False
9606,-0.71,0.01,0.36012494564056396,False
9607,-1.01,0.01,1.2841582298278809,False
9608,-1.21,0.01,0.8255358934402466,False
9609,-1.21,0.01,0,False
9610,-0.71,0.01,0.9355652332305908,False
9611,-1.01,0.01,0.298999547958374,False
9612,-1.21,0.01,0.3460964262485504,False
9613,-1.31,0.01,0,False
9614,-0.62,0.01,0.7752450257539749,False
9615,-0.71,0.01,0,False
9616,-1.51,0.01,0.3739429712295532,False
9617,-0.91,0.01,0.7550977468490601,False
9618,-0.81,0.01,0.3087324798107147,False
9619,-1.11,0.01,0,False
9620,-1.6099999999999999,0.01,0.29213032126426697,False
9621,-0.30999999999999994,0.01,0.7892522215843201,False
9622,-0.91,0.01,0.47103655338287354,False
9623,-0.915,0.01,0.448688268661499,False
9624,-0.81,0.01,0,False
9625,-1.11,0.01,0.49684998393058777,False
9626,-1.71,0.01,0.36072975397109985,False
9627,-1.11,0.01,0.20984049141407013,False
9628,-0.8099999999999999,0.01,0,False
9629,-0.61,0.01,6.429563045501709,False
9630,-1.21,0.01,0.3505789041519165,False
9631,-0.5099999999999999,0.01,1.0654032230377197,False
9632,-1.51,0.01,0,False
9633,-0.61,0.01,0.6138085126876831,False
9634,-1.11,0.01,0.4078921377658844,False
9635,-1.21,0.01,0.3650857210159302,False
9636,-1.5100000000000002,0.01,0,False
9637,-0.61,0.01,0.32208263874053955,False
9638,-1.62,0.01,0.2904924750328064,False
9639,-0.72,0.01,0.45939379930496216,False
9640,-0.8099999999999999,0.01,0,False
9641,-1.51,0.01,0.32320451736450195,False
9642,-0.51,0.01,4.824117660522461,False
9643,-0.71,0.01,0.29485392570495605,False
9644,-0.71,0.01,0,False
9645,-1.21,0.01,0.6595114469528198,False
9646,0.09499999999999997,0.01,0.24430708587169647,False
9647,-1.32,0.01,0.3769356608390808,False
9648,-1.125,0.01,1.9365153908729553,False
9649,-0.71,0.01,0,False
9650,-1.5100000000000002,0.01,0.3931528329849243,False
9651,-0.8099999999999999,0.01,0.8327815532684326,False
9652,-0.8099999999999999,0.01,0.963948667049408,False
9653,-1.12,0.01,2.746417760848999,False
9654,-1.01,0.01,0.49846911430358887,False
9655,-1.81,0.01,0,False
9656,-0.4099999999999999,0.01,3.546739101409912,False
9657,-1.71,0.01,0.6296736598014832,False
9658,-0.009999999999999787,0.01,0.44228535890579224,False
9659,-1.31,0.01,0,False
9660,-1.31,0.01,0.3829183876514435,False
9661,-0.20999999999999996,0.01,0.8863508701324463,False
9662,-0.91,0.01,0.37613797187805176,False
9663,-1.31,0.01,0,False
9664,-1.4100000000000001,0.01,0.5951515436172485,False
9665,-0.30999999999999994,0.01,0.34413230419158936,False
9666,-1.71,0.01,0.27462953329086304,False
9667,-0.51,0.01,0,False
9668,-1.51,0.01,0.7002095580101013,False
9669,-0.81,0.01,0.54470294713974,False
9670,-0.915,0.01,1.5166877508163452,False
9671,-1.4100000000000001,0.01,0.8573278188705444,False
9672,-0.8099999999999999,0.01,0,False
9673,-1.01,0.01,0.3464964032173157,False
9674,-0.8099999999999999,0.01,0.4246729910373688,False
9675,-1.01,0.01,1.2934579849243164,False
9676,-0.91,0.01,0,False
9677,-1.81,0.01,0.5223652124404907,False
9678,0.09000000000000008,0.01,0.43007078766822815,False
9679,-0.7050000000000001,0.01,2.236316680908203,False
9680,-1.01,0.01,0,False
9681,-1.21,0.01,0.31267106533050537,False
9682,-0.61,0.01,0.3985760509967804,False
9683,-1.115,0.01,0.5463087558746338,False
9684,-0.71,0.01,0.6157286167144775,False
9685,-1.31,0.01,0,False
9686,-0.815,0.01,0.4127032160758972,False
9687,-1.51,0.01,0.22605645656585693,False
9688,-0.815,0.01,0.9245257377624512,False
9689,-1.025,0.01,0.9389336109161377,False
9690,-0.30999999999999994,0.01,0,False
9691,-1.91,0.01,2.0940303802490234,False
9692,-0.30999999999999994,0.01,1.0364794731140137,False
9693,-1.5100000000000002,0.01,1.2517492771148682,False
9694,-1.01,0.01,0,False
9695,-0.4149999999999999,0.01,0.49094298481941223,False
9696,-1.5100000000000002,0.01,0.17633506655693054,False
9697,-1.01,0.01,0.4527093768119812,False
9698,-0.81,0.01,1.001186728477478,False
9699,-1.01,0.01,0,False
9700,-1.21,0.01,0.6308283805847168,False
9701,-0.51,0.01,7.306776523590088,False
9702,-1.11,0.01,0.3532695770263672,False
9703,-0.91,0.01,0,False
9704,-1.61,0.01,0.29338783025741577,False
9705,-1.11,0.01,0.48197752237319946,False
9706,-0.71,0.01,0.3752283453941345,False
9707,-0.71,0.01,0,False
9708,-2.01,0.01,0.9846115708351135,False
9709,-0.10999999999999999,0.01,2.6964333057403564,False
9710,-1.31,0.01,0.8580240607261658,False
9711,-1.11,0.01,0,False
9712,-0.51,0.01,0.7197731733322144,False
9713,-2.01,0.01,1.0733617544174194,False
9714,-0.10999999999999999,0.01,3.1040408611297607,False
9715,-1.31,0.01,0,False
9716,-0.30999999999999994,0.01,0.37070193886756897,False
9717,-1.21,0.01,1.8010567426681519,False
9718,-1.81,0.01,0.7865673899650574,False
9719,-0.41000000000000003,0.01,0,False
9720,-0.92,0.01,0.35738855600357056,False
9721,-1.91,0.01,0,False
9722,-1.51,0.01,0.33831456303596497,False
9723,0.0900000000000003,0.01,1.2592891454696655,False
9724,-0.41000000000000003,0.01,0.48497602343559265,False
9725,-1.81,0.01,0,False
9726,-0.82,0.01,0.38075438141822815,False
9727,-0.91,0.01,0,False
9728,-1.4100000000000001,0.01,0.28613656759262085,False
9729,-0.8099999999999999,0.01,0.4285478889942169,False
9730,-1.81,0.01,0.3972616195678711,False
9731,-0.10999999999999999,0.01,0,False
9732,-0.91,0.01,0.4307175874710083,False
9733,-1.51,0.01,0.3502828776836395,False
9734,-0.8099999999999999,0.01,0.43801888823509216,False
9735,-0.91,0.01,0,False
9736,-0.615,0.01,1.167502760887146,False
9737,-1.31,0.01,0.31656065583229065,False
9738,-0.91,0.01,0.3632828891277313,False
9739,-0.91,0.01,0.5632624626159668,False
9740,-1.11,0.01,0,False
9741,-1.025,0.01,0.2624634802341461,False
9742,-1.21,0.01,0.3310697078704834,False
9743,-0.61,0.01,0,False
9744,-1.51,0.01,0.4025556445121765,False
9745,-0.925,0.01,2.1149875670671463,False
9746,-1.4100000000000001,0.01,0,False
9747,-0.30999999999999994,0.01,0.47066551446914673,False
9748,-2.01,0.01,0.4177742004394531,False
9749,-0.8099999999999999,0.01,0.3961520195007324,False
9750,-0.4099999999999999,0.01,0,False
9751,0.18499999999999983,0.01,1.6470023095607758,False
9752,-0.71,0.01,0,False
9753,-1.21,0.01,0.3894607722759247,False
9754,-2.11,0.01,0.3063783049583435,False
9755,-0.010000000000000009,0.01,0.945029616355896,False
9756,-1.11,0.01,0,False
9757,-1.21,0.01,0.8180997371673584,False
9758,-1.51,0.01,0.37733960151672363,False
9759,0.09000000000000008,0.01,1.726975679397583,False
9760,-1.31,0.01,0,False
9761,-1.31,0.01,0.594048023223877,False
9762,-1.315,0.01,0.5380195379257202,False
9763,-0.8099999999999999,0.01,0.3839476704597473,False
9764,-0.71,0.01,0.19579032063484192,False
9765,-0.91,0.01,0,False
9766,-0.8099999999999999,0.01,0.2794610261917114,False
9767,-1.4100000000000001,0.01,0.6540355086326599,False
9768,-0.91,0.01,0.290213942527771,False
9769,-0.915,0.01,0.4451119005680084,False
9770,-1.21,0.01,0,False
9771,-1.22,0.01,0.6856725513935089,False
9772,-0.81,0.01,0,False
9773,-1.31,0.01,0.3972328305244446,False
9774,-1.21,0.01,4.614470958709717,False
9775,-0.41000000000000003,0.01,0.29706206917762756,False
9776,-1.11,0.01,0,False
9777,-1.21,0.01,0.2671569585800171,False
9778,-1.01,0.01,0.4004853367805481,False
9779,-0.71,0.01,2.599707841873169,False
9780,-0.91,0.01,0,False
9781,-1.01,0.01,0.24742324650287628,False
9782,-0.71,0.01,0.5057021975517273,False
9783,-1.51,0.01,0.2665455937385559,False
9784,-1.01,0.01,0,False
9785,-1.4100000000000001,0.01,0.3421033024787903,False
9786,-1.215,0.01,0.3631223440170288,False
9787,-0.30999999999999994,0.01,1.7712819576263428,False
9788,-1.01,0.01,0.6044150590896606,False
9789,-1.31,0.01,0,False
9790,-0.81,0.01,6.4517974853515625,False
9791,-0.71,0.01,0.5862518548965454,False
9792,-0.91,0.01,0.28856176137924194,False
9793,-1.11,0.01,0,False
9794,-1.31,0.01,0.5611569881439209,False
9795,-0.91,0.01,0.4631460905075073,False
9796,-1.51,0.01,0.387504518032074,False
9797,-0.61,0.01,0,False
9798,-0.91,0.01,1.0206836462020874,False
9799,-1.01,0.01,0.3068728446960449,False
9800,-1.11,0.01,0.3731732964515686,False
9801,-1.4100000000000001,0.01,0,False
9802,-0.5199999999999999,0.01,0.5384785830974579,False
9803,-0.81,0.01,0,False
9804,-1.6099999999999999,0.01,0.36584076285362244,False
9805,-0.71,0.01,1.955639362335205,False
9806,-0.91,0.01,0.33566853404045105,False
9807,-0.71,0.01,0,False
9808,-1.4100000000000001,0.01,0.38641083240509033,False
9809,-0.71,0.01,2.276303291320801,False
9810,-1.01,0.01,0.2640073001384735,False
9811,-1.21,0.01,0,False
9812,-1.51,0.01,0.37758302688598633,False
9813,-0.4099999999999999,0.01,0.3469059467315674,False
9814,-1.01,0.01,0.29017603397369385,False
9815,-1.6099999999999999,0.01,0,False
9816,-0.8099999999999999,0.01,0.4577445983886719,False
9817,-0.71,0.01,0.30786991119384766,False
9818,-0.81,0.01,0.5509152412414551,False
9819,-1.4100000000000001,0.01,0,False
9820,-1.01,0.01,0.37310782074928284,False
9821,-1.21,0.01,0.342507004737854,False
9822,-0.41000000000000003,0.01,0.7422908544540405,False
9823,-1.21,0.01,0,False
9824,-1.31,0.01,0.2925642728805542,False
9825,-0.815,0.01,0.254183292388916,False
9826,-0.71,0.01,0.3147537112236023,False
9827,-1.81,0.01,0.28063422441482544,False
9828,-0.30999999999999994,0.01,0,False
9829,-1.71,0.01,0.7373042702674866,False
9830,-0.20999999999999996,0.01,0.3137015700340271,False
9831,-1.31,0.01,0.3649861216545105,False
9832,-1.71,0.01,0,False
9833,-0.41000000000000003,0.01,0.310774564743042,False
9834,-0.61,0.01,0.3653464913368225,False
9835,-1.4100000000000001,0.01,0.8615187406539917,False
9836,-1.11,0.01,0,False
9837,-1.4100000000000001,0.01,0.5092079043388367,False
9838,-0.61,0.01,0.35309678316116333,False
9839,-0.91,0.01,0.2706525921821594,False
9840,-1.5150000000000001,0.01,0.3808104991912842,False
9841,-0.51,0.01,0,False
9842,-1.21,0.01,0.5422784686088562,False
9843,-1.11,0.01,0.4746687114238739,False
9844,-1.01,0.01,0.8763337135314941,False
9845,-0.4099999999999999,0.01,0,False
9846,-0.8099999999999999,0.01,0.5800085663795471,False
9847,-1.91,0.01,3.8741214275360107,False
9848,-0.5099999999999999,0.01,0.3148156404495239,False
9849,-0.91,0.01,0,False
9850,-0.81,0.01,0.3927660286426544,False
9851,-1.81,0.01,0.28806769847869873,False
9852,-0.30999999999999994,0.01,0.46020084619522095,False
9853,-1.11,0.01,0,False
9854,-0.91,0.01,0.485343337059021,False
9855,-1.4100000000000001,0.01,0.8732433319091797,False
9856,-0.61,0.01,0.2989829480648041,False
9857,-1.01,0.01,0,False
9858,-1.6099999999999999,0.01,0.7479093670845032,False
9859,0.595,0.01,0.31612688302993774,False
9860,-1.11,0.01,0.8489844799041748,False
9861,-0.61,0.01,0,False
9862,-1.91,0.01,2.152484655380249,False
9863,-0.61,0.01,0.4291689693927765,False
9864,-0.41000000000000003,0.01,0.32279014587402344,False
9865,-1.61,0.01,0,False
9866,-0.71,0.01,0.297822505235672,False
9867,-1.4100000000000001,0.01,1.7602250576019287,False
9868,-0.525,0.01,0.956088125705719,False
9869,-1.725,0.01,0.41868650913238525,False
9870,-0.735,0.01,0.39927542209625244,False
9871,-0.8099999999999999,0.01,0.9170849919319153,False
9872,-1.5100000000000002,0.01,0,False
9873,-0.71,0.01,0.5729847550392151,False
9874,-1.21,0.01,1.9036695957183838,False
9875,-0.71,0.01,0.29148098826408386,False
9876,-1.71,0.01,0,False
9877,0.5950000000000002,0.01,0.38184523582458496,False
9878,-1.01,0.01,0.43070080876350403,False
9879,-1.21,0.01,0.5939236879348755,False
9880,-0.30999999999999994,0.01,0,False
9881,-2.11,0.01,1.6201618909835815,False
9882,-0.61,0.01,0.37758734822273254,False
9883,-1.01,0.01,0.6113682985305786,False
9884,-0.935,0.01,0.29362496733665466,False
9885,-0.41000000000000003,0.01,0,False
9886,-1.4100000000000001,0.01,0.7607511281967163,False
9887,-0.32000000000000006,0.01,0.283683106303215,False
9888,-1.31,0.01,0,False
9889,-0.71,0.01,0.23413865268230438,False
9890,-0.61,0.01,0.27986711263656616,False
9891,-1.61,0.01,2.480804920196533,False
9892,-0.42499999999999993,0.01,0.2587989270687103,False
9893,-1.81,0.01,0.46299663186073303,False
9894,-0.41000000000000003,0.01,2.567161798477173,False
9895,-1.835,0.01,0.2541889324784279,False
9896,-0.4149999999999999,0.01,0.34727784991264343,False
9897,-1.31,0.01,0,False
9898,-0.4099999999999999,0.01,1.1550627946853638,False
9899,-1.51,0.01,0.43063288927078247,False
9900,-0.52,0.01,0.4009188413619995,False
9901,-1.51,0.01,1.1005834341049194,False
9902,-0.41000000000000003,0.01,0.45190906524658203,False
9903,-0.815,0.01,1.909535527229309,False
9904,-1.21,0.01,0,False
9905,-1.71,0.01,0.9223629236221313,False
9906,-0.71,0.01,0.7959122061729431,False
9907,-1.525,0.01,0.4685932993888855,False
9908,-0.4099999999999999,0.01,0.7773352861404419,False
9909,-1.11,0.01,1.8727073669433594,False
9910,-0.61,0.01,0.6347095966339111,False
9911,-1.21,0.01,0,False
9912,-1.6099999999999999,0.01,1.8000001907348633,False
9913,-0.5099999999999999,0.01,0.3761287331581116,False
9914,-0.61,0.01,0.2668342590332031,False
9915,-1.4100000000000001,0.01,0,False
9916,-1.31,0.01,0.8783043622970581,False
9917,-0.8099999999999999,0.01,0.7607841491699219,False
9918,-0.5099999999999999,0.01,0.3805011510848999,False
9919,-1.4100000000000001,0.01,0,False
9920,-1.8250000000000002,0.01,0.9788601994514465,False
9921,-0.5249999999999999,0.01,0.41767293214797974,False
9922,-0.41000000000000003,0.01,0.7777791619300842,False
9923,-0.91,0.01,0.3749525845050812,False
9924,-1.51,0.01,0.4915807545185089,False
9925,-0.61,0.01,0,False
9926,-0.81,0.01,0.2978881299495697,False
9927,-1.6099999999999999,0.01,0.2880546748638153,False
9928,-1.725,0.01,1.2369706630706787,False
9929,-0.4099999999999999,0.01,0.37538665533065796,False
9930,-1.11,0.01,0.29032623767852783,False
9931,-0.5099999999999999,0.01,0.2543789744377136,False
9932,-1.31,0.01,0,False
9933,-0.71,0.01,0.40860819816589355,False
9934,-1.11,0.01,0.9652141332626343,False
9935,-1.215,0.01,0.7236006259918213,False
9936,-1.21,0.01,1.1637799739837646,False
9937,-0.715,0.01,0.6862331032752991,False
9938,-1.6099999999999999,0.01,0,False
9939,-0.20999999999999996,0.01,0.5355713367462158,False
9940,-0.91,0.01,0.5484411716461182,False
9941,-0.91,0.01,0.2623189091682434,False
9942,-1.135,0.01,1.0565703213214874,False
9943,-0.8200000000000001,0.01,1.1918919086456299,False
9944,-2.0300000000000002,0.01,0.9178695976734161,False
9945,-0.71,0.01,0,False
9946,-0.8099999999999999,0.01,0.5670337677001953,False
9947,-0.91,0.01,0.6212888360023499,False
9948,-1.02,0.01,0.2693777084350586,False
9949,-1.11,0.01,0.7172095775604248,False
9950,-1.11,0.01,0.2965599298477173,False
9951,-0.8099999999999999,0.01,0,False
9952,-1.51,0.01,0.6932994723320007,False
9953,-0.4099999999999999,0.01,0.4027022421360016,False
9954,-0.71,0.01,0.8021689057350159,False
9955,-1.4100000000000001,0.01,0,False
9956,-0.91,0.01,0.2898657023906708,False
9957,-1.21,0.01,0.40588024258613586,False
9958,-0.61,0.01,2.9376702308654785,False
9959,-1.81,0.01,0,False
9960,-0.935,0.01,0.3149547576904297,False
9961,-1.31,0.01,2.1660404205322266,False
9962,-0.30999999999999994,0.01,1.1295623779296875,False
9963,-1.31,0.01,0.3212599456310272,False
9964,-1.01,0.01,0,False
9965,-1.4100000000000001,0.01,0.20252707600593567,False
9966,-0.21499999999999997,0.01,0.5159085988998413,False
9967,-0.61,0.01,0.2905203700065613,False
9968,-1.51,0.01,0.45304399728775024,False
9969,-1.01,0.01,0,False
9970,-0.61,0.01,0.3348029851913452,False
9971,-1.31,0.01,0.988133430480957,False
9972,-1.4100000000000001,0.01,0.3788435161113739,False
9973,-1.21,0.01,0,False
9974,-0.010000000000000009,0.01,0.7778158783912659,False
9975,-1.21,0.01,1.6774804592132568,False
9976,-1.51,0.01,0.3603212833404541,False
9977,-0.71,0.01,0,False
9978,-0.61,0.01,0.3303123414516449,False
9979,-2.21,0.01,0.9895129203796387,False
9980,-0.4099999999999999,0.01,6.83576774597168,False
9981,-0.81,0.01,0,False
9982,-0.91,0.01,1.0269484519958496,False
9983,-1.21,0.01,3.4506752490997314,False
9984,-1.31,0.01,0.32805973291397095,False
9985,-0.8099999999999999,0.01,0,False
9986,-0.51,0.01,0.2782723307609558,False
9987,-1.5100000000000002,0.01,0.43517816066741943,False
9988,-1.11,0.01,0.2763206362724304,False
9989,-1.6099999999999999,0.01,0,False
9990,0.0900000000000003,0.01,0.9309685826301575,False
9991,-1.11,0.01,0.28654974699020386,False
9992,-1.4100000000000001,0.01,0.5383906364440918,False
9993,-0.4099999999999999,0.01,0,False
9994,-1.61,0.01,2.3783581256866455,False
9995,-0.51,0.01,0.7346628308296204,False
9996,-0.11499999999999999,0.01,0.4455666244029999,False
9997,-1.31,0.01,0.5047081708908081,False
9998,-1.11,0.01,2.1053361892700195,False
9999,-1.6099999999999999,0.01,0,False
10000,-0.11499999999999999,0.01,0.26942476630210876,False
10001,-0.91,0.01,0.8795890808105469,False
10002,-0.91,0.01,1.942145586013794,False
10003,-1.71,0.01,0.3153688907623291,False
10004,-0.10999999999999999,0.01,0,False
10005,-1.31,0.01,0.42926234006881714,False
10006,-0.91,0.01,2.241244077682495,False
10007,-1.31,0.01,0.36287596821784973,False
10008,-0.61,0.01,0,False
10009,-1.4100000000000001,0.01,2.0705602169036865,False
10010,-1.01,0.01,0.40074265003204346,False
10011,-1.21,0.01,1.2619376182556152,False
10012,0.08000000000000007,0.01,0.34232139587402344,False
10013,-0.61,0.01,0.775161623954773,False
10014,-1.01,0.01,5.750635623931885,False
10015,-0.91,0.01,0,False
10016,-1.4100000000000001,0.01,1.0094232559204102,False
10017,-1.21,0.01,0.4324086904525757,False
10018,-1.21,0.01,0.3241812288761139,False
10019,-0.91,0.01,0,False
10020,-0.8099999999999999,0.01,0.34302079677581787,False
10021,-1.21,0.01,1.0931415557861328,False
10022,-0.71,0.01,1.1054872274398804,False
10023,-0.61,0.01,0,False
10024,-1.31,0.01,0.6349315643310547,False
10025,-1.81,0.01,0.2609602212905884,False
10026,-0.71,0.01,0.31561291217803955,False
10027,-1.11,0.01,0,False
10028,-0.61,0.01,0.8044188022613525,False
10029,-1.01,0.01,0.7171971797943115,False
10030,-1.21,0.01,0.3029552102088928,False
10031,-0.71,0.01,0,False
10032,-1.6099999999999999,0.01,0.34668514132499695,False
10033,0.4950000000000001,0.01,0.3008840084075928,False
10034,-1.315,0.01,0.4007991552352905,False
10035,0.49,0.01,0.26982221007347107,False
10036,-1.01,0.01,0.9595509767532349,False
10037,-0.8099999999999999,0.01,0,False
10038,-1.71,0.01,0.32533618807792664,False
10039,-0.51,0.01,0.3991645276546478,False
10040,-0.71,0.01,0.3151817321777344,False
10041,-1.51,0.01,0,False
10042,-1.22,0.01,0.8450888991355896,False
10043,-0.61,0.01,0,False
10044,-1.11,0.01,0.434244841337204,False
10045,-1.01,0.01,0.5707036256790161,False
10046,-0.61,0.01,1.1524642705917358,False
10047,-2.61,0.01,0,False
10048,0.19000000000000017,0.01,0.47111058235168457,False
10049,-1.01,0.01,0.583206832408905,False
10050,-1.51,0.01,2.0818259716033936,False
10051,-0.71,0.01,0,False
10052,-0.4099999999999999,0.01,0.43794819712638855,False
10053,-1.71,0.01,0.7968361973762512,False
10054,-0.71,0.01,0.977439284324646,False
10055,-1.51,0.01,0,False
10056,-0.51,0.01,1.5354456901550293,False
10057,-1.11,0.01,0.6446928977966309,False
10058,-0.62,0.01,0.332182377576828,False
10059,-1.61,0.01,1.6860171556472778,False
10060,-0.5099999999999999,0.01,0.5175068974494934,False
10061,-1.31,0.01,0,False
10062,-0.9199999999999999,0.01,0.6706284731626511,False
10063,-1.01,0.01,0,False
10064,-1.715,0.01,0.4803842604160309,False
10065,-0.009999999999999787,0.01,0.575756311416626,False
10066,-1.01,0.01,0.8824125528335571,False
10067,-1.4100000000000001,0.01,0.9971745610237122,False
10068,-0.4099999999999999,0.01,0,False
10069,-1.61,0.01,0.7800396680831909,False
10070,-0.715,0.01,0.5415128469467163,False
10071,-1.11,0.01,0.3015117645263672,False
10072,-0.71,0.01,0.6701747179031372,False
10073,-0.91,0.01,0,False
10074,-1.12,0.01,0.5906825661659241,False
10075,-1.11,0.01,0,False
10076,-1.5100000000000002,0.01,0.3968693017959595,False
10077,-1.11,0.01,0.623755931854248,False
10078,-0.61,0.01,0.4401049315929413,False
10079,-1.11,0.01,0,False
10080,-0.71,0.01,1.9667742252349854,False
10081,-1.11,0.01,0.4629721939563751,False
10082,-1.4100000000000001,0.01,0.3565515875816345,False
10083,-1.01,0.01,0,False
10084,-0.61,0.01,0.3114280700683594,False
10085,-1.01,0.01,2.434128999710083,False
10086,-1.51,0.01,0.3764614462852478,False
10087,-0.91,0.01,0,False
10088,-0.4099999999999999,0.01,0.7860816717147827,False
10089,-1.61,0.01,0.5058846473693848,False
10090,-1.4100000000000001,0.01,0.687480092048645,False
10091,-0.91,0.01,0,False
10092,-0.51,0.01,0.35912999510765076,False
10093,-0.71,0.01,0.25735634565353394,False
10094,-1.21,0.01,0.3038659393787384,False
10095,-1.4100000000000001,0.01,0,False
10096,-0.41000000000000003,0.01,0.26995640993118286,False
10097,-1.11,0.01,0.44749122858047485,False
10098,-1.21,0.01,0.46920162439346313,False
10099,-0.61,0.01,0,False
10100,-2.125,0.01,0.8602637499570847,False
10101,0.09000000000000008,0.01,0.3559218645095825,False
10102,-1.11,0.01,0,False
10103,-1.6099999999999999,0.01,0.44371968507766724,False
10104,-0.915,0.01,0.875129222869873,False
10105,-0.91,0.01,0.38171252608299255,False
10106,-0.71,0.01,0.7365229725837708,False
10107,-1.21,0.01,0,False
10108,-1.01,0.01,0.7677799463272095,False
10109,-0.8099999999999999,0.01,0.6550045609474182,False
10110,-1.5100000000000002,0.01,0.30967092514038086,False
10111,-0.91,0.01,0,False
10112,-0.51,0.01,0.5287030935287476,False
10113,-1.9100000000000001,0.01,1.453735589981079,False
10114,0.09000000000000008,0.01,0.6026648879051208,False
10115,-1.4100000000000001,0.01,0,False
10116,-1.4100000000000001,0.01,0.5382400751113892,False
10117,-0.41000000000000003,0.01,0.3717474937438965,False
10118,-1.31,0.01,0.319413959980011,False
10119,-0.81,0.01,0,False
10120,-2.11,0.01,0.470008909702301,False
10121,-0.009999999999999787,0.01,0.2871578335762024,False
10122,-1.6099999999999999,0.01,0.4389960467815399,False
10123,-0.11499999999999999,0.01,0.6559249758720398,False
10124,-1.4100000000000001,0.01,0,False
10125,-1.01,0.01,0.34702277183532715,False
10126,-1.9100000000000001,0.01,0.3607696294784546,False
10127,-0.10999999999999999,0.01,0.3690991997718811,False
10128,-1.125,0.01,1.3060904741287231,False
10129,-1.21,0.01,0.40751320123672485,False
10130,-1.31,0.01,0.3880353569984436,False
10131,-0.62,0.01,0.37878111004829407,False
10132,-1.21,0.01,0.3032960891723633,False
10133,-1.21,0.01,0,False
10134,-0.4099999999999999,0.01,0.5378202199935913,False
10135,-0.91,0.01,0.9608293771743774,False
10136,-0.61,0.01,0.5140562057495117,False
10137,-1.31,0.01,0,False
10138,-1.02,0.01,0.7981669008731842,False
10139,-1.31,0.01,0,False
10140,-0.91,0.01,0.3251495361328125,False
10141,-1.315,0.01,0.8660010099411011,False
10142,-0.51,0.01,2.905726909637451,False
10143,-1.11,0.01,0.3953953683376312,False
10144,-0.71,0.01,0,False
10145,-0.925,0.01,0.6677996218204498,False
10146,-1.4100000000000001,0.01,0.682693362236023,False
10147,-1.31,0.01,0,False
10148,-0.61,0.01,2.1157279014587402,False
10149,-1.4100000000000001,0.01,0.4031497836112976,False
10150,-1.21,0.01,0.40350639820098877,False
10151,-0.20999999999999996,0.01,0,False
10152,-1.4100000000000001,0.01,2.419600009918213,False
10153,-0.61,0.01,0.41230833530426025,False
10154,-1.4100000000000001,0.01,0.30721670389175415,False
10155,-1.6099999999999999,0.01,0,False
10156,-0.8099999999999999,0.01,0.27901870012283325,False
10157,-0.71,0.01,0.30339640378952026,False
10158,-0.91,0.01,0.3330945372581482,False
10159,-1.11,0.01,0,False
10160,-0.8099999999999999,0.01,0.82243812084198,False
10161,-0.92,0.01,1.6378731727600098,False
10162,-1.21,0.01,0.4153222441673279,False
10163,-1.11,0.01,0.39361679553985596,False
10164,-1.11,0.01,0.24682584404945374,False
10165,-1.02,0.01,1.1620233058929443,False
10166,-0.8099999999999999,0.01,2.004927635192871,False
10167,-1.3250000000000002,0.01,0.2812614142894745,False
10168,-0.30999999999999994,0.01,0.45284467935562134,False
10169,-1.01,0.01,4.836140155792236,False
10170,-1.91,0.01,0,False
10171,-0.8099999999999999,0.01,0.5114887356758118,False
10172,-1.11,0.01,0.37703579664230347,False
10173,-0.91,0.01,0.5337824821472168,False
10174,-1.21,0.01,0,False
10175,-0.8099999999999999,0.01,0.35432061553001404,False
10176,-1.315,0.01,0.342960000038147,False
10177,-0.41000000000000003,0.01,0.36788052320480347,False
10178,-1.215,0.01,0.5279785990715027,False
10179,-0.5099999999999999,0.01,1.2098371982574463,False
10180,-1.6099999999999999,0.01,0,False
10181,-0.525,0.01,1.0276861190795898,False
10182,-1.11,0.01,0.8706125617027283,False
10183,-1.11,0.01,0,False
10184,-0.725,0.01,0.5800840258598328,False
10185,-1.31,0.01,0.31598469614982605,False
10186,-0.71,0.01,0,False
10187,-1.71,0.01,0.2568818926811218,False
10188,-0.30999999999999994,0.01,0.3497012257575989,False
10189,-0.91,0.01,0.48900479078292847,False
10190,-1.61,0.01,0,False
10191,0.19500000000000006,0.01,0.9883695840835571,False
10192,-0.91,0.01,0.4032648801803589,False
10193,-1.31,0.01,0.4311482906341553,False
10194,-1.01,0.01,0,False
10195,-0.71,0.01,0.361600399017334,False
10196,-1.11,0.01,0.6585568189620972,False
10197,-1.625,0.01,0.3788565993309021,False
10198,-0.31999999999999995,0.01,0.4389295279979706,False
10199,-0.91,0.01,0,False
10200,-1.21,0.01,0.32135242223739624,False
10201,-0.9450000000000001,0.01,0.7906513015429179,False
10202,-1.01,0.01,0,False
10203,-1.01,0.01,0.5017873644828796,False
10204,-0.61,0.01,1.28067946434021,False
10205,-1.115,0.01,1.4905064105987549,False
10206,-1.21,0.01,0.3649541139602661,False
10207,-1.5100000000000002,0.01,0,False
10208,-0.4099999999999999,0.01,0.4338620901107788,False
10209,-1.51,0.01,1.3438013792037964,False
10210,-0.815,0.01,0.38929635286331177,False
10211,-1.4100000000000001,0.01,0.4134162962436676,False
10212,-1.01,0.01,0,False
10213,-1.01,0.01,0.3029431104660034,False
10214,-0.61,0.01,0.7306021451950073,False
10215,-1.81,0.01,0.4816993176937103,False
10216,-0.91,0.01,0,False
10217,-0.009999999999999787,0.01,0.8848661184310913,False
10218,-0.8099999999999999,0.01,0.5253927707672119,False
10219,-1.81,0.01,0.33928582072257996,False
10220,-0.91,0.01,0,False
10221,-0.51,0.01,2.0665390491485596,False
10222,-1.01,0.01,0.3974305987358093,False
10223,-1.21,0.01,0.35012489557266235,False
10224,-1.21,0.01,0,False
10225,-0.61,0.01,0.3425874412059784,False
10226,-1.31,0.01,0.7194241285324097,False
10227,0.19500000000000006,0.01,1.4412091970443726,False
10228,-1.51,0.01,0,False
10229,-1.01,0.01,0.9319303035736084,False
10230,-0.51,0.01,0.7059030532836914,False
10231,-1.4100000000000001,0.01,0.2368241399526596,False
10232,-0.4099999999999999,0.01,0,False
10233,-1.4100000000000001,0.01,0.3562607765197754,False
10234,-1.01,0.01,0.5364440679550171,False
10235,-0.5099999999999999,0.01,0.2872520387172699,False
10236,-1.31,0.01,0,False
10237,-1.81,0.01,0.3246612846851349,False
10238,-0.010000000000000009,0.01,0.33766770362854004,False
10239,-1.11,0.01,0.38567179441452026,False
10240,-1.21,0.01,0,False
10241,-1.61,0.01,0.401580274105072,False
10242,-0.10999999999999999,0.01,0.508404016494751,False
10243,-1.11,0.01,1.5789302587509155,False
10244,-1.31,0.01,0,False
10245,-1.21,0.01,0.38497093319892883,False
10246,-1.31,0.01,0.7958081960678101,False
10247,-0.30999999999999994,0.01,0.4497254192829132,False
10248,-1.6099999999999999,0.01,0,False
10249,-1.11,0.01,0.4674934446811676,False
10250,-0.12,0.01,0.4690741002559662,False
10251,-1.31,0.01,0.48449379205703735,False
10252,-1.21,0.01,0.28714051842689514,False
10253,-0.51,0.01,0.3695649206638336,False
10254,-1.11,0.01,0,False
10255,-1.11,0.01,0.3800939917564392,False
10256,-1.82,0.01,1.0571167469024658,False
10257,-0.5099999999999999,0.01,0.6415838003158569,False
10258,-0.30999999999999994,0.01,0.43020084500312805,False
10259,-1.11,0.01,0.36984342336654663,False
10260,-1.6099999999999999,0.01,0,False
10261,-0.61,0.01,0.41179952025413513,False
10262,-1.51,0.01,0.7149041891098022,False
10263,-0.82,0.01,0.3695604205131531,False
10264,-1.21,0.01,0.33722421526908875,False
10265,-1.125,0.01,0.31856924295425415,False
10266,-0.91,0.01,0.8476316928863525,False
10267,-0.72,0.01,0.5271966457366943,False
10268,-1.81,0.01,0.4725892245769501,False
10269,-0.009999999999999787,0.01,1.4451673030853271,False
10270,-1.81,0.01,0.3614116311073303,False
10271,-0.515,0.01,0.554809033870697,False
10272,-0.71,0.01,0,False
10273,-1.21,0.01,0.2551513910293579,False
10274,-0.61,0.01,0.6892184019088745,False
10275,-1.31,0.01,0.5897738337516785,False
10276,-1.225,0.01,0.32768356800079346,False
10277,-0.0050000000000000044,0.01,0.34251272678375244,False
10278,-0.91,0.01,0.24353906512260437,False
10279,-1.11,0.01,0,False
10280,-1.01,0.01,1.527121901512146,False
10281,-0.91,0.01,0.3273090124130249,False
10282,-0.61,0.01,0.2968711853027344,False
10283,-1.11,0.01,0,False
10284,-1.71,0.01,0.38449084758758545,False
10285,-1.11,0.01,0.31920433044433594,False
10286,-0.30999999999999994,0.01,0.31546837091445923,False
10287,-1.11,0.01,0,False
10288,-1.11,0.01,0.47637253999710083,False
10289,-1.11,0.01,0.36032235622406006,False
10290,-0.8099999999999999,0.01,0.20910735428333282,False
10291,-1.01,0.01,0,False
10292,-1.025,0.01,1.4805437177419662,False
10293,-1.21,0.01,0.3638520836830139,False
10294,-1.115,0.01,0.41635966300964355,False
10295,-0.51,0.01,0,False
10296,-1.925,0.01,0.644658699631691,False
10297,-0.30999999999999994,0.01,0.49969571828842163,False
10298,-1.12,0.01,0.366843581199646,False
10299,-1.01,0.01,0.4016587734222412,False
10300,-1.6150000000000002,0.01,0.3922448754310608,False
10301,-0.4099999999999999,0.01,0,False
10302,-0.815,0.01,0.2852625250816345,False
10303,-1.11,0.01,0.2738771140575409,False
10304,-1.125,0.01,0.40830329060554504,False
10305,-1.4100000000000001,0.01,0,False
10306,-0.71,0.01,1.089440941810608,False
10307,-0.71,0.01,0.34412771463394165,False
10308,-1.21,0.01,0.6578423976898193,False
10309,-1.11,0.01,0,False
10310,-1.32,0.01,0.4918001592159271,False
10311,-0.51,0.01,0,False
10312,-1.4100000000000001,0.01,0.42971813678741455,False
10313,-0.20999999999999996,0.01,0.3522150218486786,False
10314,-1.9100000000000001,0.01,1.4691978693008423,False
10315,-0.8099999999999999,0.01,0,False
10316,-0.5099999999999999,0.01,0.9585484266281128,False
10317,-1.42,0.01,1.0419931411743164,False
10318,-0.20499999999999996,0.01,0.3140282928943634,False
10319,-1.31,0.01,0.34995460510253906,False
10320,-0.10999999999999999,0.01,0.23736801743507385,False
10321,-1.21,0.01,0,False
10322,-0.91,0.01,9.370203018188477,False
10323,-1.31,0.01,1.2786524295806885,False
10324,-0.82,0.01,0.37925201654434204,False
10325,-1.425,0.01,0.4145401567220688,False
10326,-0.71,0.01,0,False
10327,-1.4100000000000001,0.01,0.3731098175048828,False
10328,-0.71,0.01,0.5759302377700806,False
10329,-1.21,0.01,0.31197458505630493,False
10330,-1.31,0.01,0,False
10331,-0.51,0.01,0.23557497560977936,False
10332,-1.11,0.01,0.7176151275634766,False
10333,-1.02,0.01,0.303102970123291,False
10334,-0.82,0.01,0.6486060619354248,False
10335,-1.31,0.01,0.49037209153175354,False
10336,-0.91,0.01,0.75229811668396,False
10337,-0.91,0.01,0.47518664598464966,False
10338,-0.71,0.01,0,False
10339,-1.21,0.01,0.30432555079460144,False
10340,-0.71,0.01,1.1856309175491333,False
10341,-1.4100000000000001,0.01,0.52253258228302,False
10342,-0.92,0.01,0.3116714358329773,False
10343,-1.4250000000000003,0.01,0.38997790217399597,False
10344,-0.915,0.01,0.26044487953186035,False
10345,-0.30999999999999994,0.01,3.0863940715789795,False
10346,-2.01,0.01,0.5113888382911682,False
10347,-0.815,0.01,0.36615145206451416,False
10348,-0.10999999999999999,0.01,0.6126223802566528,False
10349,-1.9100000000000001,0.01,0,False
10350,-0.8099999999999999,0.01,0.4484940469264984,False
10351,-1.01,0.01,0.3288284242153168,False
10352,-0.71,0.01,0.7392518520355225,False
10353,-1.31,0.01,0,False
10354,-1.71,0.01,4.554284572601318,False
10355,-0.5099999999999999,0.01,0.42322927713394165,False
10356,-0.82,0.01,0.26954978704452515,False
10357,-0.61,0.01,0.476372092962265,False
10358,-1.5100000000000002,0.01,3.1625895500183105,False
10359,-0.71,0.01,0,False
10360,-0.91,0.01,1.1127033233642578,False
10361,-0.82,0.01,0.4109093248844147,False
10362,-1.11,0.01,0.5805954337120056,False
10363,-1.025,0.01,0.9905864000320435,False
10364,-1.62,0.01,1.0628032684326172,False
10365,-1.01,0.01,0.60317063331604,False
10366,-0.71,0.01,0,False
10367,-0.61,0.01,0.5134941339492798,False
10368,-2.61,0.01,0.30631935596466064,False
10369,-0.014999999999999902,0.01,0.7789334058761597,False
10370,-1.51,0.01,0.9681621193885803,False
10371,-0.4099999999999999,0.01,0,False
10372,-1.11,0.01,0.33137398958206177,False
10373,-1.6099999999999999,0.01,0.6445245146751404,False
10374,-0.5249999999999999,0.01,0.33587390184402466,False
10375,-0.71,0.01,0.26018914580345154,False
10376,-1.115,0.01,0.4494059681892395,False
10377,-1.11,0.01,9.587569236755371,False
10378,-0.71,0.01,0.31415194272994995,False
10379,-0.91,0.01,0,False
10380,-1.62,0.01,0.5232747495174408,False
10381,-0.61,0.01,0,False
10382,-0.61,0.01,0.7796174883842468,False
10383,-1.5100000000000002,0.01,0.37655937671661377,False
10384,-1.11,0.01,0.31002819538116455,False
10385,-1.11,0.01,0,False
10386,-0.815,0.01,0.35898998379707336,False
10387,-0.41000000000000003,0.01,0.3010619878768921,False
10388,-1.725,0.01,0.532320648431778,False
10389,-1.21,0.01,0,False
10390,-0.30999999999999994,0.01,0.5150549411773682,False
10391,-1.53,0.01,0.4789961278438568,False
10392,-1.21,0.01,0.5155785083770752,False
10393,-1.21,0.01,0,False
10394,0.09000000000000008,0.01,0.2757986783981323,False
10395,-1.81,0.01,0.23402628302574158,False
10396,-0.71,0.01,0.7393174767494202,False
10397,-0.91,0.01,0,False
10398,-1.21,0.01,0.3823825418949127,False
10399,-0.61,0.01,0.7381954193115234,False
10400,-1.6099999999999999,0.01,0.4678940176963806,False
10401,-0.8099999999999999,0.01,0,False
10402,-1.01,0.01,0.3078232407569885,False
10403,-1.21,0.01,0.4907236397266388,False
10404,0.5899999999999999,0.01,0.30933862924575806,False
10405,-1.21,0.01,0.3633691966533661,False
10406,-1.21,0.01,0,False
10407,-0.8099999999999999,0.01,0.31578898429870605,False
10408,-0.91,0.01,0.48974013328552246,False
10409,-1.225,0.01,1.6442501544952393,False
10410,-1.11,0.01,1.6657429933547974,False
10411,-0.915,0.01,0.30406931042671204,False
10412,-1.01,0.01,0.2843754291534424,False
10413,-0.91,0.01,0.4327452778816223,False
10414,-1.51,0.01,0,False
10415,-0.915,0.01,0.7295148372650146,False
10416,-0.525,0.01,0.695847898721695,False
10417,-1.4100000000000001,0.01,0.44942140579223633,False
10418,-1.11,0.01,0,False
10419,-0.51,0.01,0.3910934031009674,False
10420,-0.91,0.01,0.8019164204597473,False
10421,-1.4100000000000001,0.01,2.3591604232788086,False
10422,-1.6099999999999999,0.01,0,False
10423,0.09000000000000008,0.01,0.23540715873241425,False
10424,-1.21,0.01,0.2953770160675049,False
10425,-1.11,0.01,0.32521992921829224,False
10426,-1.21,0.01,0,False
10427,-1.01,0.01,0.5283366441726685,False
10428,-0.41000000000000003,0.01,0.34850001335144043,False
10429,-1.12,0.01,0.5956345796585083,False
10430,-1.31,0.01,0.5096352100372314,False
10431,-0.91,0.01,0.7801287174224854,False
10432,-1.21,0.01,0,False
10433,-1.81,0.01,1.170138955116272,False
10434,0.09000000000000008,0.01,2.531773567199707,False
10435,-1.6099999999999999,0.01,0.45541924238204956,False
10436,-1.025,0.01,0.3756067156791687,False
10437,-0.825,0.01,0.3607982397079468,False
10438,-0.81,0.01,0,False
10439,-1.31,0.01,0.24458076059818268,False
10440,-0.71,0.01,0.7092764377593994,False
10441,-1.6099999999999999,0.01,0.338811993598938,False
10442,-0.10999999999999999,0.01,0,False
10443,-1.21,0.01,1.687270164489746,False
10444,-1.51,0.01,0.3284870982170105,False
10445,-0.8099999999999999,0.01,1.1380188465118408,False
10446,-1.115,0.01,0.4258192181587219,False
10447,-0.8099999999999999,0.01,0,False
10448,-0.925,0.01,1.2201082110404968,False
10449,-1.9100000000000001,0.01,0.3942054808139801,False
10450,-0.5099999999999999,0.01,0,False
10451,-0.615,0.01,0.35067272186279297,False
10452,-1.61,0.01,0.17471781373023987,False
10453,-0.515,0.01,0.7815896272659302,False
10454,-0.8099999999999999,0.01,0.428447425365448,False
10455,-1.4100000000000001,0.01,0.5574215054512024,False
10456,-1.025,0.01,0.43133947253227234,False
10457,-0.91,0.01,0.514228105545044,False
10458,-0.8099999999999999,0.01,4.027677536010742,False
10459,-0.050000000000000044,0.01,0.32523656884829205,False
10460,-1.21,0.01,0,False
10461,-0.845,0.01,2.7603331903616586,False
10462,-0.61,0.01,0.35675910115242004,False
10463,-1.01,0.01,0,False
10464,-1.21,0.01,1.2599964141845703,False
10465,-1.5100000000000002,0.01,0.9811480045318604,False
10466,-0.61,0.01,0.94029700756073,False
10467,-0.915,0.01,0.605341374874115,False
10468,-0.91,0.01,0,False
10469,-1.525,0.01,0.5479246377944946,False
10470,-0.61,0.01,0.4620206654071808,False
10471,-1.9100000000000001,0.01,0,False
10472,-0.30999999999999994,0.01,1.424662470817566,False
10473,-2.21,0.01,0.454872190952301,False
10474,0.3900000000000001,0.01,0.4850892126560211,False
10475,-1.51,0.01,0,False
10476,-0.81,0.01,0.6681613922119141,False
10477,-0.71,0.01,0.8331007957458496,False
10478,-0.91,0.01,0.2992085814476013,False
10479,-1.725,0.01,0.8531844615936279,False
10480,-0.30999999999999994,0.01,0.6199873685836792,False
10481,-1.32,0.01,0.3101135194301605,False
10482,-1.3250000000000002,0.01,1.0778227746486664,False
10483,-0.71,0.01,0,False
10484,-1.925,0.01,0.5065727829933167,False
10485,0.4950000000000001,0.01,6.0325775146484375,False
10486,-0.91,0.01,0,False
10487,-0.61,0.01,0.8795837163925171,False
10488,-1.01,0.01,0.3439326286315918,False
10489,-1.42,0.01,0.5786030292510986,False
10490,-0.815,0.01,1.0929322242736816,False
10491,-0.61,0.01,0.33323922753334045,False
10492,-1.5100000000000002,0.01,0.3169756531715393,False
10493,-1.01,0.01,0,False
10494,-0.41000000000000003,0.01,0.4838736653327942,False
10495,-2.01,0.01,0.23480138182640076,False
10496,-0.5199999999999999,0.01,0.38369888067245483,False
10497,-0.8099999999999999,0.01,0.35404929518699646,False
10498,-1.02,0.01,0.5032793879508972,False
10499,-1.525,0.01,1.3421270549297333,False
10500,-0.825,0.01,1.100095272064209,False
10501,-0.51,0.01,0.36891502141952515,False
10502,-1.12,0.01,0.29700589179992676,False
10503,-1.4100000000000001,0.01,0.2740292251110077,False
10504,-0.715,0.01,0.9999765157699585,False
10505,-1.9100000000000001,0.01,0.3923199772834778,False
10506,-0.30999999999999994,0.01,0,False
10507,-1.11,0.01,4.423938751220703,False
10508,-1.01,0.01,0.5657122135162354,False
10509,-1.01,0.01,0.32787424325942993,False
10510,-1.21,0.01,0,False
10511,-0.8099999999999999,0.01,0.39918506145477295,False
10512,-0.725,0.01,0.3163999319076538,False
10513,-1.71,0.01,0,False
10514,-0.91,0.01,0.4422121047973633,False
10515,-0.715,0.01,0.6628122329711914,False
10516,-0.91,0.01,0.28261253237724304,False
10517,-1.52,0.01,0.7835436463356018,False
10518,-0.20999999999999996,0.01,0.6823298335075378,False
10519,-1.21,0.01,0.40797731280326843,False
10520,-1.0150000000000001,0.01,0.6768605709075928,False
10521,-0.82,0.01,0.27452242374420166,False
10522,-1.62,0.01,0.33236950635910034,False
10523,-1.21,0.01,2.5190298557281494,False
10524,-0.6249999999999999,0.01,0.6542797684669495,False
10525,-1.23,0.01,0.9317151457071304,False
10526,-0.30999999999999994,0.01,0.3604382276535034,False
10527,-1.51,0.01,0.5439119338989258,False
10528,-1.11,0.01,0,False
10529,-0.725,0.01,0.6632853746414185,False
10530,-1.01,0.01,0.4563036561012268,False
10531,-1.71,0.01,0,False
10532,-0.30999999999999994,0.01,0.3440350294113159,False
10533,-0.91,0.01,0.841367781162262,False
10534,-0.91,0.01,0.4069438576698303,False
10535,-1.4100000000000001,0.01,0,False
10536,-0.42500000000000004,0.01,0.5723978877067566,False
10537,-1.115,0.01,0.2551462650299072,False
10538,-1.4100000000000001,0.01,0.30260971188545227,False
10539,-0.51,0.01,0,False
10540,-1.21,0.01,0.835969090461731,False
10541,-1.5100000000000002,0.01,0.3942858576774597,False
10542,-1.21,0.01,0.32881417870521545,False
10543,-1.31,0.01,0,False
10544,0.09000000000000008,0.01,0.15906238555908203,False
10545,-1.23,0.01,0.748506709933281,False
10546,-1.01,0.01,0.28819191455841064,False
10547,-0.91,0.01,0,False
10548,-2.11,0.01,0.756521463394165,False
10549,-0.42500000000000004,0.01,0.29868872463703156,False
10550,-0.61,0.01,0,False
10551,-0.91,0.01,1.4103833436965942,False
10552,-1.625,0.01,0.7748997509479523,False
10553,-0.61,0.01,0,False
10554,-1.215,0.01,1.0406512022018433,False
10555,-0.91,0.01,0.39538317918777466,False
10556,-0.61,0.01,0.4053402245044708,False
10557,-1.71,0.01,0.7433170080184937,False
10558,-0.81,0.01,0,False
10559,-0.715,0.01,0.38538697361946106,False
10560,-1.11,0.01,5.710416316986084,False
10561,-0.825,0.01,0.42720702290534973,False
10562,-1.71,0.01,0,False
10563,-0.72,0.01,1.1986129879951477,False
10564,-0.91,0.01,0,False
10565,-1.11,0.01,2.796419143676758,False
10566,-0.81,0.01,0.8334313631057739,False
10567,-0.725,0.01,0.6872690916061401,False
10568,-1.61,0.01,0.25008857250213623,False
10569,-0.61,0.01,0.2977481484413147,False
10570,-1.21,0.01,0.37528103590011597,False
10571,-1.22,0.01,0.4544081389904022,False
10572,-1.11,0.01,0.45354655385017395,False
10573,-1.01,0.01,0,False
10574,-1.215,0.01,0.5477617383003235,False
10575,-0.52,0.01,0.4254864752292633,False
10576,-1.435,0.01,0.3984772562980652,False
10577,-1.115,0.01,0.29081547260284424,False
10578,-1.025,0.01,0.29553818702697754,False
10579,-0.20999999999999996,0.01,0.2820822596549988,False
10580,-1.71,0.01,0.35358721017837524,False
10581,-1.01,0.01,0,False
10582,-0.10999999999999999,0.01,0.4679357409477234,False
10583,-1.6099999999999999,0.01,0.39745643734931946,False
10584,-0.62,0.01,0.6681455373764038,False
10585,-1.31,0.01,0.32432621717453003,False
10586,-1.425,0.01,0.2950690984725952,False
10587,-0.62,0.01,0.6864368766546249,False
10588,-0.845,0.01,1.2911659181118011,False
10589,-1.31,0.01,0.9584798216819763,False
10590,-0.725,0.01,0.23671314120292664,False
10591,-0.61,0.01,0.4155299663543701,False
10592,-1.925,0.01,0.3876945674419403,False
10593,-1.3250000000000002,0.01,5.806578159332275,False
10594,-0.31999999999999995,0.01,0.3286588191986084,False
10595,-0.71,0.01,0.4506182372570038,False
10596,-1.3400000000000003,0.01,0.5865812599658966,False
10597,-1.51,0.01,0.4629613757133484,False
10598,-0.51,0.01,1.1073307991027832,False
10599,-1.01,0.01,0.28905975818634033,False
10600,-1.0150000000000001,0.01,0.2604641616344452,False
10601,-1.31,0.01,0,False
10602,-0.51,0.01,0.4647064805030823,False
10603,-1.62,0.01,0.25020575523376465,False
10604,-1.02,0.01,1.5446648597717285,False
10605,-0.11499999999999999,0.01,0.18503069877624512,False
10606,-2.01,0.01,0,False
10607,-1.11,0.01,0.4552701711654663,False
10608,-1.21,0.01,0.27018800377845764,False
10609,-0.10999999999999999,0.01,0.37633055448532104,False
10610,-1.11,0.01,0,False
10611,-0.715,0.01,0.45073485374450684,False
10612,-1.615,0.01,0.29146435856819153,False
10613,-0.825,0.01,0.49360421299934387,False
10614,-0.71,0.01,0.7360267639160156,False
10615,-0.925,0.01,0.5079692602157593,False
10616,-1.6150000000000002,0.01,1.7348953485488892,False
10617,-1.21,0.01,1.9926066398620605,False
10618,-0.42499999999999993,0.01,0.4311404526233673,False
10619,-1.215,0.01,0.363081157207489,False
10620,-0.61,0.01,0.419824481010437,False
10621,-1.4100000000000001,0.01,0.3371824026107788,False
10622,-1.82,0.01,0.3676301836967468,False
10623,-0.10999999999999999,0.01,0.6414012908935547,False
10624,0.29499999999999993,0.01,0.32895785570144653,False
10625,-0.91,0.01,0,False
10626,-1.6150000000000002,0.01,0.23654122650623322,False
10627,-0.62,0.01,0.43724387884140015,False
10628,-1.0150000000000001,0.01,0.2979620695114136,False
10629,-1.21,0.01,0,False
10630,-1.51,0.01,0.7483673095703125,False
10631,-0.515,0.01,0.41875159740448,False
10632,-1.6099999999999999,0.01,0.3434559106826782,False
10633,-1.11,0.01,0.84441077709198,False
10634,-0.41000000000000003,0.01,0,False
10635,-0.61,0.01,0.3161023259162903,False
10636,-1.31,0.01,0.9910635352134705,False
10637,-0.73,0.01,1.053542584180832,False
10638,-1.415,0.01,0.5922859907150269,False
10639,-1.51,0.01,0,False
10640,-1.4300000000000002,0.01,0.8695469498634338,False
10641,-0.7399999999999999,0.01,0.39786742627620697,False
10642,-0.4149999999999999,0.01,0.40607699751853943,False
10643,-0.73,0.01,0.3092173933982849,False
10644,-1.4100000000000001,0.01,0.6222308874130249,False
10645,-0.41000000000000003,0.01,0.22373442351818085,False
10646,-1.9300000000000002,0.01,1.6772546768188477,False
10647,-0.44500000000000006,0.01,0.5505665093660355,False
10648,-1.52,0.01,0.442081093788147,False
10649,-1.02,0.01,0.3264087736606598,False
10650,-1.11,0.01,0.2994147539138794,False
10651,-0.4149999999999999,0.01,0.4159587323665619,False
10652,-0.915,0.01,1.646268606185913,False
10653,-1.31,0.01,0.3413561284542084,False
10654,-1.04,0.01,0.29977773129940033,False
10655,-1.6400000000000001,0.01,0.8744269162416458,False
10656,-0.5099999999999999,0.01,1.0322386026382446,False
10657,-1.51,0.01,0.46688181161880493,False
10658,-1.035,0.01,0.3284084349870682,False
10659,-0.4099999999999999,0.01,0.3223058581352234,False
10660,-1.0150000000000001,0.01,0.30453068017959595,False
10661,-0.81,0.01,0,False
10662,-1.925,0.01,0.6273726224899292,False
10663,-0.20999999999999996,0.01,0.6940881013870239,False
10664,-1.12,0.01,0.6404083967208862,False
10665,-1.1500000000000001,0.01,0.4191117485364278,False
10666,-0.8099999999999999,0.01,0,False
10667,-0.61,0.01,1.2476248741149902,False
10668,-1.5150000000000001,0.01,29.434831619262695,False
10669,-0.71,0.01,0.9454406499862671,False
10670,-1.71,0.01,0.8457683324813843,False
10671,0.685,0.01,0.36458730697631836,False
10672,-0.73,0.01,0.4358641505241394,False
10673,-1.82,0.01,0.488010048866272,False
10674,-0.91,0.01,0.3339935541152954,False
10675,-0.63,0.01,0.29228466749191284,False
10676,-1.21,0.01,0.38264966011047363,False
10677,-0.74,0.01,0.7957300990819931,False
10678,-1.11,0.01,0.8776127099990845,False
10679,-0.8099999999999999,0.01,0.41451123356819153,False
10680,-1.4100000000000001,0.01,0.28067588806152344,False
10681,-1.01,0.01,0,False
10682,-1.01,0.01,0.34800806641578674,False
10683,-1.11,0.01,0.46310651302337646,False
10684,0.2749999999999999,0.01,0.5349314510822296,False
10685,-1.415,0.01,1.3592573404312134,False
10686,-1.11,0.01,0,False
10687,-0.8300000000000001,0.01,0.557146817445755,False
10688,-0.81,0.01,0.3057927191257477,False
10689,-1.21,0.01,0.36689287424087524,False
10690,-1.0150000000000001,0.01,0.4870408773422241,False
10691,-0.93,0.01,0.2673329710960388,False
10692,-1.115,0.01,0.3920624256134033,False
10693,-1.0150000000000001,0.01,0.8573063015937805,False
10694,-1.215,0.01,0.8412368893623352,False
10695,-1.01,0.01,0.397102028131485,False
10696,-0.665,0.01,1.0083933919668198,False
10697,-1.11,0.01,0,False
10698,-0.91,0.01,1.0501806735992432,False
10699,-0.03499999999999992,0.01,0.5179223567247391,False
10700,-1.32,0.01,0.3952271267771721,False
10701,-1.245,0.01,0.5242736637592316,False
10702,-0.5099999999999999,0.01,0.2576247453689575,False
10703,-1.71,0.01,0.6823311448097229,False
10704,-1.645,0.01,0.5867676138877869,False
10705,-0.1299999999999999,0.01,0.34458985924720764,False
10706,-0.915,0.01,0.2947114408016205,False
10707,-0.81,0.01,0.37571436166763306,False
10708,-1.135,0.01,0.4051760286092758,False
10709,-0.8099999999999999,0.01,0,False
10710,-2.135,0.01,0.605302482843399,False
10711,-0.10999999999999999,0.01,1.1086068153381348,False
10712,-0.61,0.01,0.31969448924064636,False
10713,-1.5100000000000002,0.01,0.3420659303665161,False
10714,-1.21,0.01,0,False
10715,-0.825,0.01,0.5741976946592331,False
10716,-1.0150000000000001,0.01,0.4197641611099243,False
10717,-1.12,0.01,0.3325837552547455,False
10718,-0.82,0.01,0.6173576712608337,False
10719,-0.8099999999999999,0.01,0.3685908019542694,False
10720,-1.9100000000000001,0.01,0.6266387104988098,False
10721,-0.42499999999999993,0.01,0.28974899649620056,False
10722,-1.125,0.01,1.0872368812561035,False
10723,-0.41999999999999993,0.01,1.1742290258407593,False
10724,-1.54,0.01,0.3751644343137741,False
10725,-1.23,0.01,0.7540425956249237,False
10726,-0.62,0.01,0.3968654274940491,False
10727,-0.81,0.01,0.40364721417427063,False
10728,-0.925,0.01,0.43315863609313965,False
10729,-1.03,0.01,0.39779648184776306,False
10730,-1.61,0.01,0.37599068880081177,False
10731,-0.52,0.01,0.20986703038215637,False
10732,-1.025,0.01,0.3055298328399658,False
10733,-1.81,0.01,0.31814542412757874,False
10734,-0.009999999999999787,0.01,0,False
10735,-1.21,0.01,0.27657708525657654,False
10736,-1.24,0.01,1.003298431634903,False
10737,-1.5350000000000001,0.01,0.3159143477678299,False
10738,-0.015000000000000013,0.01,0.3465486764907837,False
10739,-2.6399999999999997,0.01,0.3718145589033763,False
10740,0.3800000000000001,0.01,0.23751069605350494,False
10741,-1.3400000000000003,0.01,0.4761256277561188,False
10742,-0.009999999999999787,0.01,0.21095570921897888,False
10743,-0.91,0.01,0.3302873969078064,False
10744,-1.4100000000000001,0.01,0.6301524341106415,False
10745,-0.925,0.01,0.355617880821228,False
10746,-1.5100000000000002,0.01,0.379830002784729,False
10747,-1.125,0.01,0.42585012316703796,False
10748,-0.5299999999999999,0.01,0.4295532703399658,False
10749,-0.15999999999999992,0.01,0.4035751596093178,False
10750,-1.125,0.01,0.845481812953949,False
10751,-0.30999999999999994,0.01,1.414620041847229,False
10752,-0.91,0.01,0.39274197816848755,False
10753,-1.31,0.01,0,False
10754,-0.82,0.01,0.7693539559841156,False
10755,-1.81,0.01,0,False
10756,-0.52,0.01,0.49644628167152405,False
10757,-0.9700000000000001,0.01,0.4845771789550781,False
10758,-0.8099999999999999,0.01,0.26764482259750366,False
10759,-1.335,0.01,0.8398001492023468,False
10760,-1.02,0.01,0.2384488433599472,False
10761,-1.8599999999999999,0.01,0.40947162359952927,False
10762,-0.85,0.01,0.5749313235282898,False
10763,-1.355,0.01,0.522167851527532,False
10764,-0.43499999999999994,0.01,1.063597708940506,False
10765,-0.8099999999999999,0.01,0.3718203604221344,False
10766,-1.7200000000000002,0.01,0.41613006591796875,False
10767,-0.44000000000000006,0.01,0.6216856638590494,False
10768,-0.625,0.01,0.3784652352333069,False
10769,-1.6099999999999999,0.01,0.38661661744117737,False
10770,-0.515,0.01,0.5227565765380859,False
10771,-0.815,0.01,0.41493549942970276,False
10772,-2.0250000000000004,0.01,0.8670588731765747,False
10773,0.39500000000000024,0.01,0.2779972553253174,False
10774,-0.5199999999999999,0.01,1.7190812826156616,False
10775,-1.135,0.01,0.4558992385864258,False
10776,-1.7349999999999999,0.01,0.4189794957637787,False
10777,-0.3500000000000001,0.01,0.3036942680676778,False
10778,-0.935,0.01,0.40322960913181305,False
10779,-1.62,0.01,0.2977207899093628,False
10780,-0.30999999999999994,0.01,0.25867655873298645,False
10781,-1.42,0.01,0.6129769086837769,False
10782,-1.4450000000000003,0.01,0.7513183951377869,False
10783,-0.30000000000000004,0.01,0.36264966428279877,False
10784,-1.31,0.01,0.2627485394477844,False
10785,-0.83,0.01,0.35521528124809265,False
10786,-0.054999999999999716,0.01,0.5027018984158834,False
10787,-0.025000000000000022,0.01,0.3982242941856384,False
10788,-2.0250000000000004,0.01,0.46489599347114563,False
10789,-0.5099999999999999,0.01,0.29338958859443665,False
10790,-1.645,0.01,0.3617303818464279,False
10791,-0.8200000000000001,0.01,0.546093612909317,False
10792,-0.7349999999999999,0.01,0.6625448763370514,False
10793,-0.815,0.01,2.6517393589019775,False
10794,-0.9750000000000001,0.01,0.30501095205545425,False
10795,-1.07,0.01,0.42194708188374835,False
10796,-1.11,0.01,0.1471087783575058,False
10797,-1.425,0.01,0.44920842349529266,False
10798,-0.33000000000000007,0.01,0.41320550441741943,False
10799,-1.025,0.01,0.2990454137325287,False
10800,-1.025,0.01,0.3305971026420593,False
10801,-0.93,0.01,0.4241180568933487,False
10802,-1.0350000000000001,0.01,0.484351247549057,False
10803,-1.12,0.01,0.8076770901679993,False
10804,-1.01,0.01,0.29727908968925476,False
10805,-1.335,0.01,0.5546373277902603,False
10806,-1.03,0.01,0.31734606623649597,False
10807,-1.4300000000000002,0.01,0.746697187423706,False
10808,-0.06000000000000005,0.01,0.40917958815892536,False
10809,-1.4100000000000001,0.01,0.33402708172798157,False
10810,-2.05,0.01,0.30617181956768036,False
10811,-0.0349999999999997,0.01,0.4641619175672531,False
10812,-1.115,0.01,0.2955630421638489,False
10813,-0.54,0.01,0.26689426600933075,False
10814,-2.2199999999999998,0.01,0.5655326843261719,False
10815,-0.915,0.01,0.3234005570411682,False
10816,-0.41500000000000004,0.01,0.5239996910095215,False
10817,-1.155,0.01,0.6200176278750101,False
10818,-1.665,0.01,0.6359211007754008,False
10819,-0.22499999999999998,0.01,0.7528198659420013,False
10820,-1.415,0.01,0.33047425746917725,False
10821,-0.22999999999999998,0.01,0.3302571773529053,False
10822,-1.415,0.01,0.49759817123413086,False
10823,-1.04,0.01,0.7694741785526276,False
10824,-0.91,0.01,2.037053346633911,False
10825,-1.51,0.01,0,False
10826,-0.61,0.01,0.38356953859329224,False
10827,-1.525,0.01,0.7976815849542618,False
10828,-1.235,0.01,0.2797289788722992,False
10829,0.6399999999999997,0.01,0.7334914257129034,False
10830,-0.74,0.01,0.5949581265449524,False
10831,-1.215,0.01,0.26566219329833984,False
10832,-0.94,0.01,0.610510249932607,False
10833,-1.51,0.01,0,False
10834,-0.3350000000000001,0.01,0.6446457654237747,False
10835,-1.6400000000000001,0.01,0.3902933597564697,False
10836,-0.74,0.01,0.6642331033945084,False
10837,-1.525,0.01,0.3203866481781006,False
10838,-0.21499999999999997,0.01,0.3040599524974823,False
10839,-1.315,0.01,0.29280203580856323,False
10840,-1.32,0.01,0.34163784980773926,False
10841,-1.15,0.01,0.33020414412021637,False
10842,-0.5299999999999999,0.01,1.0449011325836182,False
10843,-1.1400000000000001,0.01,0.3167337104678154,False
10844,-0.915,0.01,0.39435186982154846,False
10845,-1.3400000000000003,0.01,0.45060903827349347,False
10846,-0.73,0.01,0.34541767835617065,False
10847,-1.6099999999999999,0.01,0.7600006461143494,False
10848,0.19499999999999984,0.01,0.4183669090270996,False
10849,-1.0150000000000001,0.01,0.3652477264404297,False
10850,-0.815,0.01,0.3117460310459137,False
10851,-0.55,0.01,1.219568024079005,False
10852,-1.5150000000000001,0.01,0.34373340010643005,False
10853,-2.06,0.01,0.39161669214566547,False
10854,-0.5399999999999999,0.01,0.39478081464767456,False
10855,-1.31,0.01,0.3477373719215393,False
10856,-0.009999999999999787,0.01,0.49635130167007446,False
10857,-1.12,0.01,0.19686496257781982,False
10858,-1.9100000000000001,0.01,0.398514062166214,False
10859,-0.20999999999999996,0.01,0,False
10860,-1.62,0.01,0.34334032237529755,False
10861,-0.2600000000000001,0.01,0.35351922114690143,False
10862,-1.75,0.01,0.8473777174949646,False
10863,-0.625,0.01,0.341372013092041,False
10864,-1.77,0.01,0.8491025865077972,False
10865,-0.20999999999999996,0.01,0.2921220064163208,False
10866,-1.31,0.01,0,False
10867,-1.21,0.01,0.2637460231781006,False
10868,-0.12,0.01,0.390237420797348,False
10869,-1.6099999999999999,0.01,0.36470314860343933,False
10870,-1.025,0.01,0.5479156970977783,False
10871,-0.41000000000000003,0.01,0,False
10872,-1.6400000000000001,0.01,0.972894569238027,False
10873,-0.825,0.01,0.3016008138656616,False
10874,-0.91,0.01,0.35957324504852295,False
10875,-1.32,0.01,0.5374177694320679,False
10876,-1.21,0.01,0.2729859948158264,False
10877,-0.635,0.01,0.276468962430954,False
10878,-1.6350000000000002,0.01,0.3228972256183624,False
10879,-0.825,0.01,0.39376187324523926,False
10880,-0.92,0.01,0.239810049533844,False
10881,-0.61,0.01,0,False
10882,-1.625,0.01,0.3349568247795105,False
10883,-0.62,0.01,0.5112789273262024,False
10884,-1.335,0.01,1.5630212277173996,False
10885,-0.32499999999999996,0.01,0.2798425853252411,False
10886,-1.215,0.01,0.5998002290725708,False
10887,-1.32,0.01,0.3256981372833252,False
10888,-1.225,0.01,0.26346445083618164,False
10889,-1.215,0.01,1.0000689029693604,False
10890,-0.72,0.01,0.2736838459968567,False
10891,-0.71,0.01,0,False
10892,-0.71,0.01,0.5001798868179321,False
10893,-1.4100000000000001,0.01,0.45720601081848145,False
10894,-0.71,0.01,0.30838078260421753,False
10895,-2.135,0.01,0.5922601968050003,False
10896,-0.22499999999999998,0.01,0.3140406608581543,False
10897,-1.22,0.01,0.34797975420951843,False
10898,-0.82,0.01,0.6044809818267822,False
10899,-1.135,0.01,0.2751395106315613,False
10900,-1.01,0.01,0,False
10901,0.4949999999999999,0.01,0.3330646753311157,False
10902,-1.24,0.01,0.4595843702554703,False
10903,-1.02,0.01,7.316540360450745,False
10904,-0.71,0.01,0,False
10905,-1.54,0.01,0.6258617242177328,False
10906,-1.01,0.01,0,False
10907,-1.415,0.01,0.3377250134944916,False
10908,-1.21,0.01,0.2782347500324249,False
10909,-0.71,0.01,0.19576747715473175,False
10910,-0.61,0.01,0.27223408222198486,False
10911,-1.31,0.01,0,False
10912,-0.82,0.01,0.5056045204401016,False
10913,-1.21,0.01,0,False
10914,-1.01,0.01,1.2065964937210083,False
10915,-0.62,0.01,0.2777473032474518,False
10916,-0.91,0.01,0.43807297945022583,False
10917,-1.425,0.01,0.32100096344947815,False
10918,-0.91,0.01,0,False
10919,-1.01,0.01,0.5251244306564331,False
10920,-0.825,0.01,0.5729232430458069,False
10921,-1.4100000000000001,0.01,0,False
10922,-1.51,0.01,3.4754371643066406,False
10923,-0.010000000000000009,0.01,0.4264274537563324,False
10924,-0.8099999999999999,0.01,0.3340146243572235,False
10925,-1.32,0.01,0.39372700452804565,False
10926,-1.51,0.01,0.3797643184661865,False
10927,-0.83,0.01,0.35707905888557434,False
10928,-0.5099999999999999,0.01,0.32984471321105957,False
10929,-1.1300000000000001,0.01,0.5533181875944138,False
10930,-1.7200000000000002,0.01,0.3132983148097992,False
10931,-0.5099999999999999,0.01,0.5859279632568359,False
10932,-1.215,0.01,0.543969452381134,False
10933,-1.11,0.01,0.30696046352386475,False
10934,-0.62,0.01,1.149978518486023,False
10935,-0.8099999999999999,0.01,1.087649941444397,False
10936,-1.52,0.01,0.5569325685501099,False
10937,-1.21,0.01,0.7949550747871399,False
10938,-1.6099999999999999,0.01,0,False
10939,-0.01499999999999968,0.01,0.2189648151397705,False
10940,-1.4100000000000001,0.01,0.28295838832855225,False
10941,-0.4099999999999999,0.01,0.2840268015861511,False
10942,-1.31,0.01,0.5265698432922363,False
10943,-0.8099999999999999,0.01,0,False
10944,-0.8099999999999999,0.01,0.31256186962127686,False
10945,-1.32,0.01,0.70499187707901,False
10946,-1.715,0.01,0.47226059436798096,False
10947,0.9950000000000001,0.01,0.31527942419052124,False
10948,-0.91,0.01,0.3470153212547302,False
10949,-1.9100000000000001,0.01,0.9450364112854004,False
10950,-1.21,0.01,0,False
10951,-0.925,0.01,0.37382349371910095,False
10952,-0.030000000000000027,0.01,0.343410462141037,False
10953,-1.5150000000000001,0.01,1.2580729722976685,False
10954,-1.31,0.01,0,False
10955,-1.4100000000000001,0.01,0.366402268409729,False
10956,-0.71,0.01,0.4459989666938782,False
10957,-0.92,0.01,0.367353618144989,False
10958,-1.11,0.01,0.7522501945495605,False
10959,-1.01,0.01,0.384526789188385,False
10960,-1.21,0.01,0,False
10961,-0.12,0.01,0.3051254600286484,False
10962,-1.025,0.01,0.33248406648635864,False
10963,-1.9100000000000001,0.01,0.2849593162536621,False
10964,-0.4099999999999999,0.01,1.3231520652770996,False
10965,-0.82,0.01,2.1896896362304688,False
10966,-2.2199999999999998,0.01,0.4203845262527466,False
10967,-0.61,0.01,1.564784049987793,False
10968,-0.8099999999999999,0.01,0.3597199320793152,False
10969,-0.30999999999999994,0.01,0,False
10970,-0.915,0.01,1.270060420036316,False
10971,-1.4100000000000001,0.01,0.34006571769714355,False
10972,-0.91,0.01,2.8521556854248047,False
10973,-1.415,0.01,0.39030352234840393,False
10974,-0.71,0.01,0.3622434735298157,False
10975,-0.825,0.01,0.38695698976516724,False
10976,-1.5100000000000002,0.01,0.393080472946167,False
10977,-1.21,0.01,0.24874496459960938,False
10978,-0.735,0.01,0.46652108430862427,False
10979,-0.71,0.01,0,False
10980,-1.215,0.01,0.7656451463699341,False
10981,-0.81,0.01,0.4933101534843445,False
10982,-1.01,0.01,0.43633490800857544,False
10983,-0.8099999999999999,0.01,0.42621123790740967,False
10984,-1.9100000000000001,0.01,0,False
10985,-0.935,0.01,0.3432086855173111,False
10986,-1.4300000000000002,0.01,0.3311706408858299,False
10987,-0.009999999999999787,0.01,0.5735969543457031,False
10988,-1.02,0.01,0.6423056721687317,False
10989,-1.125,0.01,0.30402110517024994,False
10990,-0.91,0.01,0,False
10991,-0.825,0.01,0.2940070182085037,False
10992,-2.12,0.01,0.23539981245994568,False
10993,-0.20999999999999996,0.01,0.38520851731300354,False
10994,-0.91,0.01,0.3297404646873474,False
10995,-1.01,0.01,0,False
10996,-1.9100000000000001,0.01,1.6371755599975586,False
10997,0.19000000000000017,0.01,0.7373132109642029,False
10998,-1.21,0.01,0.26762479543685913,False
10999,-0.91,0.01,0,False
11000,-2.2199999999999998,0.01,0.9209287166595459,False
11001,-0.30999999999999994,0.01,0,False
11002,-0.8099999999999999,0.01,0.5111855864524841,False
11003,-0.81,0.01,0.4246353507041931,False
11004,-1.01,0.01,0.3883891701698303,False
11005,-1.11,0.01,0,False
11006,-1.31,0.01,0.8526594638824463,False
11007,-0.81,0.01,4.222917556762695,False
11008,-0.725,0.01,0.28697505593299866,False
11009,-1.71,0.01,0.36215388774871826,False
11010,0.4949999999999999,0.01,1.4517300128936768,False
11011,-1.31,0.01,0.41992563009262085,False
11012,-0.4099999999999999,0.01,0,False
11013,-0.91,0.01,1.2819668054580688,False
11014,-1.21,0.01,0.7139653563499451,False
11015,-1.02,0.01,0.3509056866168976,False
11016,-1.9100000000000001,0.01,5.285028457641602,False
11017,-0.61,0.01,0.2910930812358856,False
11018,-0.91,0.01,0,False
11019,-0.41000000000000003,0.01,0.4048806428909302,False
11020,-1.11,0.01,0.2811344265937805,False
11021,-1.7200000000000002,0.01,0.7586560249328613,False
11022,-0.71,0.01,0.2153262495994568,False
11023,-1.6099999999999999,0.01,0.2970981299877167,False
11024,-0.42999999999999994,0.01,0.3965985178947449,False
11025,-0.61,0.01,0.3416142165660858,False
11026,-1.7200000000000002,0.01,0.7806780338287354,False
11027,-1.31,0.01,0.9061074256896973,False
11028,-0.5099999999999999,0.01,0.2650512754917145,False
11029,-0.91,0.01,0.2191925048828125,False
11030,-0.71,0.01,0,False
11031,-1.11,0.01,0.2656611502170563,False
11032,-0.10499999999999998,0.01,0.3351803421974182,False
11033,-1.51,0.01,0.33193132281303406,False
11034,-0.71,0.01,0,False
11035,0.395,0.01,0.3621618151664734,False
11036,-1.525,0.01,0.34922055900096893,False
11037,-0.61,0.01,0,False
11038,-1.4100000000000001,0.01,0.2367992103099823,False
11039,-1.12,0.01,0.27440720796585083,False
11040,-0.6249999999999999,0.01,0.38437727093696594,False
11041,-1.71,0.01,0.30580949783325195,False
11042,-0.21499999999999997,0.01,0.28854772448539734,False
11043,-1.01,0.01,0,False
11044,-1.02,0.01,0.5534491539001465,False
11045,-2.01,0.01,0,False
11046,-0.21499999999999997,0.01,0.3236594796180725,False
11047,-1.21,0.01,0.4355897605419159,False
11048,-0.51,0.01,0.5291756391525269,False
11049,-1.51,0.01,0.35838910937309265,False
11050,-0.41000000000000003,0.01,0,False
11051,-1.11,0.01,0.4476819336414337,False
11052,-1.01,0.01,0.36414170265197754,False
11053,-0.91,0.01,0.27109846472740173,False
11054,-1.81,0.01,0,False
11055,-0.72,0.01,0.32457080483436584,False
11056,-1.31,0.01,0,False
11057,-0.725,0.01,0.984192430973053,False
11058,-0.51,0.01,0.3261701464653015,False
11059,-0.91,0.01,0,False
11060,-1.21,0.01,0.5551684498786926,False
11061,-1.51,0.01,0.26086562871932983,False
11062,-0.8099999999999999,0.01,0.4547964334487915,False
11063,-1.525,0.01,0.4058457016944885,False
11064,-0.21499999999999997,0.01,0.29713428020477295,False
11065,-1.11,0.01,0.369281530380249,False
11066,-2.11,0.01,0.4078677296638489,False
11067,0.685,0.01,0.917255163192749,False
11068,-1.125,0.01,0.39148402214050293,False
11069,-0.13,0.01,0.2876332700252533,False
11070,-1.51,0.01,0.27145105600357056,False
11071,-0.715,0.01,0.8145344853401184,False
11072,-0.405,0.01,0.600328803062439,False
11073,-0.81,0.01,0,False
11074,-0.71,0.01,1.5382486581802368,False
11075,-1.725,0.01,0.5565966665744781,False
11076,-0.51,0.01,0,False
11077,-0.91,0.01,0.2702246308326721,False
11078,-1.21,0.01,0.6630987524986267,False
11079,-1.625,0.01,0.31658774614334106,False
11080,-0.71,0.01,1.6339043378829956,False
11081,-0.91,0.01,0.7562410831451416,False
11082,-1.115,0.01,1.5972925424575806,False
11083,-1.01,0.01,5.85686731338501,False
11084,-1.115,0.01,0.32973286509513855,False
11085,-0.5249999999999999,0.01,0.5669149160385132,False
11086,-1.01,0.01,0.35306787490844727,False
11087,-1.42,0.01,1.0309571027755737,False
11088,-1.21,0.01,0.414976567029953,False
11089,-0.5099999999999999,0.01,0.6828926801681519,False
11090,-1.32,0.01,0.3372212052345276,False
11091,-1.11,0.01,0.32717862725257874,False
11092,-1.01,0.01,0,False
11093,-0.4099999999999999,0.01,0.28009122610092163,False
11094,-1.11,0.01,0.35190916061401367,False
11095,-1.11,0.01,0.7065584659576416,False
11096,-1.31,0.01,0,False
11097,-1.01,0.01,0.24728412926197052,False
11098,-1.11,0.01,0.24382981657981873,False
11099,-0.51,0.01,0.8706024885177612,False
11100,-1.21,0.01,0,False
11101,-0.81,0.01,0.5195738077163696,False
11102,-1.6099999999999999,0.01,0.27612805366516113,False
11103,-0.41500000000000004,0.01,0.3423054814338684,False
11104,-0.91,0.01,1.6972594261169434,False
11105,-1.71,0.01,0,False
11106,-1.4100000000000001,0.01,0.6111924648284912,False
11107,-0.31999999999999995,0.01,0.3124796152114868,False
11108,-0.825,0.01,0.3405686020851135,False
11109,-1.51,0.01,0.24085329473018646,False
11110,-0.61,0.01,0,False
11111,-0.71,0.01,0.4156365990638733,False
11112,-1.81,0.01,0.36524030566215515,False
11113,-0.825,0.01,0.6189128160476685,False
11114,-0.91,0.01,0.4259909391403198,False
11115,-0.61,0.01,0.5236241221427917,False
11116,-1.3250000000000002,0.01,0.3366847634315491,False
11117,-1.51,0.01,0.4691230356693268,False
11118,-0.21499999999999997,0.01,0.3104335367679596,False
11119,-1.425,0.01,0.2960749566555023,False
11120,-0.925,0.01,0.5317031741142273,False
11121,-0.8099999999999999,0.01,0.3469836711883545,False
11122,-1.21,0.01,0.2571679949760437,False
11123,-0.715,0.01,0.4447689354419708,False
11124,-1.62,0.01,0.35789424180984497,False
11125,-0.91,0.01,0.392657995223999,False
11126,-0.61,0.01,0,False
11127,-0.71,0.01,0.32906046509742737,False
11128,-1.4100000000000001,0.01,0.7079484462738037,False
11129,-1.6099999999999999,0.01,0.6646268963813782,False
11130,-0.4099999999999999,0.01,0,False
11131,-1.11,0.01,0.26832395792007446,False
11132,-1.4100000000000001,0.01,7.5991926193237305,False
11133,-0.815,0.01,8.111276626586914,False
11134,-1.22,0.01,0.4688395857810974,False
11135,-0.635,0.01,0.34568509459495544,False
11136,-1.615,0.01,0.24825775623321533,False
11137,0.19000000000000017,0.01,0.34869661927223206,False
11138,-1.31,0.01,0.3343334197998047,False
11139,-0.605,0.01,0,False
11140,-0.91,0.01,0.7551753520965576,False
11141,-0.41000000000000003,0.01,0.71651291847229,False
11142,-1.61,0.01,0.33501315116882324,False
11143,-0.71,0.01,0,False
11144,-1.11,0.01,0.3873865306377411,False
11145,-1.11,0.01,0.4450969398021698,False
11146,-0.71,0.01,0.31943875551223755,False
11147,-1.11,0.01,0,False
11148,-0.8099999999999999,0.01,0.9546343684196472,False
11149,-1.21,0.01,0.28109294176101685,False
11150,-1.01,0.01,2.53271484375,False
11151,-1.51,0.01,0,False
11152,-1.4100000000000001,0.01,0.5416709780693054,False
11153,-0.31999999999999995,0.01,0.2648621201515198,False
11154,-0.51,0.01,0.294674277305603,False
11155,-1.21,0.01,0.44479501247406006,False
11156,-0.61,0.01,0.43510693311691284,False
11157,-1.4300000000000002,0.01,0.27077189087867737,False
11158,-1.4100000000000001,0.01,0.40961888432502747,False
11159,-0.71,0.01,0.3492264151573181,False
11160,-0.61,0.01,2.551284074783325,False
11161,-2.125,0.01,0.3892327547073364,False
11162,0.08499999999999996,0.01,0.3070199489593506,False
11163,-1.51,0.01,1.1776020526885986,False
11164,-1.315,0.01,0.3476966619491577,False
11165,-0.915,0.01,1.3397927284240723,False
11166,-0.91,0.01,0.6392714977264404,False
11167,-0.8099999999999999,0.01,0,False
11168,-1.31,0.01,0.4813709855079651,False
11169,-1.11,0.01,0.2751944959163666,False
11170,-0.615,0.01,0.30009713768959045,False
11171,-1.21,0.01,0.3402472734451294,False
11172,-1.21,0.01,0,False
11173,-1.01,0.01,0.26814666390419006,False
11174,-0.10999999999999999,0.01,0.32146987318992615,False
11175,-1.81,0.01,0.2765920162200928,False
11176,-0.8099999999999999,0.01,0,False
11177,-1.31,0.01,0.507837176322937,False
11178,-0.515,0.01,0.3994712233543396,False
11179,-1.31,0.01,0.3190120756626129,False
11180,-1.21,0.01,0.3485957384109497,False
11181,-1.21,0.01,0,False
11182,-0.51,0.01,0.3391099274158478,False
11183,-1.01,0.01,0.35882726311683655,False
11184,-0.91,0.01,0.940671980381012,False
11185,-0.51,0.01,0,False
11186,-1.625,0.01,0.4952060803771019,False
11187,-0.71,0.01,0.2850777506828308,False
11188,-1.51,0.01,0,False
11189,-0.30999999999999994,0.01,0.515565037727356,False
11190,-1.42,0.01,0.2249312400817871,False
11191,-1.51,0.01,0.2885323762893677,False
11192,-0.8099999999999999,0.01,0.4110436737537384,False
11193,-0.41999999999999993,0.01,0.3058115541934967,False
11194,-1.22,0.01,0.30083227157592773,False
11195,-1.4100000000000001,0.01,0.37747353315353394,False
11196,-1.21,0.01,0.5395060181617737,False
11197,-0.62,0.01,0.3313940167427063,False
11198,-1.01,0.01,0.3624960780143738,False
11199,-0.91,0.01,0.4982675313949585,False
11200,-0.81,0.01,0,False
11201,-1.01,0.01,0.4280998706817627,False
11202,-2.015,0.01,0.3712664842605591,False
11203,-0.4099999999999999,0.01,0.43628859519958496,False
11204,-0.715,0.01,0.4022270739078522,False
11205,-0.12,0.01,0.8067241311073303,False
11206,-0.71,0.01,0.23840069770812988,False
11207,-1.4100000000000001,0.01,0.3436502516269684,False
11208,-0.71,0.01,0.2433484047651291,False
11209,-1.11,0.01,0,False
11210,-0.81,0.01,0.3946804404258728,False
11211,-2.21,0.01,0.4681881070137024,False
11212,-0.5099999999999999,0.01,0.33727961778640747,False
11213,-1.31,0.01,0,False
11214,0.19000000000000017,0.01,0.35283446311950684,False
11215,-1.71,0.01,0.292407751083374,False
11216,-1.11,0.01,0.3555978536605835,False
11217,-0.51,0.01,0,False
11218,-1.71,0.01,0.310280442237854,False
11219,-0.41000000000000003,0.01,0.24404039978981018,False
11220,-1.4100000000000001,0.01,0.2695678174495697,False
11221,-1.11,0.01,0,False
11222,-0.8099999999999999,0.01,0.29246437549591064,False
11223,-0.51,0.01,0.2702883183956146,False
11224,-1.51,0.01,0.24996697902679443,False
11225,-1.21,0.01,0,False
11226,-0.61,0.01,0.26400917768478394,False
11227,-1.31,0.01,0.28222525119781494,False
11228,-0.81,0.01,0.5894798040390015,False
11229,-1.11,0.01,0,False
11230,-0.8099999999999999,0.01,0.7843946814537048,False
11231,-1.71,0.01,0.29863736033439636,False
11232,-0.8099999999999999,0.01,0.27159032225608826,False
11233,-0.41000000000000003,0.01,0,False
11234,-1.21,0.01,0.40355080366134644,False
11235,0.3800000000000001,0.01,0.28286781907081604,False
11236,-1.115,0.01,0.46645331382751465,False
11237,-0.91,0.01,0,False
11238,-1.4250000000000003,0.01,0.3492096811532974,False
11239,-0.53,0.01,0.2937467694282532,False
11240,-1.22,0.01,0.3173995018005371,False
11241,-1.925,0.01,0.3017445206642151,False
11242,-0.10999999999999999,0.01,0.43756547570228577,False
11243,-1.6099999999999999,0.01,0.3609318435192108,False
11244,-0.81,0.01,0.23488375544548035,False
11245,-0.61,0.01,0,False
11246,-0.91,0.01,0.35340309143066406,False
11247,-1.61,0.01,0.9120011329650879,False
11248,-0.71,0.01,0.4619353413581848,False
11249,-0.91,0.01,0,False
11250,-1.11,0.01,0.36713361740112305,False
11251,-0.71,0.01,2.911309003829956,False
11252,-1.4100000000000001,0.01,0.3075588345527649,False
11253,-0.71,0.01,0,False
11254,-1.11,0.01,0.5534378290176392,False
11255,-1.4300000000000002,0.01,0.2548196092247963,False
11256,-0.91,0.01,0.2223709672689438,False
11257,-1.21,0.01,0,False
11258,-1.51,0.01,0.42663076519966125,False
11259,-0.10999999999999999,0.01,0.3213028609752655,False
11260,-1.1400000000000001,0.01,0.5286329984664917,False
11261,-0.71,0.01,0.5692036151885986,False
11262,-0.91,0.01,0.3190305829048157,False
11263,-1.31,0.01,0,False
11264,-1.12,0.01,0.36721770465373993,False
11265,-1.12,0.01,0.2869279980659485,False
11266,-1.11,0.01,0.6220607757568359,False
11267,-0.81,0.01,0,False
11268,-1.4100000000000001,0.01,0.288101464509964,False
11269,-0.20999999999999996,0.01,0.42464542388916016,False
11270,-1.5100000000000002,0.01,0.6918578147888184,False
11271,-1.01,0.01,0,False
11272,-1.02,0.01,0.3028484880924225,False
11273,-0.81,0.01,0,False
11274,-0.61,0.01,0.3380309045314789,False
11275,-1.5100000000000002,0.01,0.29201436042785645,False
11276,-1.11,0.01,0.32779210805892944,False
11277,-1.31,0.01,0,False
11278,-0.61,0.01,0.31677860021591187,False
11279,-1.4100000000000001,0.01,0.31682562828063965,False
11280,-0.62,0.01,0.363525390625,False
11281,-0.71,0.01,0.47921159863471985,False
11282,-1.71,0.01,0.3677487373352051,False
11283,-0.30999999999999994,0.01,0,False
11284,-0.925,0.01,0.2983839511871338,False
11285,-1.11,0.01,0.5484533309936523,False
11286,-1.11,0.01,0,False
11287,-1.31,0.01,0.8384623527526855,False
11288,-1.11,0.01,0.32101136445999146,False
11289,-0.61,0.01,0.24313491582870483,False
11290,-0.605,0.01,0,False
11291,-0.30999999999999994,0.01,0.32822293043136597,False
11292,-1.5100000000000002,0.01,0.33243250846862793,False
11293,-0.81,0.01,0.3500444293022156,False
11294,-1.315,0.01,0.3564209043979645,False
11295,-0.815,0.01,0.36978673934936523,False
11296,-1.11,0.01,0,False
11297,-1.31,0.01,0.4150889813899994,False
11298,0.08000000000000007,0.01,0.2901775538921356,False
11299,-1.71,0.01,0.3585430085659027,False
11300,-0.51,0.01,0.2043255865573883,False
11301,-1.71,0.01,1.531569480895996,False
11302,-0.30999999999999994,0.01,0,False
11303,-1.71,0.01,0.31100428104400635,False
11304,-0.61,0.01,0.562865138053894,False
11305,-1.51,0.01,0.9849593639373779,False
11306,-0.61,0.01,0,False
11307,-1.6099999999999999,0.01,0.3647853434085846,False
11308,-0.41000000000000003,0.01,0.34411340951919556,False
11309,-1.035,0.01,0.30959391593933105,False
11310,-0.91,0.01,0.3151411712169647,False
11311,-1.51,0.01,0,False
11312,-0.51,0.01,0.4321126639842987,False
11313,-0.61,0.01,0.3539004921913147,False
11314,-1.02,0.01,0.266819566488266,False
11315,-1.7200000000000002,0.01,0.6260437965393066,False
11316,-0.91,0.01,0.7505335807800293,False
11317,-1.4100000000000001,0.01,0.3443349301815033,False
11318,-0.91,0.01,0.3911890387535095,False
11319,-0.71,0.01,0,False
11320,-0.61,0.01,0.46196436882019043,False
11321,-1.4100000000000001,0.01,0.28710106015205383,False
11322,-1.51,0.01,0.2849644720554352,False
11323,-0.009999999999999787,0.01,0,False
11324,-1.11,0.01,0.7149566411972046,False
11325,-1.51,0.01,0.2823309302330017,False
11326,-0.71,0.01,0.828285813331604,False
11327,-1.31,0.01,0,False
11328,-1.6099999999999999,0.01,0.281569242477417,False
11329,-0.10999999999999999,0.01,0.7590634822845459,False
11330,-1.6099999999999999,0.01,0.6484028100967407,False
11331,-0.5099999999999999,0.01,0,False
11332,-1.6099999999999999,0.01,0.3341194689273834,False
11333,-0.32500000000000007,0.01,0.4852462410926819,False
11334,-1.11,0.01,0,False
11335,-1.21,0.01,0.47230568528175354,False
11336,-0.30999999999999994,0.01,0.7763199806213379,False
11337,-1.6150000000000002,0.01,0.3049697279930115,False
11338,-0.61,0.01,0.29006990790367126,False
11339,-1.71,0.01,0,False
11340,-0.825,0.01,0.72418212890625,False
11341,-0.5099999999999999,0.01,0.37489253282546997,False
11342,-1.21,0.01,0,False
11343,-1.6099999999999999,0.01,2.0103564262390137,False
11344,-0.10999999999999999,0.01,0.27891749143600464,False
11345,-1.11,0.01,0.3121195435523987,False
11346,-1.4100000000000001,0.01,0,False
11347,-0.61,0.01,0.26770085096359253,False
11348,-0.8099999999999999,0.01,0.5909087657928467,False
11349,-2.41,0.01,0.2829681634902954,False
11350,-0.4099999999999999,0.01,0,False
11351,-0.41000000000000003,0.01,0.4786445200443268,False
11352,-1.51,0.01,0.2607012391090393,False
11353,-0.925,0.01,0.28107813000679016,False
11354,-0.91,0.01,0.38824304938316345,False
11355,-1.51,0.01,0.37184473872184753,False
11356,-0.8099999999999999,0.01,0.4498180150985718,False
11357,-0.71,0.01,0,False
11358,-0.915,0.01,0.38888198137283325,False
11359,-1.11,0.01,0.35044825077056885,False
11360,-0.91,0.01,0.29429399967193604,False
11361,-1.31,0.01,1.2917447090148926,False
11362,-0.8099999999999999,0.01,0,False
11363,-0.71,0.01,0.3069051206111908,False
11364,-1.31,0.01,0.3915664553642273,False
11365,-1.51,0.01,0.26901355385780334,False
11366,-0.5099999999999999,0.01,0,False
11367,-0.91,0.01,1.4596518278121948,False
11368,-1.0150000000000001,0.01,0.36002615094184875,False
11369,-1.21,0.01,0.44126445055007935,False
11370,-0.5099999999999999,0.01,0.4210395812988281,False
11371,-1.81,0.01,0,False
11372,-0.61,0.01,0.6330691576004028,False
11373,-0.71,0.01,0.3112887740135193,False
11374,-2.2249999999999996,0.01,0.40096116065979004,False
11375,0.29000000000000026,0.01,0.288047194480896,False
11376,-1.9100000000000001,0.01,0.1814851611852646,False
11377,-0.815,0.01,1.5732691287994385,False
11378,-1.01,0.01,0.2618403434753418,False
11379,-0.8099999999999999,0.01,0,False
11380,-1.11,0.01,0.3398948907852173,False
11381,-1.01,0.01,0.3300781548023224,False
11382,-1.11,0.01,0.37220799922943115,False
11383,-0.71,0.01,0,False
11384,-1.21,0.01,0.35288527607917786,False
11385,-0.71,0.01,0.23259621858596802,False
11386,-1.51,0.01,1.5515872240066528,False
11387,-0.30999999999999994,0.01,0,False
11388,-1.81,0.01,0.34561705589294434,False
11389,-0.4099999999999999,0.01,0.3093445599079132,False
11390,-1.31,0.01,0.43641915917396545,False
11391,-0.71,0.01,0,False
11392,-0.71,0.01,0.24552100896835327,False
11393,-1.415,0.01,0.38504716753959656,False
11394,-1.71,0.01,0.28966599702835083,False
11395,-0.8099999999999999,0.01,0.3471648097038269,False
11396,-1.01,0.01,0,False
11397,-0.5099999999999999,0.01,0.2563282251358032,False
11398,-1.4100000000000001,0.01,0.44408509135246277,False
11399,-1.11,0.01,0.3595236539840698,False
11400,-0.20999999999999996,0.01,0,False
11401,-1.11,0.01,0.3285720944404602,False
11402,-0.81,0.01,0.36288654804229736,False
11403,-1.42,0.01,0.42006027698516846,False
11404,-0.815,0.01,0.31493502855300903,False
11405,-1.51,0.01,0.6070071458816528,False
11406,-0.20999999999999996,0.01,0.29476454854011536,False
11407,-1.91,0.01,0,False
11408,-0.5099999999999999,0.01,1.2999935150146484,False
11409,-1.21,0.01,0.3048764765262604,False
11410,-0.71,0.01,0.6688379049301147,False
11411,-1.21,0.01,0,False
11412,-0.91,0.01,0.4206508994102478,False
11413,-0.8099999999999999,0.01,0.7061939239501953,False
11414,-1.21,0.01,0.4396713078022003,False
11415,-2.11,0.01,0,False
11416,-0.30999999999999994,0.01,0.7282453775405884,False
11417,-1.01,0.01,0.2941323518753052,False
11418,-0.20999999999999996,0.01,0.2827881872653961,False
11419,-2.01,0.01,0,False
11420,-0.91,0.01,0.29874521493911743,False
11421,-1.115,0.01,0.21245747804641724,False
11422,-0.615,0.01,0.31275245547294617,False
11423,-0.5099999999999999,0.01,0.3577507436275482,False
11424,-1.415,0.01,0.32631707191467285,False
11425,-0.51,0.01,0.28761741518974304,False
11426,-1.4100000000000001,0.01,0,False
11427,-1.31,0.01,0.9043904542922974,False
11428,-0.71,0.01,0.2729485034942627,False
11429,-1.51,0.01,0.38924551010131836,False
11430,-0.20999999999999996,0.01,0,False
11431,-1.4100000000000001,0.01,0.2786904573440552,False
11432,-0.61,0.01,1.4093220233917236,False
11433,-1.71,0.01,0.4069899916648865,False
11434,-1.11,0.01,0,False
11435,-0.30999999999999994,0.01,0.36066243052482605,False
11436,-0.91,0.01,0.7138481140136719,False
11437,-1.81,0.01,0.2737410068511963,False
11438,-0.8099999999999999,0.01,0,False
11439,-0.30999999999999994,0.01,0.33967599272727966,False
11440,-1.51,0.01,0.37002861499786377,False
11441,-0.71,0.01,0.5231667757034302,False
11442,-1.71,0.01,0,False
11443,-0.61,0.01,0.2572607696056366,False
11444,-0.71,0.01,0.2713003158569336,False
11445,-0.91,0.01,0.2864066958427429,False
11446,-2.11,0.01,0,False
11447,-0.11499999999999999,0.01,0.3297407925128937,False
11448,-1.315,0.01,0.3585200011730194,False
11449,-1.01,0.01,0.370944082736969,False
11450,-1.01,0.01,0.30624884366989136,False
11451,-0.81,0.01,0.51141357421875,False
11452,-0.71,0.01,0,False
11453,-1.31,0.01,0.4811912178993225,False
11454,-1.01,0.01,0.6054871082305908,False
11455,-0.81,0.01,0.3554694652557373,False
11456,-1.31,0.01,0,False
11457,-0.71,0.01,0.2943439781665802,False
11458,-1.11,0.01,0.3184846043586731,False
11459,-1.125,0.01,0.25794732570648193,False
11460,-1.01,0.01,0.2982981204986572,False
11461,-1.21,0.01,0.2761518955230713,False
11462,-0.30999999999999994,0.01,0.26024624705314636,False
11463,-1.5100000000000002,0.01,0,False
11464,-1.11,0.01,0.6495118141174316,False
11465,-0.91,0.01,0.30444270372390747,False
11466,-1.4100000000000001,0.01,0.3675830364227295,False
11467,-1.01,0.01,0,False
11468,-0.61,0.01,0.37264448404312134,False
11469,-1.51,0.01,0.5360721349716187,False
11470,-0.8099999999999999,0.01,0.24848990142345428,False
11471,-0.91,0.01,0,False
11472,-0.81,0.01,0.3907206356525421,False
11473,-1.11,0.01,0.31181803345680237,False
11474,-1.01,0.01,0.21319085359573364,False
11475,-0.51,0.01,0,False
11476,-1.51,0.01,0.34589457511901855,False
11477,-0.71,0.01,0.40353769063949585,False
11478,-1.71,0.01,0.3291970491409302,False
11479,-0.30999999999999994,0.01,0,False
11480,-1.71,0.01,0.37501323223114014,False
11481,-0.61,0.01,0.34339869022369385,False
11482,-0.91,0.01,0.33128029108047485,False
11483,-1.4100000000000001,0.01,0,False
11484,-0.5099999999999999,0.01,0.2942754030227661,False
11485,-0.61,0.01,1.3956912755966187,False
11486,-1.5100000000000002,0.01,0.28473377227783203,False
11487,-1.21,0.01,0,False
11488,-1.01,0.01,0.2971413731575012,False
11489,-1.025,0.01,0.4396296739578247,False
11490,-0.61,0.01,0,False
11491,-1.815,0.01,0.5497546195983887,False
11492,-0.71,0.01,0.2759378254413605,False
11493,-0.8099999999999999,0.01,0.2366064488887787,False
11494,-1.11,0.01,0.3025072515010834,False
11495,-1.01,0.01,0,False
11496,-1.125,0.01,0.39468713104724884,False
11497,-0.91,0.01,0.33796659111976624,False
11498,-1.21,0.01,0,False
11499,-1.21,0.01,0.3330422341823578,False
11500,-0.71,0.01,0.3797517418861389,False
11501,-1.01,0.01,0.27370986342430115,False
11502,-0.61,0.01,0,False
11503,-1.31,0.01,0.759461522102356,False
11504,-1.11,0.01,0.2828979790210724,False
11505,-1.11,0.01,0.3977949321269989,False
11506,-0.91,0.01,0,False
11507,-0.30999999999999994,0.01,0.29729461669921875,False
11508,-1.9100000000000001,0.01,0.26293084025382996,False
11509,-0.61,0.01,0.18166574835777283,False
11510,-0.71,0.01,0,False
11511,-1.51,0.01,0.36317306756973267,False
11512,-0.51,0.01,0.22646717727184296,False
11513,-1.21,0.01,0.6696686744689941,False
11514,-0.71,0.01,0,False
11515,-1.6099999999999999,0.01,0.3181324601173401,False
11516,-1.11,0.01,0.2966165244579315,False
11517,-0.30999999999999994,0.01,0.314129501581192,False
11518,-1.51,0.01,0,False
11519,-0.8099999999999999,0.01,0.599988579750061,False
11520,-1.81,0.01,0.5440046191215515,False
11521,-0.10999999999999999,0.01,0.294312447309494,False
11522,-1.6099999999999999,0.01,0,False
11523,-1.11,0.01,0.5836293697357178,False
11524,-0.8099999999999999,0.01,0.5998967289924622,False
11525,-0.51,0.01,0.28875452280044556,False
11526,-1.4100000000000001,0.01,0,False
11527,-1.01,0.01,1.794100046157837,False
11528,-0.71,0.01,0.3756316304206848,False
11529,-1.11,0.01,0.754041314125061,False
11530,-0.51,0.01,0,False
11531,-1.21,0.01,0.32555660605430603,False
11532,-1.01,0.01,0.2603788375854492,False
11533,-1.21,0.01,1.337169885635376,False
11534,-1.11,0.01,0,False
11535,-1.51,0.01,0.32810357213020325,False
11536,-0.30999999999999994,0.01,0.32174044847488403,False
11537,-1.31,0.01,0.3104454576969147,False
11538,-0.81,0.01,0,False
11539,-0.81,0.01,0.2339847832918167,False
11540,-1.21,0.01,0.32798346877098083,False
11541,-0.915,0.01,0.4187788665294647,False
11542,-1.4100000000000001,0.01,0.2685997188091278,False
11543,-0.515,0.01,0.34950292110443115,False
11544,-1.31,0.01,0,False
11545,-1.31,0.01,0.25459417700767517,False
11546,-0.41000000000000003,0.01,0.3392540514469147,False
11547,-1.71,0.01,0.3548159897327423,False
11548,-0.10999999999999999,0.01,0,False
11549,-1.51,0.01,0.2871606647968292,False
11550,-0.91,0.01,0.42353275418281555,False
11551,-1.11,0.01,0.4406113028526306,False
11552,-0.81,0.01,0,False
11553,-1.21,0.01,0.4583889842033386,False
11554,-1.31,0.01,0.42899924516677856,False
11555,-1.01,0.01,1.2191612720489502,False
11556,-0.71,0.01,0,False
11557,-0.61,0.01,0.3374621272087097,False
11558,-2.01,0.01,0.6421270966529846,False
11559,-1.21,0.01,0.3119853436946869,False
11560,-0.4149999999999999,0.01,0.23090317845344543,False
11561,-0.61,0.01,0,False
11562,-1.01,0.01,0.36667510867118835,False
11563,-1.21,0.01,0.31666186451911926,False
11564,-0.61,0.01,6.25264310836792,False
11565,-1.31,0.01,0,False
11566,-0.81,0.01,0.440451055765152,False
11567,-1.71,0.01,0.3085950016975403,False
11568,-0.91,0.01,0.41830670833587646,False
11569,-0.51,0.01,0,False
11570,-1.21,0.01,0.3221474885940552,False
11571,-1.01,0.01,0.3254915475845337,False
11572,-1.31,0.01,0.4670022130012512,False
11573,-0.81,0.01,0,False
11574,-0.71,0.01,0.6040502786636353,False
11575,-0.91,0.01,0.2910425662994385,False
11576,-1.51,0.01,0.6762771606445312,False
11577,-0.61,0.01,0,False
11578,-1.51,0.01,0.3366767466068268,False
11579,-0.61,0.01,0.4523699879646301,False
11580,-1.71,0.01,0.3566846549510956,False
11581,-0.71,0.01,0,False
11582,-1.01,0.01,0.20128321647644043,False
11583,-0.8099999999999999,0.01,0.268635630607605,False
11584,-0.71,0.01,0.45685917139053345,False
11585,-1.01,0.01,0,False
11586,-1.9100000000000001,0.01,0.3558706045150757,False
11587,-0.30999999999999994,0.01,0.393094003200531,False
11588,-1.31,0.01,1.3508474826812744,False
11589,-0.30999999999999994,0.01,0,False
11590,-1.51,0.01,0.3387903571128845,False
11591,-0.5099999999999999,0.01,0.2932818531990051,False
11592,-1.11,0.01,0.35799893736839294,False
11593,-1.4100000000000001,0.01,0,False
11594,-0.8099999999999999,0.01,0.32873421907424927,False
11595,-0.91,0.01,0.2762150168418884,False
11596,-1.21,0.01,0.2993391156196594,False
11597,-1.6099999999999999,0.01,0,False
11598,-0.41000000000000003,0.01,0.3067789077758789,False
11599,-1.11,0.01,0.33164703845977783,False
11600,-0.91,0.01,0.4611901640892029,False
11601,-0.81,0.01,0,False
11602,-1.51,0.01,0.3828584849834442,False
11603,-0.71,0.01,0.31843674182891846,False
11604,-1.4100000000000001,0.01,0.26715007424354553,False
11605,-0.10999999999999988,0.01,0.2578650116920471,False
11606,-1.01,0.01,0,False
11607,-0.009999999999999787,0.01,0.3232502341270447,False
11608,-1.81,0.01,0.3499980568885803,False
11609,-0.41000000000000003,0.01,0.31186866760253906,False
11610,-1.51,0.01,0,False
11611,-1.21,0.01,0.37383365631103516,False
11612,0.6949999999999998,0.01,12.611318588256836,False
11613,-1.01,0.01,0.29816174507141113,False
11614,-2.01,0.01,0,False
11615,-0.20999999999999996,0.01,0.3569828271865845,False
11616,-0.915,0.01,0.3591419458389282,False
11617,-1.11,0.01,0.5137903690338135,False
11618,-0.91,0.01,0.3349512815475464,False
11619,-0.91,0.01,0,False
11620,-2.01,0.01,0.4134579300880432,False
11621,-1.02,0.01,0.5079838037490845,False
11622,-0.61,0.01,0.4397128224372864,False
11623,-1.01,0.01,0.39494788646698,False
11624,-1.21,0.01,0.4579421579837799,False
11625,-0.61,0.01,0,False
11626,0.29499999999999993,0.01,0.4990957975387573,False
11627,-1.11,0.01,0.2830653190612793,False
11628,-0.8099999999999999,0.01,1.4350864887237549,False
11629,-1.81,0.01,0,False
11630,-0.61,0.01,0.3683146834373474,False
11631,-0.91,0.01,0.27814793586730957,False
11632,-1.31,0.01,0.33839061856269836,False
11633,-0.5099999999999999,0.01,0,False
11634,-0.825,0.01,0.265643835067749,False
11635,-1.9100000000000001,0.01,0.34876659512519836,False
11636,-0.5099999999999999,0.01,0,False
11637,-1.01,0.01,0.32387861609458923,False
11638,-0.82,0.01,0.3434079587459564,False
11639,-1.21,0.01,0.7736791372299194,False
11640,-1.31,0.01,0.46070748567581177,False
11641,-0.91,0.01,0.2836916446685791,False
11642,-0.815,0.01,1.4731701612472534,False
11643,-0.51,0.01,0,False
11644,-1.4100000000000001,0.01,0.3073069453239441,False
11645,-1.12,0.01,0.30568188428878784,False
11646,-1.01,0.01,0.4660678505897522,False
11647,-0.61,0.01,0.386440247297287,False
11648,-1.21,0.01,0.4136776924133301,False
11649,-1.21,0.01,0,False
11650,-0.71,0.01,0.3315628468990326,False
11651,-1.4100000000000001,0.01,0.39153358340263367,False
11652,-0.91,0.01,0.304216206073761,False
11653,-0.81,0.01,0,False
11654,-1.11,0.01,0.352213978767395,False
11655,-0.8099999999999999,0.01,0.34483766555786133,False
11656,-1.32,0.01,0.2998771071434021,False
11657,-1.11,0.01,0.34909337759017944,False
11658,-0.71,0.01,0.29711461067199707,False
11659,-0.91,0.01,0,False
11660,-1.01,0.01,1.2147916555404663,False
11661,-0.71,0.01,0.8993813991546631,False
11662,-2.215,0.01,1.4401869773864746,False
11663,-0.5099999999999999,0.01,1.2616550922393799,False
11664,-1.31,0.01,0,False
11665,-0.51,0.01,0.3184242248535156,False
11666,-1.01,0.01,0.5124341249465942,False
11667,-0.81,0.01,0.726028561592102,False
11668,-1.21,0.01,0,False
11669,-1.6099999999999999,0.01,0.38603299856185913,False
11670,-0.71,0.01,0.38314422965049744,False
11671,-1.11,0.01,0.30679553747177124,False
11672,-0.61,0.01,0,False
11673,-0.71,0.01,0.4471098482608795,False
11674,-0.91,0.01,0.2553683817386627,False
11675,-1.01,0.01,2.6163980960845947,False
11676,-1.11,0.01,0,False
11677,-1.6099999999999999,0.01,0.2790381610393524,False
11678,-0.91,0.01,0.2858257293701172,False
11679,-0.71,0.01,2.851780652999878,False
11680,-1.11,0.01,0,False
11681,-1.61,0.01,0.2944568991661072,False
11682,0.9950000000000001,0.01,0.3348223865032196,False
11683,-1.11,0.01,0.3124067187309265,False
11684,-1.81,0.01,0,False
11685,-0.30999999999999994,0.01,0.31616461277008057,False
11686,-1.21,0.01,0.3191186189651489,False
11687,-0.91,0.01,0.26949548721313477,False
11688,-1.31,0.01,0,False
11689,-1.21,0.01,0.21716344356536865,False
11690,-1.11,0.01,0.43501803278923035,False
11691,-0.10999999999999999,0.01,0.34289705753326416,False
11692,-2.11,0.01,0,False
11693,0.07499999999999996,0.01,0.2835971266031265,False
11694,-1.9100000000000001,0.01,1.0261718034744263,False
11695,-0.81,0.01,0,False
11696,-0.71,0.01,0.25804272294044495,False
11697,-1.6099999999999999,0.01,0.2999768853187561,False
11698,-0.41999999999999993,0.01,0.9086392521858215,False
11699,-1.82,0.01,0.3863620162010193,False
11700,-0.51,0.01,0.4233342707157135,False
11701,-0.51,0.01,0.25944820046424866,False
11702,-1.6099999999999999,0.01,0.25659292936325073,False
11703,-1.01,0.01,0,False
11704,-0.71,0.01,0.28520631790161133,False
11705,-1.21,0.01,0.26519614458084106,False
11706,-0.61,0.01,0.23742592334747314,False
11707,-1.4100000000000001,0.01,0,False
11708,-0.91,0.01,1.009297251701355,False
11709,-1.11,0.01,0.6145671606063843,False
11710,-0.41000000000000003,0.01,0.345981240272522,False
11711,-1.5100000000000002,0.01,0,False
11712,-0.5099999999999999,0.01,0.26902318000793457,False
11713,-1.4100000000000001,0.01,0.29059338569641113,False
11714,-1.11,0.01,0.6571872234344482,False
11715,-0.8099999999999999,0.01,0,False
11716,-1.5100000000000002,0.01,0.3084920048713684,False
11717,-0.81,0.01,0.2487662434577942,False
11718,-0.71,0.01,0.28051209449768066,False
11719,-1.11,0.01,0,False
11720,-0.8099999999999999,0.01,0.34212303161621094,False
11721,-1.11,0.01,0.5320470333099365,False
11722,-0.825,0.01,0.3984680473804474,False
11723,-1.61,0.01,0.4445299208164215,False
11724,-0.71,0.01,0.30319246649742126,False
11725,-1.5100000000000002,0.01,0.31275299191474915,False
11726,-0.41000000000000003,0.01,0,False
11727,-1.71,0.01,0.25081974267959595,False
11728,-0.815,0.01,0.2081449031829834,False
11729,-0.8099999999999999,0.01,0.27432143688201904,False
11730,-1.4300000000000002,0.01,0.5703408420085907,False
11731,-1.01,0.01,0,False
11732,-1.11,0.01,0.2640261948108673,False
11733,-0.20999999999999996,0.01,0.3649877905845642,False
11734,-1.21,0.01,0.2779483199119568,False
11735,-1.31,0.01,0,False
11736,0.895,0.01,0.3356128931045532,False
11737,-1.5100000000000002,0.01,0.5089335441589355,False
11738,-0.91,0.01,0.24993619322776794,False
11739,-1.22,0.01,0.2716904878616333,False
11740,-1.01,0.01,0.3303249776363373,False
11741,-0.30999999999999994,0.01,0,False
11742,-1.81,0.01,0.36994469165802,False
11743,-0.5099999999999999,0.01,0.6874030232429504,False
11744,-1.51,0.01,0.3842164874076843,False
11745,-0.71,0.01,0,False
11746,-0.91,0.01,0.34811609983444214,False
11747,-1.31,0.01,0.7299021482467651,False
11748,-0.5099999999999999,0.01,0.44184473156929016,False
11749,-1.31,0.01,0,False
11750,-1.81,0.01,0.2666802406311035,False
11751,-0.61,0.01,0.27874624729156494,False
11752,-1.31,0.01,0.4258248209953308,False
11753,-0.5099999999999999,0.01,0,False
11754,-1.01,0.01,0.6126258969306946,False
11755,-0.5099999999999999,0.01,0.22171413898468018,False
11756,-0.81,0.01,0.22001369297504425,False
11757,-1.21,0.01,0,False
11758,-1.81,0.01,0.40152639150619507,False
11759,-0.91,0.01,0.3400505781173706,False
11760,-0.51,0.01,0.2000802606344223,False
11761,-0.81,0.01,0,False
11762,-1.4100000000000001,0.01,0.38260793685913086,False
11763,-0.9199999999999999,0.01,0.32640326023101807,False
11764,-1.81,0.01,0.3300008177757263,False
11765,0.29499999999999993,0.01,0.3294813632965088,False
11766,-0.91,0.01,0.2847864627838135,False
11767,-1.01,0.01,0,False
11768,-0.61,0.01,0.32164686918258667,False
11769,-1.6099999999999999,0.01,0.3474014699459076,False
11770,-0.51,0.01,0.4058777093887329,False
11771,-1.215,0.01,0.3764585852622986,False
11772,-1.31,0.01,0,False
11773,-0.5099999999999999,0.01,0.7194701433181763,False
11774,-1.21,0.01,0.25477272272109985,False
11775,-0.71,0.01,0.45976823568344116,False
11776,-0.81,0.01,0,False
11777,-1.11,0.01,0.3300076723098755,False
11778,-0.81,0.01,0.24165397882461548,False
11779,-1.21,0.01,0.2950133681297302,False
11780,-1.025,0.01,0.380321204662323,False
11781,-1.11,0.01,0.2780492603778839,False
11782,-1.71,0.01,0.37019410729408264,False
11783,-0.10999999999999999,0.01,0,False
11784,-1.71,0.01,0.21484039723873138,False
11785,-0.71,0.01,0.3432735204696655,False
11786,-0.71,0.01,0.2902441620826721,False
11787,-1.51,0.01,0,False
11788,-1.51,0.01,0.24941834807395935,False
11789,-0.91,0.01,0.41744494438171387,False
11790,0.19000000000000017,0.01,0.35005733370780945,False
11791,-1.81,0.01,0,False
11792,-0.91,0.01,0.2539592683315277,False
11793,-0.20999999999999996,0.01,0.32424092292785645,False
11794,-1.21,0.01,0.3704640865325928,False
11795,-1.4100000000000001,0.01,0,False
11796,-1.21,0.01,0.3879085183143616,False
11797,-0.61,0.01,0.24930280447006226,False
11798,-1.31,0.01,0.4238434433937073,False
11799,-0.81,0.01,0,False
11800,-1.51,0.01,0.3487900495529175,False
11801,-0.5099999999999999,0.01,0.28213930130004883,False
11802,-0.91,0.01,0.36855411529541016,False
11803,-1.21,0.01,0,False
11804,-1.11,0.01,1.368537425994873,False
11805,-1.31,0.01,0.32233619689941406,False
11806,-0.30999999999999994,0.01,0.3027040362358093,False
11807,-1.4100000000000001,0.01,0,False
11808,-0.81,0.01,0.332382470369339,False
11809,-0.91,0.01,0.3438960313796997,False
11810,-1.215,0.01,0.5225803852081299,False
11811,-1.4100000000000001,0.01,0.3543590009212494,False
11812,-0.8099999999999999,0.01,0,False
11813,-1.11,0.01,0.3195551633834839,False
11814,-1.21,0.01,0.26856276392936707,False
11815,-0.30999999999999994,0.01,0.27525949478149414,False
11816,-1.71,0.01,0,False
11817,-0.8099999999999999,0.01,0.4607814848423004,False
11818,-1.21,0.01,0.6667237281799316,False
11819,-0.91,0.01,0.397225558757782,False
11820,-0.51,0.01,0,False
11821,-1.21,0.01,0.3016342222690582,False
11822,-0.71,0.01,0.2053631842136383,False
11823,-1.21,0.01,0.39495354890823364,False
11824,-1.11,0.01,0,False
11825,-0.71,0.01,0.3607168197631836,False
11826,-0.91,0.01,0.29253265261650085,False
11827,-1.4100000000000001,0.01,0.30234014987945557,False
11828,-0.51,0.01,0,False
11829,-1.4100000000000001,0.01,0.30167049169540405,False
11830,-1.31,0.01,0.31278401613235474,False
11831,-0.61,0.01,0.3127092719078064,False
11832,-1.01,0.01,0,False
11833,-0.71,0.01,0.2958044707775116,False
11834,-1.5100000000000002,0.01,0.407390296459198,False
11835,-0.5099999999999999,0.01,0.26942381262779236,False
11836,-1.71,0.01,0,False
11837,-0.5099999999999999,0.01,0.3601163923740387,False
11838,-1.81,0.01,0.9763278961181641,False
11839,-0.8099999999999999,0.01,0.37805813550949097,False
11840,-0.20999999999999996,0.01,0,False
11841,-1.11,0.01,0.5188852548599243,False
11842,-1.21,0.01,0.6588956713676453,False
11843,-1.01,0.01,0.35072994232177734,False
11844,-0.71,0.01,0,False
11845,-1.31,0.01,0.39957481622695923,False
11846,-1.11,0.01,0.27970731258392334,False
11847,-0.815,0.01,0.3489089608192444,False
11848,-1.51,0.01,0.2863784730434418,False
11849,-0.61,0.01,0,False
11850,-1.51,0.01,0.27831771969795227,False
11851,-0.5099999999999999,0.01,0.34565669298171997,False
11852,-1.31,0.01,0.2716512382030487,False
11853,-0.64,0.01,0.3513517379760742,False
11854,-0.91,0.01,0.3589327335357666,False
11855,-1.51,0.01,0,False
11856,-1.11,0.01,0.28269901871681213,False
11857,-0.8099999999999999,0.01,0.23600280284881592,False
11858,-0.91,0.01,0.32269954681396484,False
11859,-0.10499999999999998,0.01,0,False
11860,-0.51,0.01,0.2576735019683838,False
11861,-1.61,0.01,0.2934108078479767,False
11862,-0.61,0.01,0.24535629153251648,False
11863,-1.11,0.01,0,False
11864,-1.31,0.01,0.4255234897136688,False
11865,-1.21,0.01,0.3201359212398529,False
11866,-0.41000000000000003,0.01,0.49924686551094055,False
11867,-1.01,0.01,0,False
11868,-0.8099999999999999,0.01,0.2807835638523102,False
11869,-1.6099999999999999,0.01,0.3087846636772156,False
11870,-1.22,0.01,0.23128199577331543,False
11871,-0.71,0.01,0.3140106499195099,False
11872,-1.21,0.01,0.3211604356765747,False
11873,-0.8099999999999999,0.01,0,False
11874,-0.71,0.01,0.3102816343307495,False
11875,-1.11,0.01,1.5396687984466553,False
11876,-0.61,0.01,0.33959633111953735,False
11877,-1.21,0.01,0,False
11878,-1.31,0.01,0.3471219539642334,False
11879,-1.035,0.01,0.3726680874824524,False
11880,-1.01,0.01,0.2988256812095642,False
11881,-0.61,0.01,0.28212547302246094,False
11882,-1.01,0.01,0,False
11883,-1.22,0.01,0.6500463783740997,False
11884,-1.01,0.01,0,False
11885,-0.825,0.01,0.30628256499767303,False
11886,-1.6099999999999999,0.01,0.29631325602531433,False
11887,-1.01,0.01,0,False
11888,-0.41000000000000003,0.01,0.4145272374153137,False
11889,-1.11,0.01,0.34447452425956726,False
11890,-2.11,0.01,0.3323969841003418,False
11891,-0.30999999999999994,0.01,0,False
11892,-0.41000000000000003,0.01,0.32014918327331543,False
11893,-2.0250000000000004,0.01,0.29474276304244995,False
11894,-0.20999999999999996,0.01,0,False
11895,-1.31,0.01,0.32278797030448914,False
11896,-0.61,0.01,0.27941417694091797,False
11897,-1.01,0.01,0.33993372321128845,False
11898,-1.21,0.01,0,False
11899,-1.3250000000000002,0.01,0.3949112743139267,False
11900,-1.3250000000000002,0.01,0.6396145820617676,False
11901,-0.61,0.01,0.8442277908325195,False
11902,-1.4100000000000001,0.01,0.8572096824645996,False
11903,0.395,0.01,0.4437989294528961,False
11904,-1.6099999999999999,0.01,0,False
11905,-0.10999999999999999,0.01,0.755489706993103,False
11906,-1.415,0.01,0.5706837177276611,False
11907,-0.81,0.01,0.36569440364837646,False
11908,-1.4100000000000001,0.01,0.5755647420883179,False
11909,-1.4100000000000001,0.01,0,False
11910,-0.010000000000000009,0.01,0.5796017646789551,False
11911,-1.42,0.01,0.31165367364883423,False
11912,-0.91,0.01,0.3833311200141907,False
11913,-1.54,0.01,0.31191447377204895,False
11914,-0.5099999999999999,0.01,0.2729083001613617,False
11915,-1.11,0.01,0.26624444127082825,False
11916,-0.925,0.01,0.26644986867904663,False
11917,-0.8099999999999999,0.01,0.9515678882598877,False
11918,-1.21,0.01,0.28427654504776,False
11919,-1.4100000000000001,0.01,0.30290868878364563,False
11920,-0.8099999999999999,0.01,0,False
11921,-0.4099999999999999,0.01,0.9851492047309875,False
11922,-1.21,0.01,0.3126208782196045,False
11923,-1.31,0.01,0.3360251188278198,False
11924,-1.6099999999999999,0.01,0,False
11925,-0.4099999999999999,0.01,0.30446019768714905,False
11926,-0.71,0.01,0.33439961075782776,False
11927,-1.31,0.01,0.3067271411418915,False
11928,-0.81,0.01,0,False
11929,-1.21,0.01,0.7206569314002991,False
11930,-1.11,0.01,0.41299015283584595,False
11931,0.19499999999999984,0.01,0.28129416704177856,False
11932,-0.825,0.01,0.22979918122291565,False
11933,-1.01,0.01,0.2717728018760681,False
11934,-1.4100000000000001,0.01,1.172264814376831,False
11935,-1.21,0.01,0,False
11936,-0.61,0.01,0.3559699058532715,False
11937,-1.01,0.01,0.16971275210380554,False
11938,-1.21,0.01,0.29701948165893555,False
11939,-1.02,0.01,0.3538557291030884,False
11940,-1.01,0.01,0.33393394947052,False
11941,-0.8099999999999999,0.01,0,False
11942,-0.91,0.01,0.3743409514427185,False
11943,-1.31,0.01,0.3194308280944824,False
11944,-0.8099999999999999,0.01,0.26700061559677124,False
11945,-1.01,0.01,0,False
11946,-1.81,0.01,0.30881190299987793,False
11947,-0.10999999999999999,0.01,0.24067001044750214,False
11948,-1.01,0.01,0.25485485792160034,False
11949,-1.01,0.01,0,False
11950,-0.8099999999999999,0.01,0.36423566937446594,False
11951,-1.71,0.01,0.2654494047164917,False
11952,-0.5099999999999999,0.01,0.30434200167655945,False
11953,-0.71,0.01,0,False
11954,-1.01,0.01,0.3806767463684082,False
11955,-1.31,0.01,0.35675373673439026,False
11956,-0.62,0.01,0.26377588510513306,False
11957,-1.5100000000000002,0.01,0.5420581102371216,False
11958,-1.01,0.01,0.3524065315723419,False
11959,-0.81,0.01,0,False
11960,-1.21,0.01,0.3931799530982971,False
11961,-1.11,0.01,0.23795589804649353,False
11962,-0.8099999999999999,0.01,0.28998705744743347,False
11963,-1.71,0.01,0,False
11964,-0.8099999999999999,0.01,0.4186719059944153,False
11965,-0.41000000000000003,0.01,0.2574087977409363,False
11966,-0.8099999999999999,0.01,0.4241982400417328,False
11967,-1.4100000000000001,0.01,0,False
11968,-1.9100000000000001,0.01,3.97607159614563,False
11969,-0.009999999999999787,0.01,0.6187968254089355,False
11970,-1.01,0.01,0.2505112588405609,False
11971,-1.01,0.01,0,False
11972,-1.01,0.01,0.44168713688850403,False
11973,-1.4100000000000001,0.01,0.333670437335968,False
11974,-0.81,0.01,0.290901780128479,False
11975,-1.12,0.01,0.48810118436813354,False
11976,-0.4099999999999999,0.01,0.29191136360168457,False
11977,-1.01,0.01,0,False
11978,-1.21,0.01,0.5860283970832825,False
11979,-1.6099999999999999,0.01,0.34127277135849,False
11980,-0.33000000000000007,0.01,0.5351443886756897,False
11981,-1.31,0.01,0,False
11982,-1.11,0.01,0.9211688041687012,False
11983,-0.8099999999999999,0.01,0.2933638095855713,False
11984,-1.11,0.01,0.3321463465690613,False
11985,-1.4100000000000001,0.01,0,False
11986,-0.81,0.01,0.24467837810516357,False
11987,-1.01,0.01,0.3340890407562256,False
11988,-0.525,0.01,0.6121771335601807,False
11989,-1.11,0.01,0.3504904508590698,False
11990,-1.31,0.01,0.24919390678405762,False
11991,-1.11,0.01,0.26976311206817627,False
11992,-0.8099999999999999,0.01,0,False
11993,-1.01,0.01,0.3711732029914856,False
11994,-0.915,0.01,0.2943582832813263,False
11995,-1.11,0.01,0.38883620500564575,False
11996,-0.61,0.01,0.25230830907821655,False
11997,-1.21,0.01,0,False
11998,-1.31,0.01,0.3444952666759491,False
11999,-0.61,0.01,0.34779730439186096,False
12000,-1.6099999999999999,0.01,0.29122647643089294,False
12001,-0.22499999999999998,0.01,0.30130261182785034,False
12002,-1.11,0.01,0.402348130941391,False
12003,-1.42,0.01,0.512213408946991,False
12004,-1.11,0.01,0.338558554649353,False
12005,-1.4100000000000001,0.01,0.2682051360607147,False
12006,-0.30999999999999994,0.01,0,False
12007,-1.11,0.01,0.3357721269130707,False
12008,-0.8099999999999999,0.01,0.3044334650039673,False
12009,-1.21,0.01,0.2406802475452423,False
12010,-1.4100000000000001,0.01,0,False
12011,-0.22499999999999998,0.01,0.5768235921859741,False
12012,-1.81,0.01,0.3894514739513397,False
12013,-0.20999999999999996,0.01,0,False
12014,-2.01,0.01,0.5810971260070801,False
12015,-0.009999999999999787,0.01,0.740070641040802,False
12016,-1.61,0.01,0.32142651081085205,False
12017,-0.91,0.01,0,False
12018,-1.4100000000000001,0.01,0.2732437252998352,False
12019,-0.71,0.01,0.427953839302063,False
12020,-1.31,0.01,0.2996944189071655,False
12021,-0.61,0.01,0,False
12022,-1.11,0.01,0.3584742546081543,False
12023,-0.51,0.01,0.32348424196243286,False
12024,-0.91,0.01,0.2898293733596802,False
12025,-1.31,0.01,0,False
12026,-1.12,0.01,0.3126322776079178,False
12027,-0.61,0.01,0,False
12028,-1.4100000000000001,0.01,0.34725821018218994,False
12029,-1.31,0.01,0.3142858147621155,False
12030,-0.91,0.01,0.29620909690856934,False
12031,-1.11,0.01,0,False
12032,-0.51,0.01,0.36816197633743286,False
12033,-2.01,0.01,0.25820931792259216,False
12034,0.17500000000000004,0.01,0.2844259738922119,False
12035,-1.11,0.01,0.2894268333911896,False
12036,-1.625,0.01,0.2941485494375229,False
12037,-1.31,0.01,0,False
12038,-0.71,0.01,0.3060469329357147,False
12039,-1.81,0.01,1.4214850664138794,False
12040,-0.20999999999999996,0.01,0.29034659266471863,False
12041,-0.71,0.01,0,False
12042,-0.81,0.01,0.29150599241256714,False
12043,-1.11,0.01,0.31901228427886963,False
12044,-1.5150000000000001,0.01,0.2595880925655365,False
12045,-1.11,0.01,0.3237532377243042,False
12046,-0.30999999999999994,0.01,0,False
12047,-1.31,0.01,0.7462184429168701,False
12048,-0.725,0.01,0.2814305052161217,False
12049,-1.31,0.01,0,False
12050,-0.71,0.01,0.3975638747215271,False
12051,-1.31,0.01,0.31964510679244995,False
12052,-0.41000000000000003,0.01,0.3649333417415619,False
12053,-1.81,0.01,0,False
12054,-1.11,0.01,0.5688719153404236,False
12055,-1.01,0.01,0.4103204905986786,False
12056,-0.8099999999999999,0.01,0.41055983304977417,False
12057,-0.91,0.01,0,False
12058,-1.11,0.01,0.23606643080711365,False
12059,-1.21,0.01,0.3638993501663208,False
12060,-0.8099999999999999,0.01,0.2816312909126282,False
12061,-0.71,0.01,0,False
12062,-1.11,0.01,0.22412694990634918,False
12063,-0.61,0.01,0.3232743740081787,False
12064,-2.01,0.01,0.33422642946243286,False
12065,-0.8099999999999999,0.01,0,False
12066,-0.91,0.01,0.4769768714904785,False
12067,-0.61,0.01,0.3255828022956848,False
12068,-1.21,0.01,0.5865035057067871,False
12069,-1.31,0.01,0,False
12070,-1.01,0.01,0.507413923740387,False
12071,-0.5099999999999999,0.01,0.3563005328178406,False
12072,-1.01,0.01,0.4157140254974365,False
12073,-1.71,0.01,0,False
12074,-0.8099999999999999,0.01,0.672482967376709,False
12075,-0.5099999999999999,0.01,0.3960646986961365,False
12076,-0.71,0.01,0.33207300305366516,False
12077,-1.415,0.01,0.2784384489059448,False
12078,-1.32,0.01,0.34133607149124146,False
12079,-1.01,0.01,0.22244353592395782,False
12080,-0.30999999999999994,0.01,0,False
12081,-1.6400000000000001,0.01,0.4664592742919922,False
12082,-0.4099999999999999,0.01,0,False
12083,-1.51,0.01,0.33037880063056946,False
12084,-1.33,0.01,0.3258415013551712,False
12085,-0.91,0.01,0.2602103650569916,False
12086,-1.215,0.01,0.2993836998939514,False
12087,-0.12,0.01,0.33259981870651245,False
12088,-1.51,0.01,0.4461711645126343,False
12089,-1.31,0.01,0,False
12090,-0.30999999999999994,0.01,0.30774247646331787,False
12091,-1.31,0.01,0.3353441655635834,False
12092,-1.81,0.01,0.3290216326713562,False
12093,-0.96,0.01,0.5018280148506165,False
12094,-0.5099999999999999,0.01,0.23734375834465027,False
12095,-0.525,0.01,0.2776547074317932,False
12096,-1.71,0.01,0.3465983271598816,False
12097,-0.715,0.01,0.3378130793571472,False
12098,-1.815,0.01,0.4328615367412567,False
12099,-0.71,0.01,0.2402627170085907,False
12100,-0.5099999999999999,0.01,0,False
12101,-1.21,0.01,0.500342607498169,False
12102,-0.41000000000000003,0.01,0.7119591236114502,False
12103,-1.11,0.01,0.22675301134586334,False
12104,-1.51,0.01,0,False
12105,-0.61,0.01,0.2929076850414276,False
12106,-1.51,0.01,0.2675691246986389,False
12107,-0.61,0.01,0.22624658048152924,False
12108,-1.11,0.01,0,False
12109,-1.4100000000000001,0.01,0.30333951115608215,False
12110,-0.8099999999999999,0.01,0.2641035318374634,False
12111,-1.01,0.01,0.3702714741230011,False
12112,-0.71,0.01,0,False
12113,-1.31,0.01,0.2765195667743683,False
12114,-0.825,0.01,0.41407400369644165,False
12115,-1.21,0.01,0,False
12116,-1.125,0.01,0.4604070484638214,False
12117,0.385,0.01,0.3197944164276123,False
12118,-0.64,0.01,0.29911935329437256,False
12119,-1.02,0.01,0.28697146475315094,False
12120,-1.6099999999999999,0.01,0,False
12121,-0.81,0.01,0.31132379174232483,False
12122,-1.11,0.01,0.3055053949356079,False
12123,-0.61,0.01,0.2756147086620331,False
12124,-1.8250000000000002,0.01,0.36836326122283936,False
12125,-0.4099999999999999,0.01,0.25574159622192383,False
12126,-1.71,0.01,1.771038293838501,False
12127,-0.51,0.01,0,False
12128,-1.11,0.01,0.8313448429107666,False
12129,-0.91,0.01,0.3544224500656128,False
12130,-0.81,0.01,0.3360590636730194,False
12131,-1.4100000000000001,0.01,0,False
12132,-0.4099999999999999,0.01,0.273586630821228,False
12133,-0.91,0.01,0.17463918030261993,False
12134,-2.11,0.01,0.29946088790893555,False
12135,-0.10999999999999999,0.01,0,False
12136,-1.21,0.01,0.2950303554534912,False
12137,-0.91,0.01,0.34765633940696716,False
12138,-1.4100000000000001,0.01,0.4756603538990021,False
12139,-1.01,0.01,0,False
12140,-0.61,0.01,0.34325340390205383,False
12141,-1.4100000000000001,0.01,0.27774494886398315,False
12142,-0.61,0.01,0.4462107717990875,False
12143,-1.6099999999999999,0.01,0,False
12144,-1.32,0.01,0.28011202812194824,False
12145,-0.21999999999999997,0.01,0.2909093499183655,False
12146,-0.815,0.01,0.37879621982574463,False
12147,-1.4100000000000001,0.01,0.2593546211719513,False
12148,0.08000000000000007,0.01,0.5944387912750244,False
12149,-0.91,0.01,0.2678911089897156,False
12150,-1.7200000000000002,0.01,0.25749295949935913,False
12151,-0.61,0.01,0.4573459029197693,False
12152,-0.71,0.01,0.33283793926239014,False
12153,-1.71,0.01,0,False
12154,-0.71,0.01,0.24824783205986023,False
12155,-1.11,0.01,0.36202293634414673,False
12156,-0.30999999999999994,0.01,0.22288282215595245,False
12157,-0.82,0.01,0.3351200819015503,False
12158,-1.215,0.01,0.5003000497817993,False
12159,-1.6099999999999999,0.01,0.43695735931396484,False
12160,-0.4099999999999999,0.01,0,False
12161,-1.4100000000000001,0.01,0.3298421800136566,False
12162,-1.21,0.01,0.270250141620636,False
12163,-0.5099999999999999,0.01,0.3595203757286072,False
12164,-0.915,0.01,0.32873696088790894,False
12165,-1.11,0.01,0,False
12166,-1.23,0.01,0.2936018407344818,False
12167,-1.4100000000000001,0.01,0.3411156237125397,False
12168,-1.21,0.01,0.38564375042915344,False
12169,-0.4099999999999999,0.01,0,False
12170,-0.935,0.01,0.3178851008415222,False
12171,-0.71,0.01,0.336904913187027,False
12172,-1.31,0.01,0.3160074055194855,False
12173,-1.33,0.01,0.9058416038751602,False
12174,-1.6099999999999999,0.01,0,False
12175,-0.5099999999999999,0.01,0.35899287462234497,False
12176,-0.41000000000000003,0.01,0.23042285442352295,False
12177,-1.01,0.01,0.3383358120918274,False
12178,-1.4100000000000001,0.01,0,False
12179,-0.91,0.01,0.2556734085083008,False
12180,-0.52,0.01,0.31748515367507935,False
12181,-1.4100000000000001,0.01,0.29809460043907166,False
12182,-1.21,0.01,0.3219078481197357,False
12183,-0.41000000000000003,0.01,0.3058525323867798,False
12184,-1.31,0.01,0,False
12185,-0.91,0.01,0.33765774965286255,False
12186,-1.4100000000000001,0.01,0.29575082659721375,False
12187,-0.51,0.01,0.3388945162296295,False
12188,-0.91,0.01,0,False
12189,-1.6099999999999999,0.01,0.3541721999645233,False
12190,-0.91,0.01,0.365142285823822,False
12191,-0.81,0.01,0.23897016048431396,False
12192,-1.51,0.01,0,False
12193,-1.125,0.01,0.25800734758377075,False
12194,-0.615,0.01,0.26621347665786743,False
12195,-0.91,0.01,0.2650570571422577,False
12196,-1.21,0.01,0,False
12197,-0.71,0.01,0.31149822473526,False
12198,-1.9100000000000001,0.01,0.28306376934051514,False
12199,-0.8099999999999999,0.01,0.3626725673675537,False
12200,-0.8099999999999999,0.01,0,False
12201,-1.0150000000000001,0.01,0.2649698257446289,False
12202,-0.51,0.01,0.23522573709487915,False
12203,-1.125,0.01,0.6574605703353882,False
12204,-1.01,0.01,0,False
12205,-1.31,0.01,0.28907784819602966,False
12206,-1.34,0.01,0.28063249588012695,False
12207,-0.4099999999999999,0.01,0.24586212635040283,False
12208,-1.225,0.01,0.33555634319782257,False
12209,-0.525,0.01,0.4108853340148926,False
12210,-1.5150000000000001,0.01,0.4147939682006836,False
12211,-0.91,0.01,0.2369428277015686,False
12212,-1.4100000000000001,0.01,0.2698591649532318,False
12213,-1.11,0.01,0,False
12214,-0.5249999999999999,0.01,0.3207569420337677,False
12215,-0.71,0.01,0.30876070261001587,False
12216,-2.21,0.01,0,False
12217,-0.61,0.01,0.302681565284729,False
12218,-0.30999999999999994,0.01,0.26248055696487427,False
12219,-1.81,0.01,0.3803465962409973,False
12220,-0.12,0.01,0.4180445671081543,False
12221,-0.91,0.01,0.39938563108444214,False
12222,-1.815,0.01,0.3625023365020752,False
12223,-1.215,0.01,0.23544597625732422,False
12224,0.09000000000000008,0.01,0,False
12225,-1.6150000000000002,0.01,0.23186123371124268,False
12226,-1.21,0.01,0.33594757318496704,False
12227,-0.4099999999999999,0.01,0.19535933434963226,False
12228,-1.81,0.01,0.6072530746459961,False
12229,-0.20999999999999996,0.01,0,False
12230,-1.32,0.01,0.22534754872322083,False
12231,-1.71,0.01,0,False
12232,-0.42499999999999993,0.01,0.578492671251297,False
12233,-0.91,0.01,0.26288020610809326,False
12234,-0.91,0.01,0,False
12235,-0.71,0.01,0.2585858404636383,False
12236,-1.71,0.01,0.33300745487213135,False
12237,-0.81,0.01,0.3005056083202362,False
12238,-1.31,0.01,0,False
12239,-0.71,0.01,0.2945067882537842,False
12240,-0.915,0.01,0.27834969758987427,False
12241,-1.11,0.01,0.2504848837852478,False
12242,-1.3250000000000002,0.01,0.2137245237827301,False
12243,-0.42500000000000004,0.01,0.27192917466163635,False
12244,-1.21,0.01,0.2120092362165451,False
12245,-0.8099999999999999,0.01,0,False
12246,-1.425,0.01,0.31176672875881195,False
12247,-0.91,0.01,0.2375527024269104,False
12248,-1.01,0.01,0,False
12249,-1.31,0.01,0.3088175058364868,False
12250,-1.01,0.01,0.34785088896751404,False
12251,-1.32,0.01,0.19380202889442444,False
12252,-0.20999999999999996,0.01,0.3145163655281067,False
12253,-1.21,0.01,0.28465723991394043,False
12254,-0.61,0.01,0,False
12255,-1.6099999999999999,0.01,0.26071596145629883,False
12256,-0.725,0.01,0.4014444053173065,False
12257,-1.11,0.01,0,False
12258,-0.75,0.01,0.3018628756205241,False
12259,-1.115,0.01,0.22755590081214905,False
12260,-0.92,0.01,0.28200840950012207,False
12261,-1.11,0.01,0.7179951071739197,False
12262,-0.815,0.01,0.2618396282196045,False
12263,-1.31,0.01,0.2540266811847687,False
12264,-1.21,0.01,0.27090802788734436,False
12265,-0.845,0.01,0.2969774007797241,False
12266,-1.01,0.01,0.4546014964580536,False
12267,-0.91,0.01,0.3217694163322449,False
12268,-1.115,0.01,0.2518441677093506,False
12269,-1.62,0.01,0.3534356951713562,False
12270,-0.51,0.01,0.2934892773628235,False
12271,-0.51,0.01,0,False
12272,-1.63,0.01,0.30137044191360474,False
12273,-0.71,0.01,0.29594433307647705,False
12274,-0.835,0.01,0.37814761698246,False
12275,-1.6099999999999999,0.01,1.5386031866073608,False
12276,-1.215,0.01,0.25403282046318054,False
12277,-0.4099999999999999,0.01,0,False
12278,-0.1050000000000001,0.01,0.6075419187545776,False
12279,-0.52,0.01,0.30529409646987915,False
12280,-2.01,0.01,0.23150157928466797,False
12281,-0.4099999999999999,0.01,0.28597453236579895,False
12282,-1.31,0.01,0.32255080342292786,False
12283,-1.21,0.01,0,False
12284,-0.825,0.01,1.5768549293279648,False
12285,-0.81,0.01,0.2969483733177185,False
12286,-1.01,0.01,0,False
12287,-0.71,0.01,0.3119789958000183,False
12288,-1.4100000000000001,0.01,0.3130270540714264,False
12289,-1.02,0.01,0.36171597242355347,False
12290,-0.525,0.01,0.31537599861621857,False
12291,-1.3250000000000002,0.01,0.29667001962661743,False
12292,-0.8099999999999999,0.01,0.2647137939929962,False
12293,-1.04,0.01,0.3257153630256653,False
12294,-1.3800000000000001,0.01,0.30775684863328934,False
12295,-1.31,0.01,0.323700487613678,False
12296,-1.51,0.01,0.2504764497280121,False
12297,-0.10999999999999999,0.01,0.27597200870513916,False
12298,-0.71,0.01,0,False
12299,-1.02,0.01,0.32738667726516724,False
12300,-0.92,0.01,0.263052761554718,False
12301,-1.22,0.01,0.20615796744823456,False
12302,-1.11,0.01,0.2714105546474457,False
12303,-1.22,0.01,0.32275575399398804,False
12304,-1.32,0.01,0.29505690932273865,False
12305,-0.75,0.01,0.30039870738983154,False
12306,-1.0350000000000001,0.01,0.49212367832660675,False
12307,-1.115,0.01,0.25353294610977173,False
12308,-1.11,0.01,0.35002219676971436,False
12309,-1.135,0.01,0.36987636983394623,False
12310,-1.135,0.01,0.298774778842926,False
12311,-0.5099999999999999,0.01,0.2754068970680237,False
12312,-1.81,0.01,0,False
12313,-1.01,0.01,0.22320273518562317,False
12314,-0.040000000000000036,0.01,0.3078153133392334,False
12315,-2.01,0.01,0.29263830184936523,False
12316,-0.010000000000000009,0.01,0.28668248653411865,False
12317,-1.4100000000000001,0.01,0.2727587819099426,False
12318,-1.04,0.01,0.2773388773202896,False
12319,-0.535,0.01,0.31081825494766235,False
12320,-1.425,0.01,0.33451515436172485,False
12321,-0.625,0.01,0.34039849042892456,False
12322,-1.925,0.01,0.29516738653182983,False
12323,-0.31999999999999995,0.01,0.2465733215212822,False
12324,-0.61,0.01,0,False
12325,-2.0700000000000003,0.01,0.32135777920484543,False
12326,-0.4099999999999999,0.01,0.2832530736923218,False
12327,-1.31,0.01,0.3186826705932617,False
12328,-1.01,0.01,0,False
12329,-0.91,0.01,0.40773940086364746,False
12330,-0.71,0.01,0.22347286343574524,False
12331,-1.2550000000000001,0.01,0.29271764556566876,False
12332,-0.935,0.01,0.44951238483190536,False
12333,-1.625,0.01,1.1944072246551514,False
12334,-0.62,0.01,0.35365505516529083,False
12335,0.29499999999999993,0.01,0,False
12336,-1.6150000000000002,0.01,0.30282214283943176,False
12337,-1.125,0.01,0.29734691977500916,False
12338,-0.3350000000000001,0.01,1.8220178335905075,False
12339,-1.31,0.01,0.2887493968009949,False
12340,-1.1300000000000001,0.01,0.3914256989955902,False
12341,-1.04,0.01,0.27215486268202466,False
12342,-0.5099999999999999,0.01,0,False
12343,-1.025,0.01,0.3953760415315628,False
12344,-1.025,0.01,0.21056514978408813,False
12345,-1.51,0.01,0.3184962570667267,False
12346,-0.61,0.01,0.2635701298713684,False
12347,-0.9500000000000001,0.01,0.3029172718524933,False
12348,-1.6099999999999999,0.01,0,False
12349,-0.8099999999999999,0.01,0.23095397651195526,False
12350,-0.935,0.01,0.3450460582971573,False
12351,-1.71,0.01,0.30556464195251465,False
12352,-0.5249999999999999,0.01,0.23331201076507568,False
12353,-0.925,0.01,0.28449684381484985,False
12354,-1.5150000000000001,0.01,0.25437283515930176,False
12355,-0.7299999999999999,0.01,0.35202306509017944,False
12356,-0.61,0.01,0,False
12357,-1.115,0.01,0.3386869728565216,False
12358,-1.435,0.01,0.598973959684372,False
12359,-0.31999999999999995,0.01,0.24998408555984497,False
12360,-1.6099999999999999,0.01,0,False
12361,-0.8300000000000001,0.01,0.32274556159973145,False
12362,-0.81,0.01,0.23365271091461182,False
12363,-1.565,0.01,0.3531472633282344,False
12364,-1.04,0.01,0.22458158433437347,False
12365,-0.61,0.01,0,False
12366,-1.435,0.01,0.2927189916372299,False
12367,-0.61,0.01,0.30535268783569336,False
12368,-1.645,0.01,0.29480863610903424,False
12369,-0.125,0.01,0.300392746925354,False
12370,-1.55,0.01,0.3056694169839223,False
12371,-1.12,0.01,0.7849889993667603,False
12372,-1.01,0.01,0.3036470115184784,False
12373,-1.95,0.01,0.5696640412012736,False
12374,0.55,0.01,0.5164809823036194,False
12375,-1.945,0.01,0.2649714797735214,False
12376,-0.62,0.01,0.3058246970176697,False
12377,-1.035,0.01,0.27695348858833313,False
12378,-1.045,0.01,0.288688729206721,False
12379,-0.91,0.01,0,False
12380,-1.11,0.01,0.26001977920532227,False
12381,-1.2600000000000002,0.01,0.28910747170448303,False
12382,-1.23,0.01,0.5328502655029297,False
12383,-0.64,0.01,0.32811541855335236,False
12384,-2.0700000000000003,0.01,0.45528437942266464,False
12385,-0.015000000000000013,0.01,0.5885753631591797,False
12386,-1.6099999999999999,0.01,0.6929466724395752,False
12387,-0.725,0.01,0.23220139741897583,False
12388,0.06499999999999995,0.01,0.40234806140263873,False
12389,-1.31,0.01,0,False
12390,-0.10999999999999999,0.01,0.22024965286254883,False
12391,-1.11,0.01,0.5080318450927734,False
12392,-1.21,0.01,0.23245179653167725,False
12393,-0.71,0.01,0,False
12394,-1.11,0.01,0.6347559690475464,False
12395,-1.3250000000000002,0.01,0.34010693430900574,False
12396,-0.635,0.01,0.3185402452945709,False
12397,-0.835,0.01,0.6394759565591812,False
12398,-2.33,0.01,0.2824747562408447,False
12399,-0.82,0.01,0.28511251509189606,False
12400,-0.015000000000000013,0.01,0.20053154230117798,False
12401,-1.31,0.01,0,False
12402,-1.6400000000000001,0.01,0.25141075253486633,False
12403,-0.915,0.01,0.34407228231430054,False
12404,-0.51,0.01,0,False
12405,-1.1900000000000002,0.01,0.3079801917076111,False
12406,-1.435,0.01,0.3828815072774887,False
12407,-0.7299999999999999,0.01,0.26444529742002487,False
12408,-1.025,0.01,0.2304600179195404,False
12409,-1.07,0.01,0.2934520095586777,False
12410,-2.085,0.01,0.3847172975540161,False
12411,-0.03499999999999992,0.01,0.30965055525302887,False
12412,-0.915,0.01,0.502769947052002,False
12413,-0.715,0.01,0.258428156375885,False
12414,0.3799999999999999,0.01,0.3445856471856435,False
12415,-0.8200000000000001,0.01,0.25511571764945984,False
12416,-1.32,0.01,0.29080766439437866,False
12417,-0.53,0.01,0.25881317257881165,False
12418,-1.06,0.01,0.5719511955976486,False
12419,-1.32,0.01,0.3976428508758545,False
12420,-0.625,0.01,0.31837278604507446,False
12421,-2.2249999999999996,0.01,0.40847301483154297,False
12422,0.09000000000000008,0.01,0.32898908853530884,False
12423,-1.34,0.01,0.23908280581235886,False
12424,-0.73,0.01,0.6666457802057266,False
12425,-2.05,0.01,0.22078808148701987,False
12426,-0.7799999999999999,0.01,0.24891556799411774,False
12427,-1.125,0.01,0.2834293246269226,False
12428,-1.0599999999999998,0.01,1.5655286461114883,False
12429,-0.030000000000000027,0.01,0.2730659246444702,False
12430,-1.65,0.01,0.25234535833199817,False
12431,-1.585,0.01,0.273240202665329,False
12432,-0.11499999999999977,0.01,0.32969218492507935,False
12433,-1.245,0.01,0.24554851651191711,False
12434,-1.225,0.01,0.801811546087265,False
12435,-1.3450000000000002,0.01,0.2511567249894142,False
12436,-1.265,0.01,0.24999316409230232,False
12437,-0.125,0.01,0.2677568793296814,False
12438,-1.52,0.01,0.27979785203933716,False
12439,-1.1500000000000001,0.01,0.25832233329614,False
12440,-0.775,0.01,0.23084020242094994,False
12441,-0.665,0.01,0.2670903727412224,False
12442,-1.625,0.01,0.2094421684741974,False
12443,-1.225,0.01,0.34801439940929413,False
12444,-0.7549999999999999,0.01,0.486359179019928,False
12445,-0.77,0.01,0.3087673783302307,False
12446,-0.94,0.01,0.42128781974315643,False
12447,-1.56,0.01,0.3158844510714213,False
12448,-1.1450000000000002,0.01,0.8645685719592231,False
12449,-0.9850000000000001,0.01,0.33341507613658905,False
12450,-0.625,0.01,0.2152796983718872,False
12451,-1.3450000000000002,0.01,0.281352420647939,False
12452,-0.61,0.01,0.35167622566223145,False
12453,-1.9300000000000002,0.01,0.21757343411445618,False
12454,-0.07000000000000006,0.01,0.281070064753294,False
12455,-1.91,0.01,0.28793883323669434,False
12456,-0.515,0.01,0.24179062247276306,False
12457,-1.025,0.01,0.214614599943161,False
12458,-1.7750000000000001,0.01,1.1724368445575237,False
12459,-1.145,0.01,0.43202216426531476,False
12460,-0.94,0.01,2.41036057472229,False
12461,0.04500000000000037,0.01,0.3067715068658193,False
12462,-0.66,0.01,0.30065343528985977,False
12463,-1.2750000000000004,0.01,0.31051260398493874,False
12464,-1.01,0.01,0,False
12465,-0.3600000000000001,0.01,0.24043000862002373,False
12466,-1.02,0.01,0.43310976028442383,False
12467,-1.95,0.01,0.2545667390028636,False
12468,-0.9650000000000001,0.01,0.2565622230370839,False
12469,-1.035,0.01,0.2794424891471863,False
12470,-0.7350000000000001,0.01,0.2533898601929347,False
12471,-0.65,0.01,0.22929531335830688,False
12472,-0.52,0.01,0.18294022977352142,False
12473,-1.62,0.01,0.2669977056128638,False
12474,-0.31999999999999995,0.01,0.25844818353652954,False
12475,-1.225,0.01,0.21296784778436026,False
12476,-1.32,0.01,0.36865971982479095,False
12477,-1.01,0.01,0,False
12478,0.3949999999999998,0.01,0.4774120921889941,False
12479,-0.47,0.01,0.2820855751633644,False
12480,-0.7800000000000002,0.01,0.5945667806598876,False
12481,-1.225,0.01,0.24581721425056458,False
12482,-1.2550000000000001,0.01,0.2909003247817357,False
12483,-1.31,0.01,0.23877784609794617,False
12484,-0.4600000000000001,0.01,0.27706099549929303,False
12485,-1.3800000000000001,0.01,0.4546171650290489,False
12486,-0.62,0.01,0.2846391201019287,False
12487,-1.7650000000000001,0.01,0.2568425312638283,False
12488,-1.1300000000000001,0.01,0.2574441283941269,False
12489,-0.125,0.01,0.27958789467811584,False
12490,-2.58,0.01,0.7602574154734612,False
12491,-0.6499999999999999,0.01,0.24381567041079202,False
12492,-0.1399999999999999,0.01,1.9062535762786865,False
12493,-1.6099999999999999,0.01,0.31636807322502136,False
12494,-0.6599999999999999,0.01,0.22723522782325745,False
12495,-1.01,0.01,0.19318954646587372,False
12496,-1.01,0.01,0.38445597887039185,False
12497,-1.125,0.01,0.2224012315273285,False
12498,-0.81,0.01,0.26591363549232483,False
12499,-1.22,0.01,0.20029981434345245,False
12500,-1.475,0.01,0.2792067478100459,False
12501,-0.6200000000000001,0.01,0.2740045338869095,False
12502,-1.465,0.01,0.3349694814532995,False
12503,-1.18,0.01,0.3160761892795563,False
12504,-1.11,0.01,0.2720988392829895,False
12505,-1.115,0.01,0.211483433842659,False
12506,-1.045,0.01,0.20641611019770303,False
12507,-0.83,0.01,0.2466084063053131,False
12508,-1.605,0.01,0.4054560661315918,False
12509,-0.735,0.01,0.22333167493343353,False
12510,-1.205,0.01,0.23203170895576478,False
12511,0.24999999999999978,0.01,0.2842209208756685,False
12512,-1.335,0.01,0.24601534008979797,False
12513,-0.755,0.01,0.33601746956507367,False
12514,-1.0350000000000001,0.01,0.13888581097126007,False
12515,-1.23,0.01,0.23271673172712326,False
12516,-1.465,0.01,0.32499124109745026,False
12517,-0.4099999999999999,0.01,0,False
12518,-0.8099999999999999,0.01,0.236774742603302,False
12519,-0.75,0.01,0.24440978467464447,False
12520,-1.42,0.01,0.1987539827823639,False
12521,-0.02000000000000024,0.01,0.21889187519749007,False
12522,-0.85,0.01,0.18689359724521637,False
12523,-1.395,0.01,0.31168976724147796,False
12524,0.06499999999999995,0.01,0.21419004909694195,False
12525,-1.31,0.01,0,False
12526,-1.32,0.01,0.19998499751091003,False
12527,-0.715,0.01,0.27166447043418884,False
12528,-1.2550000000000001,0.01,0.24347442388534546,False
12529,-0.515,0.01,0.3105700612068176,False
12530,-1.08,0.01,0.19397525116801262,False
12531,-1.6900000000000004,0.01,0.29397406975428264,False
12532,-1.5850000000000002,0.01,0.2135472787278039,False
12533,-0.71,0.01,0.24639734625816345,False
12534,-0.665,0.01,0.23176147043704987,False
12535,-1.685,0.01,0.2423032909631729,False
12536,-1.37,0.01,0.2090856172144413,False
12537,-0.735,0.01,0.23644380271434784,False
12538,-0.8600000000000001,0.01,0.22609331210454306,False
12539,-1.4100000000000001,0.01,0.22172106057405472,False
12540,-1.33,0.01,0.1364917904138565,False
12541,-0.8499999999999999,0.01,0.21013871828715006,False
12542,-0.41000000000000003,0.01,0.22823774814605713,False
12543,-1.035,0.01,0.2470611110329628,False
12544,-1.2300000000000002,0.01,0.23494698852300644,False
12545,-1.76,0.01,0.2424644927183787,False
12546,-1.035,0.01,0.2421749234199524,False
12547,-0.04000000000000015,0.01,0.24733365859304154,False
12548,-2.04,0.01,0.28537734917231966,False
12549,-0.9349999999999998,0.01,0.16801589727401733,False
12550,-0.8449999999999999,0.01,0.19778882960478464,False
12551,-0.735,0.01,0.20466356724500656,False
12552,-1.5750000000000002,0.01,0.22809138521552086,False
12553,-1.885,0.01,0.24526488408446312,False
12554,0.025000000000000133,0.01,0.1759626679122448,False
12555,-1.4900000000000002,0.01,0.22148604989051818,False
12556,-0.355,0.01,0.23654304444789886,False
12557,-1.225,0.01,0.22995605213301523,False
12558,-2.43,0.01,0.19939726342757544,False
12559,-1.055,0.01,0.19017623364925385,False
12560,0.31499999999999995,0.01,0.2418558716773987,False
12561,-1.025,0.01,0.22426703572273254,False
12562,-1.6700000000000002,0.01,0.19930575788021088,False
12563,-0.245,0.01,0.20713558296362558,False
12564,-1.745,0.01,0.35842229425907135,False
12565,-1.425,0.01,0.24511072039604187,False
12566,-0.09000000000000008,0.01,0.20790964365005493,False
12567,-2.815,0.01,0.23484927167495093,False
12568,0.17500000000000027,0.01,0.24894695729017258,False
12569,-1.145,0.01,0.19862042793205806,False
12570,-1.475,0.01,0.24361316859722137,False
12571,-1.225,0.01,0.6338142156600952,False
12572,-0.030000000000000027,0.01,0.2619723230600357,False
12573,-2.6399999999999997,0.01,0.18161871284246445,False
12574,0.27500000000000013,0.01,0.1880047768354416,False
12575,-1.15,0.01,0.20279181996981302,False
12576,-1.025,0.01,0.20328786224126816,False
12577,-1.11,0.01,0.19260942041873932,False
12578,-1.5350000000000001,0.01,0.18082758784294128,False
12579,-0.935,0.01,0.1889355704188347,False
12580,-0.935,0.01,0.2130872287920543,False
12581,-2.2199999999999998,0.01,0.19270285538264684,False
12582,0.6600000000000001,0.01,0.2178311049938202,False
12583,-1.145,0.01,0.1837487518787384,False
12584,-1.21,0.01,0.22175943851470947,False
12585,-0.825,0.01,0.21194359873022353,False
12586,-1.3250000000000002,0.01,0.18117885291576385,False
12587,-1.545,0.01,0.25511764486630756,False
12588,-1.98,0.01,0.1780570037662983,False
12589,0.6200000000000001,0.01,0.24622831121087074,False
12590,-2.08,0.01,0.25351834669709206,False
12591,-1.46,0.01,0.2063928378952874,False
12592,-1.235,0.01,0.33787903615406584,False
12593,-0.07999999999999985,0.01,0.19184007123112679,False
12594,-1.6700000000000004,0.01,0.261787049472332,False
12595,-0.63,0.01,0.14944781363010406,False
12596,-1.54,0.01,0.20958333214124045,False
12597,-1.03,0.01,0.17840610444545746,False
12598,-0.83,0.01,0.18836289644241333,False
12599,-1.8200000000000003,0.01,0.22465797141194344,False
12600,-0.9349999999999998,0.01,0.23950811475515366,False
12601,-0.43999999999999995,0.01,0.6122707029183706,False
12602,-1.03,0.01,0.2180339122811953,False
12603,-1.025,0.01,0.18062689155340195,False
12604,0.07000000000000006,0.01,0.1659548357129097,False
12605,-1.62,0.01,0.20201115061839423,False
12606,-0.1100000000000001,0.01,0.20300802091757456,False
12607,-1.195,0.01,0.25049553215503695,False
12608,-0.4550000000000002,0.01,0.2232600599527359,False
12609,-1.0550000000000002,0.01,0.18389415740966797,False
12610,-2.145,0.01,0.16307896872361502,False
12611,-0.6399999999999999,0.01,0.18730808049440384,False
12612,-0.64,0.01,0.14004475623369217,False
12613,-0.535,0.01,0.219008207321167,False
12614,-1.9700000000000002,0.01,0.18622221052646637,False
12615,-2.0949999999999998,0.01,0.22217251658439635,False
12616,0.15500000000000025,0.01,0.1292288601398468,False
12617,-0.545,0.01,0.19427740077177683,False
12618,-1.705,0.01,0.17966678738594055,False
12619,-1.455,0.01,0.18443630635738373,False
12620,0.23499999999999943,0.01,0.32972906198766494,False
12621,-1.645,0.01,0.17127526799837747,False
12622,-0.555,0.01,0.20280973054468632,False
12623,-0.77,0.01,0.5820150474707285,False
12624,-2.08,0.01,0.23697849363088608,False
12625,-1.15,0.01,0.18237385898828506,False
12626,-0.4449999999999996,0.01,0.19911813735961914,False
12627,-1.1550000000000002,0.01,0.2352624610066414,False
12628,-0.845,0.01,0.1699465811252594,False
12629,-2.3950000000000005,0.01,0.4384202018380165,False
12630,-0.4999999999999998,0.01,0.2036722476283709,False
12631,-0.44500000000000006,0.01,0.1973317638039589,False
12632,-1.46,0.01,0.24058054884274802,False
12633,-0.8999999999999999,0.01,0.2978936756650607,False
12634,-0.3350000000000001,0.01,0.16516371071338654,False
12635,-1.5100000000000002,0.01,0.2344554071314633,False
12636,-0.42500000000000016,0.01,0.21835510929425558,False
12637,-2.295,0.01,0.21445240080356598,False
12638,-0.17499999999999982,0.01,1.5704658664762974,False
12639,-0.8449999999999999,0.01,0.269825279712677,False
12640,-0.9900000000000001,0.01,0.1625034660100937,False
12641,-0.9400000000000002,0.01,0.3287018984556198,False
12642,-1.55,0.01,0.19897502660751343,False
12643,-0.9299999999999999,0.01,0.16314434260129929,False
12644,-1.7799999999999998,0.01,0.17912087962031364,False
12645,-0.98,0.01,0.1519011750817299,False
12646,-0.935,0.01,0.1614389249256679,False
12647,-0.31500000000000017,0.01,0.16621479392051697,False
12648,-0.93,0.01,0.17853546142578125,False
12649,-2.205,0.01,0.4668647504665635,False
12650,-1.2100000000000002,0.01,0.16087588419516882,False
12651,-0.1699999999999997,0.01,0.18820775051911673,False
12652,-1.0050000000000001,0.01,0.2044693057735761,False
12653,-2.38,0.01,0.22349845990538597,False
12654,-0.7499999999999996,0.01,0.1837207426627477,False
12655,-1.5300000000000002,0.01,0.1827345767191478,False
12656,0.3400000000000001,0.01,0.1928392748037974,False
12657,-1.4200000000000004,0.01,0.2242927054564158,False
12658,-0.43500000000000005,0.01,0.21116293221712112,False
12659,-2.5949999999999998,0.01,0.24819411784410478,False
12660,-0.8599999999999999,0.01,0.18151761094729105,False
12661,-0.22999999999999976,0.01,0.15202421694993973,False
12662,-1.795,0.01,0.17521573305130006,False
12663,-1.04,0.01,0.19792834562914713,False
12664,-1.3250000000000002,0.01,0.1315954513847828,False
12665,-0.5299999999999998,0.01,0.2434873729944229,False
12666,-1.34,0.01,0.12745225429534912,False
12667,0.5650000000000002,0.01,0.13684824854135513,False
12668,-0.94,0.01,0.17321687191724777,False
12669,-1.5400000000000003,0.01,0.27659298594181353,False
12670,-0.85,0.01,0.18934165686368942,False
12671,-1.5350000000000001,0.01,0.1534983180463314,False
12672,-0.97,0.01,0.22123602405190468,False
12673,-1.335,0.01,0.19940540939569473,False
12674,-1.3250000000000002,0.01,0.21405719220638275,False
12675,-0.24499999999999988,0.01,0.2007177695631981,False
12676,-0.765,0.01,0.16382011026144028,False
12677,-1.38,0.01,0.19327886402606964,False
12678,-1.83,0.01,0.19166217744350433,False
12679,-0.33499999999999996,0.01,0.19362947344779968,False
12680,-0.6250000000000001,0.01,6.349089704453945,False
12681,-1.5550000000000002,0.01,0.1567997286717097,False
12682,-1.44,0.01,0.16191675513982773,False
12683,-1.205,0.01,0.16905610669742932,False
12684,0.6649999999999998,0.01,0.1765318438410759,False
12685,-0.67,0.01,0.201228405866358,False
12686,-0.905,0.01,0.27625319361686707,False
12687,-1.915,0.01,2.1035747652252517,False
12688,-0.9449999999999998,0.01,0.1692367047071457,False
12689,-0.8600000000000001,0.01,1.1823173214991887,False
12690,-0.5850000000000001,0.01,0.6522111624479294,False
12691,-0.3450000000000001,0.01,0.17256859689950943,False
12692,-1.9249999999999998,0.01,0.1713409647345543,False
12693,-0.9299999999999999,0.01,0.181126207113266,False
12694,-1.135,0.01,0.11606202274560928,False
12695,-1.8849999999999998,0.01,0.32833559066057205,False
12696,0.06499999999999995,0.01,0.2090090044907161,False
12697,-0.625,0.01,0.14542221277952194,False
12698,-1.1400000000000001,0.01,0.17025462218693324,False
12699,-1.425,0.01,0.26863348484039307,False
12700,1.2300000000000009,0.01,0.18429921567440033,False
12701,-2.19,0.01,0.14839971624314785,False
12702,-0.29499999999999993,0.01,0.2530794948339462,False
12703,-0.8950000000000002,0.01,0.4153357734903693,False
12704,0.5699999999999998,0.01,0.17550453756536757,False
12705,-1.2200000000000004,0.01,0.35788240376859903,False
12706,-0.8600000000000001,0.01,0.17960654571652412,False
12707,-1.2750000000000001,0.01,0.1802867998679479,False
12708,-0.2150000000000002,0.01,0.17266967644294104,False
12709,-2.09,0.01,0.17982091009616852,False
12710,-0.595,0.01,0.16358348429203035,False
12711,-1.48,0.01,0.15300953015685081,False
12712,-0.545,0.01,0.28567325075467426,False
12713,-1.8900000000000001,0.01,0.619140624254942,False
12714,-0.2549999999999999,0.01,0.2537272075812022,False
12715,-0.925,0.01,0.1452556997537613,False
12716,-2.3200000000000003,0.01,0.1661620079116388,False
12717,0.54,0.01,0.21812520258956486,False
12718,-2.06,0.01,0.28530566580593586,False
12719,-0.4949999999999999,0.01,0.16292813569307327,False
12720,-0.735,0.01,0.4286942279764584,False
12721,-1.705,0.01,0.16337857463143088,False
12722,-1.3499999999999999,0.01,0.2595452293753624,False
12723,-1.2850000000000001,0.01,0.23883677795529365,False
12724,-0.475,0.01,0.16121137887239456,False
12725,-0.43499999999999994,0.01,0.9137500151991844,False
12726,-1.34,0.01,0.15633669389145716,False
12727,-0.1200000000000001,0.01,0.23646440569843566,False
12728,-1.33,0.01,0.12470904737710953,False
12729,-0.41000000000000025,0.01,18.206469538311165,False
12730,-0.30999999999999983,0.01,0.18957832952340445,False
12731,-0.10000000000000009,0.01,0.16469923655192056,False
12732,-2.34,0.01,0.11910887062549591,False
12733,-0.9049999999999998,0.01,0.28783551454544065,False
12734,-0.5599999999999998,0.01,0.14575691148638725,False
12735,-0.6249999999999999,0.01,0.1757664978504181,False
12736,-1.655,0.01,0.13264901439348856,False
12737,-0.74,0.01,0.2510860785841942,False
12738,0.4600000000000002,0.01,1.6077199503779411,False
12739,-2.505,0.01,0.19833869338035584,False
12740,-0.030000000000000027,0.01,44.255956061184406,False
12741,-1.3599999999999999,0.01,0.2087281495332718,False
12742,-1.1400000000000001,0.01,0.15868287533521652,False
12743,-0.95,0.01,0.1643236055970192,False
12744,-1.54,0.01,0.4565784352330061,False
12745,-0.44000000000000006,0.01,0.16930995136499405,False
12746,-2.2,0.01,0.38907353281974794,False
12747,-0.5199999999999998,0.01,0.13862567270795503,False
12748,-1.445,0.01,0.1557134340206782,False
12749,-0.7349999999999999,0.01,0.2735895812511444,False
12750,-0.4949999999999999,0.01,0.13517212867736816,False
12751,-1.78,0.01,0.1723673827946186,False
12752,-0.8299999999999998,0.01,0.1591203436255455,False
12753,-0.5650000000000001,0.01,1.5841022431850433,False
12754,-1.4750000000000003,0.01,0.4531718779887472,False
12755,-0.44500000000000006,0.01,0.3780343333880107,False
12756,-1.73,0.01,0.1375967636704445,False
12757,-0.545,0.01,0.16403977572917938,False
12758,-1.475,0.01,0.1385471560060978,False
12759,-0.935,0.01,0.13060955330729485,False
12760,-0.83,0.01,0.10624460875988007,False
12761,-1.34,0.01,0.16226215660572052,False
12762,-1.4300000000000002,0.01,0.1757557913661003,False
12763,-1.17,0.01,0.14281389542988368,False
12764,-0.6150000000000001,0.01,0.1640226182838281,False
12765,-1.665,0.01,0.1490949715177218,False
12766,-1.235,0.01,0.14727582782506943,False
12767,-1.055,0.01,0.1574092631538709,False
12768,-0.7300000000000001,0.01,0.17558873444795609,False
12769,0.18999999999999995,0.01,0.1641454671820005,False
12770,-1.115,0.01,0.15944668650627136,False
12771,0.7599999999999998,0.01,0.18608751893043518,False
12772,-1.7650000000000001,0.01,0.15576588734984398,False
12773,-0.5400000000000001,0.01,0.18728311892066682,False
12774,-1.85,0.01,0.13877353072166443,False
12775,-0.7350000000000001,0.01,0.12242780519383294,False
12776,-1.1150000000000002,0.01,0.13184664150079092,False
12777,-0.44000000000000006,0.01,0.25099016726017,False
12778,-2.38,0.01,0.1446772050112486,False
12779,-1.25,0.01,0.13902489840984344,False
12780,-1.9200000000000002,0.01,0.2338668934323571,False
12781,1.0400000000000005,0.01,0.13110240176320076,False
12782,-1.3900000000000001,0.01,0.13500172644853592,False
12783,-2.245,0.01,0.19648286700248718,False
12784,-0.029999999999999805,0.01,0.11605078727006912,False
12785,-1.145,0.01,0.13093333691358566,False
12786,-1.08,0.01,0.1463050227612257,False
12787,-1.6650000000000005,0.01,0.1417309457534238,False
12788,0.5949999999999998,0.01,0.12535813823342323,False
12789,-0.03499999999999992,0.01,0.10029292106628418,False
12790,-2.06,0.01,0.10841400176286697,False
12791,-0.4949999999999999,0.01,0.1297786220908165,False
12792,-2.455,0.01,0.17112734355032444,False
12793,0.4650000000000003,0.01,0.12399186939001083,False
12794,-1.54,0.01,0.1136961355805397,False
12795,0.01499999999999968,0.01,0.8533122658729553,False
12796,-0.64,0.01,0.1602073386311531,False
12797,-1.655,0.01,0.12677385409673056,False
12798,-0.20999999999999996,0.01,0.16093134880065918,False
12799,-1.695,0.01,0.14393919706344604,False
12800,-0.51,0.01,0.1306691033144792,False
12801,-0.040000000000000036,0.01,0.17838413268327713,False
12802,-1.8399999999999999,0.01,0.7007245471080145,False
12803,-1.265,0.01,0.12284633020559947,False
12804,-1.735,0.01,0.11993962207010814,False
12805,0.6900000000000017,0.01,0.14118663695725528,False
12806,-1.1400000000000001,0.01,0.13021565973758698,False
12807,-1.19,0.01,0.7147570371627807,False
12808,-0.31999999999999995,0.01,0.12982177734375,False
12809,-0.665,0.01,0.13522531588872275,False
12810,-0.7300000000000001,0.01,0.23737646639347076,False
12811,-2.23,0.01,0.13914257713726588,False
12812,-0.33499999999999974,0.01,0.15679311007261276,False
12813,-0.94,0.01,0.09761958569288254,False
12814,-1.2850000000000001,0.01,0.11739024706184864,False
12815,-2.25,0.01,0.6081672105938196,False
12816,-0.7649999999999997,0.01,0.11336373910307884,False
12817,-0.4049999999999998,0.01,0.1455410972237587,False
12818,-1.485,0.01,0.2502884671092033,False
12819,-0.13,0.01,0.13008810579776764,False
12820,-1.025,0.01,0.10007425025105476,False
12821,-1.5950000000000002,0.01,0.14117360040545462,False
12822,-0.395,0.01,0.1285800740122795,False
12823,-1.85,0.01,0.1353045031428337,False
12824,-0.6550000000000001,0.01,0.2813466405496001,False
12825,-1.2550000000000001,0.01,0.32998574276765186,False
12826,-0.635,0.01,0.16028247560773576,False
12827,-1.845,0.01,0.1302073337137699,False
12828,-0.42499999999999993,0.01,0.15168525278568268,False
12829,-0.83,0.01,0.09202656149864197,False
12830,-2.585,0.01,0.15139315128326417,False
12831,-0.18999999999999972,0.01,0.11554685235023499,False
12832,-0.8599999999999999,0.01,0.1338512177268664,False
12833,-0.915,0.01,0.28425657749176025,False
12834,-1.56,0.01,0.15060696750879288,False
12835,-0.9700000000000001,0.01,0.14541501738131046,False
12836,-2.27,0.01,0.10391186757220162,False
12837,0.7550000000000001,0.01,0.12938645482063293,False
12838,-0.6500000000000001,0.01,0.13341553165362433,False
12839,-1.83,0.01,0.127213254570961,False
12840,-0.010000000000000009,0.01,0.1073014885187149,False
12841,-1.045,0.01,1.2002171501517296,False
12842,-0.5800000000000001,0.01,0.13111821003258228,False
12843,-1.3000000000000003,0.01,0.12233294049898784,False
12844,-0.5450000000000003,0.01,0.157036158655371,False
12845,-1.8450000000000002,0.01,0.10655008256435394,False
12846,-0.875,0.01,0.11719020269811153,False
12847,-1.0899999999999999,0.01,0.10309335142374039,False
12848,-1.3650000000000002,0.01,0.128589304164052,False
12849,-0.49,0.01,0.10979917421936988,False
12850,-1.32,0.01,0.07129029929637909,False
12851,-0.6950000000000001,0.01,0.21289799958467484,False
12852,-0.8450000000000002,0.01,0.12195627763867378,False
12853,-1.155,0.01,2.793121948838234,False
12854,0.010000000000000009,0.01,2.2910011172294618,False
12855,-0.3500000000000001,0.01,0.14045793314774832,False
12856,-2.3,0.01,0.10750449523329735,False
12857,-0.8399999999999999,0.01,0.10246298462152481,False
12858,-1.01,0.01,0.10848757376273473,False
12859,-0.585,0.01,0.18635076470673084,False
12860,-1.2850000000000008,0.01,0.2869402798513571,False
12861,-1.345,0.01,0.14062218368053436,False
12862,-1.61,0.01,0.31397871673107147,False
12863,-0.22499999999999964,0.01,0.10377851128578186,False
12864,-1.53,0.01,0.06676023453474045,False
12865,-1.045,0.01,0.14786756535371146,False
12866,-0.645,0.01,2.0760448798537254,False
12867,-1.57,0.01,0.09810130670666695,False
12868,-2.4,0.01,0.5678407564759255,False
12869,0.5650000000000004,0.01,2.2293114364147186,False
12870,-1.125,0.01,0.1250215843319893,False
12871,-1.245,0.01,0.09102898836135864,False
12872,-1.63,0.01,0.11725977808237076,False
12873,-0.8049999999999999,0.01,0.11756644601171667,False
12874,0.34999999999999987,0.01,0.2924597030505538,False
12875,-0.535,0.01,0.28851522505283356,False
12876,-1.77,0.01,0.14217444695532322,False
12877,-1.7000000000000002,0.01,0.10214000195264816,False
12878,-0.7999999999999999,0.01,0.23123074173927308,False
12879,-1.4500000000000002,0.01,0.23182434340318045,False
12880,-0.6400000000000001,0.01,0.21692364569753408,False
12881,-1.53,0.01,0.24892237782478333,False
12882,-1.115,0.01,0.09610016644001007,False
12883,-1.3050000000000002,0.01,0.6872794792056084,False
12884,-0.5999999999999996,0.01,0.7089382946491242,False
12885,-0.8800000000000001,0.01,0.3578218840062618,False
12886,-1.895,0.01,0.09756902307271957,False
12887,0.7350000000000017,0.01,0.08066948999961217,False
12888,-0.5349999999999997,0.01,0.05481153540313244,False
12889,-1.04,0.01,0.40715014934539795,False
12890,-1.3900000000000001,0.01,0.10914925895631314,False
12891,0.33499999999999974,0.01,0.09167659088321355,False
12892,-0.9200000000000002,0.01,0.21116004618150847,False
12893,-1.4400000000000002,0.01,0.07542004436254501,False
12894,-2.31,0.01,0.09818229203422864,False
12895,0.1200000000000001,0.01,0.0912432571252187,False
12896,-1.375,0.01,0.09158188290894032,False
12897,-0.44500000000000006,0.01,0.07092373445630074,False
12898,-2.6399999999999997,0.01,0.09980994462966919,False
12899,-0.36499999999999977,0.01,0.13620641082525253,False
12900,-0.65,0.01,0.10626912737886111,False
12901,-2.335,0.01,0.09281655241336141,False
12902,0.5750000000000002,0.01,0.16252201795578003,False
12903,-1.415,0.01,0.0820893868803978,False
12904,-0.7550000000000002,0.01,0.1539200097322464,False
12905,-2.025,0.01,0.08183570951223373,False
12906,-0.08000000000000007,0.01,0.10555330943316221,False
12907,-2.3150000000000004,0.01,0.18376845866441727,False
12908,-0.07000000000000006,0.01,0.10682161618024111,False
12909,-2.265,0.01,0.07793070127566655,False
12910,-0.395,0.01,0.3647906079888344,False
12911,-0.31500000000000017,0.01,0.07988979667425156,False
12912,-0.565,0.01,1.6044059942166011,False
12913,-0.825,0.01,0.09077974781394005,False
12914,-1.115,0.01,0.09163597971200943,False
12915,-1.6350000000000002,0.01,0.06222202229712691,False
12916,-0.9600000000000001,0.01,0.09582670405507088,False
12917,-1.9449999999999998,0.01,0.10652418434619904,False
12918,0.655,0.01,0.08135077031329274,False
12919,-1.3250000000000002,0.01,0.14892909782273428,False
12920,-1.33,0.01,0.10203278809785843,False
12921,-0.3749999999999998,0.01,0.07055893074721098,False
12922,-2.1550000000000002,0.01,0.21257228432939604,False
12923,-0.38000000000000034,0.01,1.3546056660513084,False
12924,-0.9100000000000001,0.01,0.0780233908444643,False
12925,-1.1600000000000001,0.01,0.12202590331435204,False
12926,0.050000000000000044,0.01,0.137726662059625,False
12927,-1.08,0.01,0.09937908127903938,False
12928,-0.21499999999999997,0.01,0.0917847529053688,False
12929,-1.34,0.01,0.17828862741589546,False
12930,-1.83,0.01,0.2779353324856077,False
12931,0.3700000000000001,0.01,0.06845979019999504,False
12932,-2.69,0.01,0.29045775085687636,False
12933,-0.7,0.01,0.04662236906588078,False
12934,-0.8599999999999999,0.01,0.0854509100317955,False
12935,0.18999999999999995,0.01,0.08100893348455429,False
12936,-1.48,0.01,0.06294280249211523,False
12937,-0.14,0.01,0.08731802552938461,False
12938,-0.19500000000000028,0.01,0.07699096500873566,False
12939,-1.6850000000000003,0.01,0.12026866099664144,False
12940,-1.86,0.01,0.08663031334678332,False
12941,-0.050000000000000044,0.01,0.376036424189806,False
12942,-2.0300000000000002,0.01,0.236502505838871,False
12943,-0.31500000000000017,0.01,0.20504726740446957,False
12944,-2.495,0.01,0.08148833513259887,False
12945,0.7550000000000006,0.01,0.08149540854188111,False
12946,-1.045,0.01,0.07883071526885033,False
12947,-0.88,0.01,0.14882510304450988,False
12948,-1.07,0.01,0.10511878381172816,False
12949,-0.915,0.01,0.1163771003484726,False
12950,-1.47,0.01,0.6821226105093956,False
12951,-0.785,0.01,0.25456084311008453,False
12952,-0.835,0.01,0.15790441259741783,False
12953,-2.165,0.01,0.24041633401066065,False
12954,-0.62,0.01,0.04517093300819397,False
12955,-0.42999999999999994,0.01,0.071971096098423,False
12956,-1.145,0.01,0.0820956826210022,False
12957,-0.9200000000000002,0.01,0.08426997404206883,False
12958,-1.175,0.01,0.13356548082083464,False
12959,-0.12499999999999978,0.01,0.09940311685204506,False
12960,-1.53,0.01,0.08090522140264511,False
12961,-0.625,0.01,0.07155784033238888,False
12962,-2.17,0.01,0.06521898414939642,False
12963,0.29000000000000026,0.01,0,False
12964,-1.565,0.01,0.05072109494358301,False
12965,-0.83,0.01,0.099040437489748,False
12966,-1.525,0.01,0.06126546114683151,False
12967,-0.93,0.01,0.07483870163559914,False
12968,-1.7200000000000002,0.01,0.0642428770661354,False
12969,0.16500000000000026,0.01,0.08497250825166702,False
12970,-1.5150000000000001,0.01,0.07391725480556488,False
12971,-0.0050000000000000044,0.01,0.0447847805917263,False
12972,0.34499999999999975,0.01,0.07169450772926211,False
12973,-1.705,0.01,0.08414901793003082,False
12974,-1.135,0.01,0.10518476366996765,False
12975,-0.52,0.01,0.01282001193612814,False
12976,0.07499999999999996,0.01,0.0716225201530116,False
12977,-1.9100000000000001,0.01,0,False
12978,-0.32999999999999996,0.01,0.0958254411816597,False
12979,-1.6,0.01,0.07648463696241378,False
12980,-0.2400000000000001,0.01,0.07986077293753624,False
12981,-2.1950000000000003,0.01,0.3086814250797033,False
12982,0.6200000000000001,0.01,0.07232543639838696,False
12983,-1.85,0.01,0.3129736930131912,False
12984,-0.57,0.01,0.13631036784499884,False
12985,-0.5750000000000001,0.01,0.11002468276355001,False
12986,-0.21500000000000008,0.01,0.9436308996131023,False
12987,-1.7200000000000002,0.01,0.21170474588871002,False
12988,-1.12,0.01,0.10993395745754242,False
12989,-0.19000000000000028,0.01,0.06861106306314468,False
12990,-1.045,0.01,0.08225598186254501,False
12991,-0.745,0.01,0.0810336172580719,False
12992,-0.735,0.01,0.07663894072175026,False
12993,-0.9850000000000001,0.01,0.21028496660292148,False
12994,-1.645,0.01,0.1010673176497221,False
12995,-1.0750000000000002,0.01,0.07060528639703989,False
12996,-0.52,0.01,0.08071154356002808,False
12997,-1.1300000000000001,0.01,0.06922697275876999,False
12998,0.19499999999999984,0.01,0.0876285308464007,False
12999,-0.21499999999999997,0.01,0.17545253038406372,False
13000,-1.3250000000000002,0.01,0.060681380331516266,False
13001,-1.56,0.01,0.13668780773878098,False
13002,-0.4600000000000001,0.01,0.585440364976724,False
13003,-0.9299999999999999,0.01,0.1656527891755104,False
13004,-1.445,0.01,0.09654429306586583,False
13005,-1.105,0.01,0.20333539731800557,False
13006,-0.61,0.01,0.0372135192155838,False
13007,-1.76,0.01,0.08582060535748799,False
13008,-0.71,0.01,0.05628308653831482,False
13009,-1.525,0.01,0.05554158240556717,False
13010,-0.84,0.01,0.08616319298744202,False
13011,-0.9449999999999998,0.01,0.05386953242123127,False
13012,-0.5099999999999999,0.01,0.0582868717610836,False
13013,-2.1550000000000002,0.01,0.04479074105620384,False
13014,-0.04499999999999993,0.01,0.05033925548195839,False
13015,-1.75,0.01,0.07480664644390345,False
13016,-0.20999999999999996,0.01,0.04405028373003006,False
13017,-1.07,0.01,0.06109621562063694,False
13018,-1.5150000000000001,0.01,0.05819641053676605,False
13019,-0.5350000000000001,0.01,0.08790863677859306,False
13020,-1.87,0.01,1.043796720604102,False
13021,-0.6250000000000001,0.01,0.10491254925727844,False
13022,-1.51,0.01,0.10548031330108643,False
13023,-0.24,0.01,0.13050781190395355,False
13024,-1.71,0.01,0.08184371143579483,False
13025,-0.39500000000000013,0.01,0.0758907824754715,False
13026,-1.73,0.01,0.08957701921463013,False
13027,-0.8549999999999999,0.01,0.09831037123998006,False
13028,-0.8800000000000001,0.01,0.13175674602389337,False
13029,-1.9600000000000002,0.01,0.06566147754589717,False
13030,-0.040000000000000036,0.01,0.08855785802006721,False
13031,-0.3550000000000002,0.01,0.0821590522925059,False
13032,0.35499999999999976,0.01,1.304741804798444,False
13033,-1.02,0.01,0.10570792108774185,False
13034,-1.4100000000000001,0.01,0.037977587431669235,False
13035,-1.315,0.01,0.051964111626148224,False
13036,-0.475,0.01,0.07600956689566374,False
13037,-1.215,0.01,0.06085489069422086,False
13038,-0.65,0.01,0.06310576666146517,False
13039,-0.21999999999999997,0.01,0.08798341453075409,False
13040,-1.2550000000000001,0.01,0.0970759242773056,False
13041,-1.31,0.01,0.05065414309501648,False
13042,-0.82,0.01,0.06135435774922371,False
13043,-1.1800000000000002,0.01,0.07678300887346268,False
13044,-1.0150000000000001,0.01,0.029335808008909225,False
13045,-0.825,0.01,0.1133638247847557,False
13046,-1.27,0.01,0.07283300952985883,False
13047,-1.0350000000000001,0.01,0.1269202402659825,False
13048,-1.5350000000000001,0.01,0.03073410876095295,False
13049,-0.61,0.01,0.06922540068626404,False
13050,-0.925,0.01,0.06583139300346375,False
13051,-1.69,0.01,0.09702273607254028,False
13052,-0.825,0.01,2.1470565795898438,False
13053,-1.1700000000000002,0.01,0.05788627080619335,False
13054,-0.51,0.01,0.06326372176408768,False
13055,-1.44,0.01,0.06813450902700424,False
13056,-1.04,0.01,0.0663101114332676,False
13057,-0.42000000000000004,0.01,0.08050299994647503,False
13058,-1.115,0.01,0.11092980206012726,False
13059,-1.6700000000000002,0.01,0.06681353847185771,False
13060,-1.795,0.01,0.14355892241001128,False
13061,0.53,0.01,0.05250288639217615,False
13062,-0.83,0.01,0.10964751988649368,False
13063,-0.9650000000000001,0.01,0.6770195681601763,False
13064,-1.4100000000000001,0.01,0,False
13065,-1.335,0.01,0.06401234492659569,False
13066,-0.22999999999999998,0.01,0.05609077215194702,False
13067,-1.5350000000000001,0.01,0.059500373899936676,False
13068,-1.1600000000000001,0.01,0.08334980672225356,False
13069,-0.61,0.01,0.06765279173851013,False
13070,-1.6600000000000001,0.01,0.07102034473791718,False
13071,-0.245,0.01,0.07349573075771332,False
13072,-1.81,0.01,0.16348005831241608,False
13073,-1.1500000000000001,0.01,0.06192024424672127,False
13074,-0.6549999999999999,0.01,0.07533031205336253,False
13075,-1.195,0.01,0.5304643288254738,False
13076,-1.77,0.01,0.08159016569455464,False
13077,-0.009999999999999787,0.01,0.08483731746673584,False
13078,-1.915,0.01,0.0756983533501625,False
13079,-0.06000000000000005,0.01,0.05273789043227831,False
13080,-1.3450000000000002,0.01,0.062142095218102135,False
13081,-1.6400000000000001,0.01,0.09414143860340118,False
13082,-0.5000000000000001,0.01,0.46802022606134414,False
13083,-1.0750000000000002,0.01,0.07725325226783752,False
13084,-1.11,0.01,0.10061147063970566,False
13085,-0.92,0.01,0.07603911310434341,False
13086,-1.125,0.01,0.044857561588287354,False
13087,-0.6299999999999999,0.01,0.06886803358793259,False
13088,-1.355,0.01,0.08025453488032024,False
13089,-0.6900000000000001,0.01,0.10994089990854264,False
13090,-1.31,0.01,0.07558045536279678,False
13091,-1.1500000000000001,0.01,0.05954743797580401,False
13092,-1.125,0.01,0.07060308754444122,False
13093,-0.42499999999999993,0.01,0.08164972811937332,False
13094,-1.03,0.01,1.0501034259796143,False
13095,-1.4000000000000001,0.01,0.08314332365989685,False
13096,-0.615,0.01,0.05882468819618225,False
13097,-1.8550000000000002,0.01,0.5497842244803905,False
13098,-0.4099999999999999,0.01,0,False
13099,-1.11,0.01,0.07000777870416641,False
13100,-1.125,0.01,0.0923955924808979,False
13101,-1.12,0.01,0.05600658804178238,False
13102,-1.3450000000000002,0.01,0.08245290815830231,False
13103,-0.85,0.01,0.09847463915745418,False
13104,-1.165,0.01,0.06356373056769371,False
13105,-1.11,0.01,0,False
13106,-0.61,0.01,0.04774040728807449,False
13107,-1.51,0.01,0.09939610958099365,False
13108,-0.8749999999999999,0.01,0.18168496433645487,False
13109,-0.94,0.01,0.2115926327449935,False
13110,-1.565,0.01,0.20065498910844326,False
13111,-0.8200000000000001,0.01,0.0869005024433136,False
13112,-0.8450000000000001,0.01,0.1294335653739316,False
13113,-0.615,0.01,0.05988074094057083,False
13114,-1.52,0.01,0.08711302280426025,False
13115,-0.16000000000000014,0.01,0.07126532743374507,False
13116,-1.215,0.01,0.054962605237960815,False
13117,-0.535,0.01,0.049876460805535316,False
13118,-0.725,0.01,0.07087476179003716,False
13119,-2.005,0.01,0.07554523497819901,False
13120,-0.725,0.01,0.08216386288404465,False
13121,-0.7499999999999999,0.01,0.5198278948664665,False
13122,-0.9550000000000001,0.01,0.07513805975516637,False
13123,-1.235,0.01,0.07932759608541216,False
13124,-1.3250000000000002,0.01,0.10670068860054016,False
13125,-0.81,0.01,0.11272883415222168,False
13126,-1.2300000000000002,0.01,0.2884022860477368,False
13127,-0.915,0.01,0.05604664236307144,False
13128,-1.1400000000000001,0.01,0.1333189457654953,False
13129,-1.21,0.01,0,False
13130,-0.525,0.01,0.07852638885378838,False
13131,-1.83,0.01,0.05780271627008915,False
13132,-0.015000000000000013,0.01,0.15545928478240967,False
13133,-1.7200000000000002,0.01,0.10639431327581406,False
13134,-0.42000000000000004,0.01,0.05845167860388756,False
13135,-0.915,0.01,0.07606387138366699,False
13136,-1.46,0.01,0.07152165472507477,False
13137,-0.85,0.01,0.06358974426984787,False
13138,-1.235,0.01,0.04570493660867214,False
13139,-1.12,0.01,0.0841342881321907,False
13140,-1.33,0.01,0.08340954035520554,False
13141,-1.11,0.01,0.42058253288269043,False
13142,-0.30999999999999994,0.01,0.05699145048856735,False
13143,-1.3650000000000002,0.01,0.07315002816418807,False
13144,0.28000000000000025,0.01,0.22073616087436676,False
13145,-1.3850000000000002,0.01,0.06638114061206579,False
13146,-0.9050000000000001,0.01,0.0757569062213103,False
13147,-2.145,0.01,0.08502428233623505,False
13148,-0.010000000000000009,0.01,0.07879577577114105,False
13149,-1.715,0.01,0.07308141825099786,False
13150,-0.235,0.01,0.05232415534555912,False
13151,-1.6800000000000002,0.01,0.07861979305744171,False
13152,-0.51,0.01,0.7204704284667969,False
13153,-1.315,0.01,0.6225669384002686,False
13154,-1.11,0.01,0.04633745923638344,False
13155,-1.03,0.01,0.2283417135477066,False
13156,-1.1300000000000001,0.01,0.11264288425445557,False
13157,-0.4149999999999999,0.01,0.0431782603263855,False
13158,-1.21,0.01,0.0753006786108017,False
13159,-1.4600000000000002,0.01,0.09570976098378499,False
13160,-0.61,0.01,2.531700611114502,False
13161,-1.46,0.01,0.08548851187030475,False
13162,-0.8600000000000001,0.01,0.04305704931418101,False
13163,-0.91,0.01,0.06958876550197601,False
13164,-0.935,0.01,0.1354023963212967,False
13165,-0.72,0.01,0.11077451705932617,False
13166,-1.665,0.01,0.10232370346784592,False
13167,-1.56,0.01,0.08934842546780904,False
13168,-0.17999999999999994,0.01,0.24789007008075714,False
13169,-0.9450000000000001,0.01,0.1103630205616355,False
13170,-1.71,0.01,0.042002420872449875,False
13171,-0.8200000000000001,0.01,0.07956442981958389,False
13172,-0.62,0.01,0.13322824239730835,False
13173,-1.465,0.01,0.0827531898394227,False
13174,-0.825,0.01,0.08270201086997986,False
13175,-1.55,0.01,0.05825677514076233,False
13176,-0.41000000000000003,0.01,0.06280940771102905,False
13177,-0.82,0.01,0.08880680054426193,False
13178,-1.3900000000000001,0.01,0.09343289881944657,False
13179,-1.11,0.01,0,False
13180,-0.875,0.01,0.08581114187836647,False
13181,-1.735,0.01,0.052717411890625954,False
13182,-0.21499999999999997,0.01,0.09706716239452362,False
13183,-1.6700000000000002,0.01,0.13289593439549208,False
13184,-0.565,0.01,0.05897707585245371,False
13185,-1.335,0.01,0.06099658086895943,False
13186,-1.12,0.01,0.08811978995800018,False
13187,-1.11,0.01,0.04519682005047798,False
13188,-0.62,0.01,0.10281477123498917,False
13189,-0.775,0.01,0.04813902731984854,False
13190,-0.8700000000000001,0.01,0.06990473251789808,False
13191,-0.51,0.01,0.04945846274495125,False
13192,-1.12,0.01,0.05440699681639671,False
13193,-1.335,0.01,0.1421622484922409,False
13194,-0.825,0.01,0.07505422085523605,False
13195,-0.97,0.01,0.524625601246953,False
13196,-0.915,0.01,0.034351736307144165,False
13197,-1.0,0.01,0.09390559494495392,False
13198,-1.745,0.01,0.0833375242849191,False
13199,-0.755,0.01,0.08734309424956639,False
13200,-1.11,0.01,0.0639747679233551,False
13201,-0.32999999999999996,0.01,0.06264623254537582,False
13202,-1.0150000000000001,0.01,0.14219006896018982,False
13203,-1.33,0.01,0.06470396090298891,False
13204,-1.03,0.01,0.03464052639901638,False
13205,-0.71,0.01,0.10883975028991699,False
13206,-1.7200000000000002,0.01,0.0639445036649704,False
13207,-0.3350000000000001,0.01,0.04932338185608387,False
13208,-1.51,0.01,0.1260680854320526,False
13209,-1.01,0.01,0,False
13210,-0.61,0.01,0.06473629176616669,False
13211,-1.21,0.01,0.0967225730419159,False
13212,-0.8099999999999999,0.01,0.09102994203567505,False
13213,-1.2850000000000001,0.01,0.06663703639060259,False
13214,-0.020000000000000018,0.01,0.06781609170138836,False
13215,-0.9850000000000001,0.01,0.06971893459558487,False
13216,-1.01,0.01,0.0575692355632782,False
13217,-1.1300000000000001,0.01,0.07604322023689747,False
13218,-1.395,0.01,0.10811371952295304,False
13219,-0.30999999999999994,0.01,0,False
13220,-1.51,0.01,0.06999550014734268,False
13221,-1.5100000000000002,0.01,0.05907878093421459,False
13222,-0.53,0.01,0.12047835066914558,False
13223,-1.0150000000000001,0.01,0.071359783411026,False
13224,-1.55,0.01,1.070255134254694,False
13225,-0.31999999999999995,0.01,0.07376689463853836,False
13226,-1.83,0.01,0.11181856691837311,False
13227,-0.835,0.01,0.057423511520028114,False
13228,-0.625,0.01,0.05805673263967037,False
13229,-1.53,0.01,0.08502889797091484,False
13230,-0.71,0.01,0,False
13231,-0.4750000000000001,0.01,0.23754982836544514,False
13232,-1.9100000000000001,0.01,0.07612979784607887,False
13233,-0.925,0.01,0.06735430471599102,False
13234,-1.125,0.01,0.08449599146842957,False
13235,-0.84,0.01,0.07168214023113251,False
13236,-0.235,0.01,0.2377854511141777,False
13237,-0.71,0.01,0,False
13238,-1.31,0.01,0.06776580959558487,False
13239,-0.855,0.01,0.06861207634210587,False
13240,-0.755,0.01,0.10475223263104756,False
13241,-1.63,0.01,0.07962839677929878,False
13242,-0.43499999999999994,0.01,0.0853966511785984,False
13243,-1.1400000000000001,0.01,0.3264798931777477,False
13244,-0.615,0.01,0.12355510890483856,False
13245,-1.725,0.01,0.06025836244225502,False
13246,-0.625,0.01,0.038411617279052734,False
13247,-2.02,0.01,0.058593299239873886,False
13248,-0.10999999999999999,0.01,0.07711200416088104,False
13249,-1.83,0.01,0.0965438038110733,False
13250,-0.39,0.01,0.07675015926361084,False
13251,-1.25,0.01,0.08707955479621887,False
13252,-0.92,0.01,0.18385423719882965,False
13253,-1.31,0.01,0,False
13254,-1.02,0.01,0.10141589865088463,False
13255,0.010000000000000009,0.01,0.07694952003657818,False
13256,-0.82,0.01,0.0877332091331482,False
13257,-1.225,0.01,0.0716354250907898,False
13258,-0.91,0.01,0.09643042832612991,False
13259,-1.01,0.01,0.07803313434123993,False
13260,-1.025,0.01,0.1610718071460724,False
13261,-1.31,0.01,0.2631852626800537,False
13262,-0.1399999999999999,0.01,0.15660644136369228,False
13263,-1.725,0.01,0.08624379709362984,False
13264,-1.01,0.01,0.08757919073104858,False
13265,-0.67,0.01,0.07619963710506757,False
13266,-0.915,0.01,0.058570150285959244,False
13267,-0.10499999999999998,0.01,0.09364427626132965,False
13268,-0.615,0.01,0.09362959861755371,False
13269,-2.6,0.01,0.16085603535175325,False
13270,-0.30999999999999994,0.01,0.0627826675772667,False
13271,-0.5349999999999999,0.01,0.06585346907377243,False
13272,-1.25,0.01,0.07499899218479793,False
13273,-1.06,0.01,0.0696723535656929,False
13274,-0.925,0.01,0.06454365886747837,False
13275,-0.8200000000000001,0.01,0.02180628851056099,False
13276,-1.865,0.01,0.0735882135728995,False
13277,-0.5299999999999999,0.01,0.08088616281747818,False
13278,-1.3000000000000003,0.01,0.17314283847808837,False
13279,-0.725,0.01,0.21425512433052063,False
13280,-1.3450000000000002,0.01,0.07877174764871597,False
13281,-0.43500000000000005,0.01,0.0818268321454525,False
13282,-2.35,0.01,0.20805183332413435,False
13283,-0.3599999999999999,0.01,0.08198727667331696,False
13284,-1.46,0.01,0.07626058906316757,False
13285,-0.5099999999999999,0.01,0,False
13286,-1.01,0.01,0.06352849304676056,False
13287,-0.745,0.01,0.08683985968430837,False
13288,-0.9750000000000001,0.01,0.05857045203447342,False
13289,-1.5700000000000003,0.01,0.06814273819327354,False
13290,-1.435,0.01,0.07998704271657127,False
13291,-0.9450000000000001,0.01,0.07204233358303706,False
13292,-0.8449999999999999,0.01,0.11274663358926773,False
13293,-0.815,0.01,0.07248679548501968,False
13294,-1.175,0.01,0.08061033487319946,False
13295,-1.1,0.01,0.17953179155786833,False
13296,-0.03499999999999992,0.01,0.35958272963762283,False
13297,-0.63,0.01,0.07401727512478828,False
13298,-1.6100000000000003,0.01,0.07858593091368675,False
13299,-0.71,0.01,0.07884864509105682,False
13300,-1.115,0.01,0.0885619968175888,False
13301,-1.1400000000000001,0.01,0.08284543827176094,False
13302,-0.85,0.01,0.0871526872118314,False
13303,-1.9450000000000003,0.01,0.10340888740924689,False
13304,-0.615,0.01,0.24665623903274536,False
13305,-0.41500000000000004,0.01,0.5856450200080872,False
13306,-1.335,0.01,0.07540792971849442,False
13307,-1.03,0.01,0.053541913628578186,False
13308,-1.115,0.01,0.0995752364397049,False
13309,-1.4300000000000002,0.01,0.0864831767976284,False
13310,0.28,0.01,0.0772477462887764,False
13311,-0.915,0.01,0.04090447723865509,False
13312,-1.745,0.01,0.24345088005065918,False
13313,-1.11,0.01,0.0437021404504776,False
13314,-0.65,0.01,0.053083580608169235,False
13315,-0.42000000000000004,0.01,0.18398813903331757,False
13316,-1.04,0.01,0.08985989913344383,False
13317,-0.3600000000000001,0.01,0.07427198998630047,False
13318,-1.3250000000000002,0.01,0.04563909024000168,False
13319,-0.635,0.01,0.08807019889354706,False
13320,-1.24,0.01,0.057828329503536224,False
13321,-1.1300000000000001,0.01,0.08737906813621521,False
13322,-1.315,0.01,0.055822402238845825,False
13323,-0.485,0.01,0.08468878865242005,False
13324,-1.02,0.01,0.12984010577201843,False
13325,-1.51,0.01,0.15341724455356598,False
13326,-0.935,0.01,0.0743349976837635,False
13327,-0.765,0.01,0.06649323304494222,False
13328,-2.16,0.01,0.07139010261744261,False
13329,-0.08000000000000007,0.01,0.07202134802937507,False
13330,-1.51,0.01,0,False
13331,-0.525,0.01,0.0756130963563919,False
13332,-1.96,0.01,0.060760212441285454,False
13333,-0.5149999999999999,0.01,0.06226398050785065,False
13334,-0.6549999999999999,0.01,0.14772548899054527,False
13335,-1.04,0.01,0.0800035409629345,False
13336,-0.85,0.01,0.1937736856440703,False
13337,-2.3449999999999998,0.01,0.07609699418147405,False
13338,-0.20999999999999996,0.01,0,False
13339,-0.825,0.01,0.06900594756007195,False
13340,-0.7150000000000001,0.01,0.08031206640104453,False
13341,-1.935,0.01,0.07465216889977455,False
13342,-1.12,0.01,0.12880073487758636,False
13343,-0.91,0.01,0.14995825290679932,False
13344,-0.525,0.01,0.02579573541879654,False
13345,-1.21,0.01,0.041729189455509186,False
13346,-1.1749999999999998,0.01,0.07868590112775564,False
13347,-1.11,0.01,0.0960090160369873,False
13348,-0.33000000000000007,0.01,0.26994767785072327,False
13349,-1.74,0.01,0.11022924259305,False
13350,-0.85,0.01,0.07632879416147868,False
13351,-1.455,0.01,0.2032832552989324,False
13352,0.32000000000000006,0.01,0.08587023988366127,False
13353,-1.08,0.01,0.08581105433404446,False
13354,-0.71,0.01,0.11972735822200775,False
13355,-0.8800000000000001,0.01,0.059156895615160465,False
13356,-2.0250000000000004,0.01,0.07146240983690534,False
13357,-1.725,0.01,0.0640447245289882,False
13358,-0.6899999999999997,0.01,0.09156171157956124,False
13359,-0.019999999999999796,0.01,0.08048737049102783,False
13360,-0.91,0.01,0.09784933924674988,False
13361,-1.31,0.01,0.09307818859815598,False
13362,-1.9200000000000002,0.01,0.06509585802753766,False
13363,-0.83,0.01,0.09992720931768417,False
13364,-1.0250000000000001,0.01,0.07532686057190101,False
13365,-0.8200000000000001,0.01,0.12184043414890766,False
13366,-0.53,0.01,0.13518472015857697,False
13367,-1.52,0.01,0.12760062143206596,False
13368,-1.0550000000000004,0.01,0.07735765143297613,False
13369,-0.545,0.01,0.08525003865361214,False
13370,-1.415,0.01,0.06544478237628937,False
13371,-0.09000000000000008,0.01,0.15312570855021476,False
13372,-1.215,0.01,0.03800400346517563,False
13373,-0.33000000000000007,0.01,0.07365831732749939,False
13374,-2.175,0.01,0.0731338900513947,False
13375,-0.31000000000000005,0.01,0.07119696214795113,False
13376,-1.9700000000000002,0.01,0.10954837081953883,False
13377,-0.7849999999999999,0.01,0.09605472683906555,False
13378,-1.06,0.01,0.08656772722800572,False
13379,-0.91,0.01,0.04638807475566864,False
13380,0.18999999999999972,0.01,0.08536234435935815,False
13381,-1.02,0.01,0.1057167500257492,False
13382,-1.24,0.01,0.08275286480784416,False
13383,-1.4450000000000003,0.01,0.07936170045286417,False
13384,-0.7599999999999999,0.01,0.0965581014752388,False
13385,-1.21,0.01,0.023954875767230988,False
13386,-0.5100000000000001,0.01,0.07353374113639195,False
13387,-1.355,0.01,0.08298203845818837,False
13388,-0.66,0.01,0.06957684084773064,False
13389,-0.43500000000000016,0.01,0.07972055354288646,False
13390,-2.13,0.01,0.05215083807706833,False
13391,-0.6349999999999999,0.01,0.06226983666419983,False
13392,-1.44,0.01,0.06706338003277779,False
13393,0.10499999999999998,0.01,0.09589790031313897,False
13394,-1.4300000000000002,0.01,0.1244807168841362,False
13395,-0.5200000000000001,0.01,0.03711845353245735,False
13396,-0.985,0.01,0.09006701782345772,False
13397,-0.5299999999999999,0.01,0.0795733630657196,False
13398,-1.4300000000000002,0.01,0.09324359893798828,False
13399,-0.815,0.01,0.05131150409579277,False
13400,-0.725,0.01,0.05489715375006199,False
13401,-1.07,0.01,0.07273032143712044,False
13402,-0.935,0.01,0.08022696524858475,False
13403,-1.645,0.01,0.08349841460585594,False
13404,-0.30999999999999994,0.01,0.07152517139911652,False
13405,-2.7800000000000002,0.01,0.06738917715847492,False
13406,0.8899999999999999,0.01,0.06944016429285209,False
13407,-1.8399999999999999,0.01,0.09063567221164703,False
13408,-1.48,0.01,0.07759493682533503,False
13409,-1.56,0.01,0.0997645693520705,False
13410,0.6549999999999998,0.01,0.09455784037709236,False
13411,-0.72,0.01,0.11297647282481194,False
13412,-1.835,0.01,0.08088660772357668,False
13413,-0.17500000000000004,0.01,0.07677866435713238,False
13414,-1.24,0.01,0.08623925596475601,False
13415,-1.24,0.01,0.05121726915240288,False
13416,-0.915,0.01,0.08396107703447342,False
13417,-0.785,0.01,0.0745561495423317,False
13418,-1.8550000000000002,0.01,0.06371371323863666,False
13419,-0.5549999999999999,0.01,0.06940370301405589,False
13420,-1.61,0.01,0.09324467703700065,False
13421,-1.1500000000000001,0.01,0.07966216001659632,False
13422,-0.9349999999999998,0.01,0.07592210918664932,False
13423,-1.1900000000000002,0.01,0.09421957284212112,False
13424,-0.2450000000000001,0.01,0.08425507135689259,False
13425,-1.9800000000000002,0.01,0.07621765583753586,False
13426,-1.855,0.01,0.11615021030108134,False
13427,0.74,0.01,0.07237517709533374,False
13428,-0.39000000000000024,0.01,0.06858887746930123,False
13429,-1.33,0.01,0.06891587935388088,False
13430,-1.1600000000000001,0.01,0.080773682333529,False
13431,-1.055,0.01,0.2874419651925564,False
13432,-1.375,0.01,0.0713969012722373,False
13433,-1.21,0.01,0.05825059860944748,False
13434,-0.6049999999999998,0.01,0.07899679467082024,False
13435,-1.29,0.01,0.09152781516313553,False
13436,-2.13,0.01,0.09939230770310935,False
13437,-0.5499999999999999,0.01,0.07952189072966576,False
13438,-0.5400000000000001,0.01,0.07234053337015212,False
13439,-1.4450000000000003,0.01,0.08842953933136803,False
13440,-0.3450000000000001,0.01,0.11071370045344035,False
13441,-0.9850000000000002,0.01,0.12003440596163273,False
13442,-1.9300000000000002,0.01,0.08221762308052608,False
13443,0.025000000000000133,0.01,0.1140584842198425,False
13444,-0.9650000000000001,0.01,0.07335200409094493,False
13445,-1.0600000000000003,0.01,0.06784252752549946,False
13446,-1.745,0.01,0.054471151903271675,False
13447,-0.7150000000000004,0.01,0.06749972550287134,False
13448,-1.835,0.01,0.17056532949209213,False
13449,0.0349999999999997,0.01,0.07827342301607132,False
13450,0.8199999999999998,0.01,0.06781870871782303,False
13451,-2.67,0.01,0.06540758659442265,False
13452,-0.23499999999999965,0.01,0.05762389674782753,False
13453,0.16500000000000004,0.01,0.06291837741931279,False
13454,-0.83,0.01,0.1337825208902359,False
13455,-1.24,0.01,0.09200433144966762,False
13456,0.18000000000000016,0.01,0.11095944046974182,False
13457,-1.07,0.01,0.08838415145874023,False
13458,-1.4100000000000001,0.01,0.0754159636174639,False
13459,-1.8199999999999998,0.01,0.08491447071234386,False
13460,0.18500000000000005,0.01,0.10005466639995575,False
13461,0.06999999999999962,0.01,0.06725593097507954,False
13462,-1.5350000000000001,0.01,0.08636683970689774,False
13463,-1.5550000000000002,0.01,0.07433951894442241,False
13464,-1.26,0.01,0.06550974072888494,False
13465,-1.235,0.01,0.06792774423956871,False
13466,-0.5449999999999997,0.01,0.05517273722216487,False
13467,-1.2850000000000001,0.01,0.06839063297957182,False
13468,-0.875,0.01,0.10326816886663437,False
13469,-0.925,0.01,0.07913855835795403,False
13470,-1.25,0.01,0.1093304194509983,False
13471,-0.07500000000000018,0.01,0.07323373928666115,False
13472,-0.845,0.01,0.07008935883641243,False
13473,-1.54,0.01,0.06032570265233517,False
13474,-1.9649999999999999,0.01,0.0810507953994804,False
13475,-0.029999999999999805,0.01,0.07544649392366409,False
13476,-1.235,0.01,0.06512674157108579,False
13477,-0.9550000000000001,0.01,0.07596646249294281,False
13478,-1.355,0.01,0.06726982025429606,False
13479,-0.9299999999999999,0.01,0.040985092520713806,False
13480,-1.13,0.01,0.08291723765432835,False
13481,-0.8349999999999999,0.01,0.10085022076964378,False
13482,-1.24,0.01,0.07567664049565792,False
13483,-1.2449999999999999,0.01,0.06449529528617859,False
13484,-0.995,0.01,0.06648721471428871,False
13485,-0.535,0.01,0.077432603176151,False
13486,-1.5799999999999998,0.01,0.07332260068506002,False
13487,-0.525,0.01,0.07486931341035026,False
13488,-2.38,0.01,0.06972572041882409,False
13489,-0.36499999999999955,0.01,0.07107385247945786,False
13490,-0.31000000000000005,0.01,0.06872655420253675,False
13491,-1.52,0.01,0.07081885635852814,False
13492,-1.435,0.01,0.06924525834619999,False
13493,-1.15,0.01,0.0649388035138448,False
13494,-0.5349999999999997,0.01,0.08876039460301399,False
13495,-0.4200000000000004,0.01,0.07456862820046288,False
13496,-1.745,0.01,0.06589512526988983,False
13497,0.26000000000000023,0.01,0.06483536958694458,False
13498,-1.34,0.01,0.07180294891198476,False
13499,-0.63,0.01,0.07617070525884628,False
13500,-1.2950000000000004,0.01,0.07021996825933456,False
13501,-0.5400000000000001,0.01,0.10417355472842853,False
13502,-0.4399999999999997,0.01,0.0723174661397934,False
13503,-0.96,0.01,0.07853022590279579,False
13504,-1.7850000000000001,0.01,0.08219757080078124,False
13505,-0.14000000000000012,0.01,0.06023881584405899,False
13506,-2.355,0.01,0.07602891077597936,False
13507,0.07000000000000028,0.01,0.07398403808474541,False
13508,-0.94,0.01,0.06718521565198898,False
13509,-1.135,0.01,0.1053117960691452,False
13510,-1.955,0.01,0.07055177167057991,False
13511,-0.41500000000000004,0.01,0.08318278193473816,False
13512,-1.635,0.01,0.07052762247622013,False
13513,-0.7100000000000001,0.01,0.08649323197702567,False
13514,-1.645,0.01,0.08914384990930557,False
13515,-0.69,0.01,0.06966483741998672,False
13516,-0.8399999999999999,0.01,0.1184367686510086,False
13517,-1.4500000000000002,0.01,0.0841817557811737,False
13518,-1.0,0.01,0.059626325219869616,False
13519,-0.68,0.01,0.06594894751906395,False
13520,-1.67,0.01,0.06419837404973805,False
13521,-1.005,0.01,0.07782558972636859,False
13522,-1.34,0.01,0.04972241632640362,False
13523,-0.5249999999999999,0.01,0.045034922659397125,False
13524,-0.44000000000000006,0.01,0.07600571028888226,False
13525,-1.3800000000000001,0.01,0.09326672554016113,False
13526,-1.895,0.01,0.09397608637809754,False
13527,-0.8299999999999998,0.01,0.06899616867303848,False
13528,0.04499999999999993,0.01,0.06404288796087106,False
13529,-2.735,0.01,0.047578781843185425,False
13530,1.0450000000000004,0.01,0.06034998347361883,False
13531,-0.745,0.01,0.08686335384845734,False
13532,-1.9849999999999999,0.01,0.08051314763724804,False
13533,-1.0699999999999998,0.01,0.06957743410021067,False
13534,-1.09,0.01,0.08133026286959648,False
13535,-0.33499999999999996,0.01,0.07261716946959496,False
13536,-1.17,0.01,0.08380573367079099,False
13537,-1.54,0.01,0.08736129105091095,False
13538,-0.11500000000000021,0.01,0.06895562633872032,False
13539,-1.63,0.01,0.06352788209915161,False
13540,-1.83,0.01,0.06374038010835648,False
13541,0.05999999999999983,0.01,0.05302668176591396,False
13542,-1.25,0.01,0.0978590448697408,False
13543,-1.27,0.01,0.08212573546916246,False
13544,-0.5249999999999999,0.01,0.0469675250351429,False
13545,0.24,0.01,0.07415183633565903,False
13546,-2.04,0.01,0.085504449903965,False
13547,-0.645,0.01,0.12832575291395187,False
13548,-1.26,0.01,0.08761685279508431,False
13549,-0.8449999999999999,0.01,0.08680843934416771,False
13550,-1.96,0.01,0.07632824126631021,False
13551,-0.039999999999999813,0.01,0.0989472083747387,False
13552,0.15500000000000003,0.01,0.07605219632387161,False
13553,-2.035,0.01,0.08733965083956718,False
13554,0.1499999999999999,0.01,0.06412014178931713,False
13555,-1.845,0.01,0.05796032398939133,False
13556,-0.33000000000000007,0.01,0.05513127148151398,False
13557,-1.545,0.01,0.13428464904427528,False
13558,-1.4300000000000002,0.01,0.09320274367928505,False
13559,-0.6299999999999999,0.01,0.06144842132925987,False
13560,-1.375,0.01,0.07128838822245598,False
13561,-0.375,0.01,0.08506328985095024,False
13562,-1.67,0.01,0.06490785131851833,False
13563,-0.43500000000000005,0.01,0.08059383432070415,False
13564,-0.06500000000000028,0.01,0.08983342861756682,False
13565,-2.5,0.01,0.06908007860183715,False
13566,-0.7399999999999999,0.01,0.0835343524813652,False
13567,-0.33499999999999996,0.01,0.06019912101328373,False
13568,-2.135,0.01,0.09516176581382751,False
13569,1.0750000000000006,0.01,0.06938980519771576,False
13570,-1.4650000000000003,0.01,0.08632624987512827,False
13571,-0.9299999999999999,0.01,0.07496602088212967,False
13572,-0.65,0.01,0.09773295745253563,False
13573,-1.855,0.01,0.07066865389545758,False
13574,-1.24,0.01,0.08575691158572833,False
13575,-0.18999999999999995,0.01,0.0669172303751111,False
13576,-2.375,0.01,0.07828960381448269,False
13577,-0.12999999999999967,0.01,0.06483834516257048,False
13578,-1.145,0.01,0.07190180818239848,False
13579,-1.34,0.01,0.06237823702394962,False
13580,-0.4349999999999996,0.01,0.08954107761383057,False
13581,-1.395,0.01,0.09115255773067474,False
13582,-1.155,0.01,0.08336515227953593,False
13583,-0.33499999999999996,0.01,0.08347725123167038,False
13584,-1.54,0.01,0.061006082221865654,False
13585,-0.99,0.01,0.07448795065283775,False
13586,-1.53,0.01,0.1113726906478405,False
13587,-1.1099999999999999,0.01,0.08913905546069145,False
13588,-0.7499999999999996,0.01,0.05680441732207934,False
13589,-0.9449999999999998,0.01,0.0759177953004837,False
13590,-1.545,0.01,0.09773318469524384,False
13591,0.26,0.01,0.07879874110221863,False
13592,-1.3850000000000002,0.01,0.06160360276699066,False
13593,-0.64,0.01,0.05039528198540211,False
13594,-0.8600000000000001,0.01,0.0878724455833435,False
13595,-1.135,0.01,0.10948372632265091,False
13596,-0.845,0.01,0.055227264761924744,False
13597,-0.8800000000000002,0.01,0.0942330766055319,False
13598,-1.6400000000000001,0.01,0.07508902748425801,False
13599,-0.5399999999999999,0.01,0.10097147524356842,False
13600,-1.655,0.01,0.07231517384449641,False
13601,-1.0599999999999998,0.01,0.07080203543106715,False
13602,-1.25,0.01,0.08892134452859561,False
13603,-0.03499999999999992,0.01,0.053114112466573715,False
13604,-1.825,0.01,0.08351656422019005,False
13605,-1.2449999999999999,0.01,0.07492972413698833,False
13606,-0.5499999999999999,0.01,0.07336118320624034,False
13607,-1.24,0.01,0.10722537338733673,False
13608,-1.845,0.01,0.07561572268605232,False
13609,-1.4649999999999999,0.01,0.08309495635330677,False
13610,0.53,0.01,0.08132514812880093,False
13611,-1.8050000000000002,0.01,0.05656995251774788,False
13612,-0.9349999999999998,0.01,0.07976167276501656,False
13613,-1.65,0.01,0.08094200243552525,False
13614,0.23499999999999988,0.01,0.05822852440178394,False
13615,-1.3000000000000003,0.01,0.09079844132065773,False
13616,-2.165,0.01,0.07675391683975856,False
13617,-0.35499999999999976,0.01,0.07951677590608597,False
13618,-1.44,0.01,0.07599779963493347,False
13619,-0.15500000000000003,0.01,0.04832008481025696,False
13620,-1.145,0.01,0.09294808904329936,False
13621,-2.37,0.01,0.05629778280854225,False
13622,0.5700000000000001,0.01,0.07114888727664948,False
13623,-1.9,0.01,0.07300032178560893,False
13624,-1.145,0.01,0.14196153730154037,False
13625,-0.05499999999999994,0.01,0.07691625754038493,False
13626,-0.565,0.01,0.07356290239840746,False
13627,-1.635,0.01,0.08365525677800179,False
13628,-0.5750000000000001,0.01,0.07865593302994967,False
13629,-1.7349999999999999,0.01,0.0730079784989357,False
13630,-0.0349999999999997,0.01,0.1257968693971634,False
13631,0.1499999999999999,0.01,0.05998894448081652,False
13632,-1.935,0.01,0.11972006037831306,False
13633,-0.1250000000000001,0.01,0.05342904478311539,False
13634,-2.675,0.01,0.07543360535055399,False
13635,0.06500000000000039,0.01,0.05377778969705105,False
13636,-0.855,0.01,0.08212409416834514,False
13637,-1.135,0.01,0.07864337787032127,False
13638,-1.2850000000000001,0.01,0.07110280320048332,False
13639,-1.3699999999999999,0.01,0.07905709370970726,False
13640,-0.43000000000000016,0.01,0.06905799483259518,False
13641,-2.1550000000000002,0.01,0.053724595655997597,False
13642,-1.75,0.01,0.06604333097736041,False
13643,1.1400000000000006,0.01,0.10076733119785786,False
13644,-0.875,0.01,0.09775970503687859,False
13645,-1.115,0.01,0.045281365513801575,False
13646,-1.815,0.01,0.06823309014240901,False
13647,2.220446049250313e-16,0.01,0.07152500301599503,False
13648,-1.955,0.01,0.10580426454544067,False
13649,0.1499999999999999,0.01,0.06605736911296844,False
13650,-1.8750000000000002,0.01,0.08740987587306234,False
13651,-1.7999999999999998,0.01,0.25181907415390015,False
13652,-0.4299999999999997,0.01,0.07861370965838432,False
13653,-0.3450000000000001,0.01,0.10411105304956436,False
13654,-1.1400000000000001,0.01,0.06179463863372803,False
13655,-0.9299999999999999,0.01,0.09035255759954453,False
13656,-1.275,0.01,0.11460446193814278,False
13657,-1.655,0.01,0.10054274400075276,False
13658,-0.55,0.01,0.062377944588661194,False
13659,-0.9650000000000001,0.01,0.07633884747823079,False
13660,-0.875,0.01,0.0864892065525055,False
13661,-0.5449999999999999,0.01,0.06524272821843624,False
13662,-1.055,0.01,0.06625697761774063,False
13663,-1.8399999999999999,0.01,0.029895639047026634,False
13664,-0.6299999999999999,0.01,0.08116305992007256,False
13665,-0.7599999999999999,0.01,0.07414240638415019,False
13666,-1.625,0.01,0.10578452423214912,False
13667,0.04500000000000015,0.01,0.0792164405186971,False
13668,-2.1550000000000002,0.01,0.08376042793194453,False
13669,-0.7449999999999999,0.01,0.08233342319726944,False
13670,0.8299999999999998,0.01,0.1265434194356203,False
13671,-1.645,0.01,0.06835713610053062,False
13672,-1.19,0.01,0.055325448513031006,False
13673,-1.37,0.01,0.08694991221030553,False
13674,-1.315,0.01,0.06949678373833497,False
13675,-0.5499999999999999,0.01,0.09804450472195943,False
13676,-0.865,0.01,0.05959355365484953,False
13677,-1.17,0.01,0.09473760674397151,False
13678,-0.13,0.01,0.05565355718135834,False
13679,-1.5250000000000001,0.01,0.07309432540621076,False
13680,-1.32,0.01,0.07505243271589279,False
13681,-0.4850000000000001,0.01,0.06099229585379362,False
13682,-1.2550000000000001,0.01,0.08377846082051595,False
13683,-1.6800000000000002,0.01,0.0760557398200035,False
13684,-1.1400000000000001,0.01,0.06462547928094864,False
13685,-1.455,0.01,0.06557130565245946,False
13686,-1.13,0.01,0.09065749496221542,False
13687,-0.43999999999999995,0.01,0.07878058776259422,False
13688,-2.4450000000000003,0.01,0.07659636282672484,False
13689,0.26500000000000035,0.01,0.10745282843708992,False
13690,-0.94,0.01,0.17925769339005151,False
13691,-0.91,0.01,0,False
13692,-0.645,0.01,0.07492625464995702,False
13693,-1.205,0.01,0.07483373805880547,False
13694,-2.215,0.01,0.08577403256838972,False
13695,-0.85,0.01,0.08733626206715901,False
13696,-1.15,0.01,0.08646602431933086,False
13697,-0.08499999999999996,0.01,0.05989513825625181,False
13698,-1.35,0.01,0.06068310638268789,False
13699,-1.7950000000000006,0.01,0.07932422250509262,False
13700,-1.67,0.01,0.0655473219230771,False
13701,-0.47499999999999987,0.01,0.08148050266835424,False
13702,-1.6800000000000002,0.01,0.1021780725568533,False
13703,0.21999999999999953,0.01,0.06647645588964224,False
13704,-1.215,0.01,0.13182921707630157,False
13705,-1.475,0.01,0.08537553064525127,False
13706,-0.03500000000000014,0.01,0.06771885497229439,False
13707,-2.265,0.01,0.09054399910382926,False
13708,-0.9299999999999999,0.01,0.08426588773727417,False
13709,-1.7000000000000002,0.01,0.07092998214066029,False
13710,0.08500000000000019,0.01,0.07446205615997314,False
13711,-1.23,0.01,0.10393544286489487,False
13712,-0.6249999999999999,0.01,0.07515648752450943,False
13713,-1.155,0.01,0.0868174930413564,False
13714,-1.175,0.01,0.08507092483341694,False
13715,-0.6800000000000003,0.01,0.08151012808084487,False
13716,-0.16500000000000004,0.01,0.07426765436927478,False
13717,-1.5,0.01,0.07578591754039128,False
13718,-0.7999999999999999,0.01,0.06470203138887883,False
13719,-1.645,0.01,0.06622584164142609,False
13720,-0.45500000000000007,0.01,0.09269846975803375,False
13721,-0.825,0.01,0.07577891647815704,False
13722,-1.135,0.01,0.07540334016084671,False
13723,-1.1400000000000001,0.01,0.07834450528025627,False
13724,-0.72,0.01,0.06765527278184891,False
13725,-1.9250000000000003,0.01,0.07005122197525841,False
13726,-0.92,0.01,0.05588938295841217,False
13727,-0.27,0.01,0.0576296029612422,False
13728,-1.545,0.01,0.06580128706991673,False
13729,-1.135,0.01,0.07332103699445724,False
13730,-1.3150000000000002,0.01,0.07182485051453114,False
13731,-0.9850000000000001,0.01,0.06809535920619965,False
13732,-1.1900000000000002,0.01,0.08373724967241288,False
13733,-1.57,0.01,0.056950741757949196,False
13734,-0.4299999999999997,0.01,0.1010768935084343,False
13735,-0.585,0.01,0.09589394330978393,False
13736,-2.145,0.01,0.08453924208879471,False
13737,-0.5299999999999999,0.01,0.057473089545965195,False
13738,-0.7649999999999999,0.01,0.07050963615377744,False
13739,-1.835,0.01,0.0737848449498415,False
13740,-0.125,0.01,0.07163993801389422,False
13741,-0.0950000000000002,0.01,0.0777818888425827,False
13742,-1.11,0.01,0.11587810516357422,False
13743,-1.0,0.01,0.074824358522892,False
13744,-1.21,0.01,0.04238162934780121,False
13745,-0.86,0.01,0.11174772431453069,False
13746,-1.155,0.01,0.06553269922733307,False
13747,-1.2650000000000001,0.01,0.07257333863526583,False
13748,-1.855,0.01,0.06937837600708008,False
13749,-0.15999999999999992,0.01,0.07928263147672017,False
13750,-0.65,0.01,0.07731412599484126,False
13751,-1.22,0.01,0.09293186664581299,False
13752,-0.84,0.01,0.0565844364464283,False
13753,-1.6550000000000002,0.01,0.062288387368122734,False
13754,-1.25,0.01,0.07204822326699893,False
13755,-1.14,0.01,0.06962239742279053,False
13756,-0.32999999999999996,0.01,0.06943462789058685,False
13757,-1.53,0.01,0.09851736947894096,False
13758,-1.2,0.01,0.0861058585345745,False
13759,-0.525,0.01,0.03898046910762787,False
13760,-1.245,0.01,0.0749641718963782,False
13761,-0.715,0.01,0.08544211089611053,False
13762,-1.08,0.01,0.05954993888735771,False
13763,-1.73,0.01,0.07594369724392891,False
13764,-0.30999999999999994,0.01,0.05562840774655342,False
13765,-2.33,0.01,0.11137434095144272,False
13766,0.44500000000000006,0.01,0.11482507611314456,False
13767,-1.33,0.01,0.06772152706980705,False
13768,-0.845,0.01,0.09207066893577576,False
13769,-1.22,0.01,0.07618579268455505,False
13770,-2.3200000000000003,0.01,0.05870752284924189,False
13771,0.27000000000000024,0.01,0.07958768308162689,False
13772,-0.07499999999999996,0.01,0.0787713322788477,False
13773,-1.32,0.01,0.0640229880809784,False
13774,-1.31,0.01,0.051043711602687836,False
13775,-0.9400000000000002,0.01,0.07417778511132513,False
13776,-0.93,0.01,0.04539923928678036,False
13777,-0.61,0.01,0.04027462750673294,False
13778,-1.33,0.01,0.06078681722283363,False
13779,-1.01,0.01,0,False
13780,-1.5550000000000002,0.01,0.06225107858578364,False
13781,-0.10999999999999999,0.01,0.07512456923723221,False
13782,-1.5350000000000001,0.01,0.08159086108207703,False
13783,-1.115,0.01,0.06347015500068665,False
13784,-0.935,0.01,0.09138713032007217,False
13785,-0.63,0.01,0.07914884760975838,False
13786,-1.115,0.01,0.06656250357627869,False
13787,-1.35,0.01,0.05868278443813324,False
13788,-0.4700000000000001,0.01,0.08937043944994609,False
13789,-0.7200000000000001,0.01,0.06782341748476028,False
13790,-1.4100000000000001,0.01,0.08324778079986572,False
13791,-0.4700000000000001,0.01,0.07474984849492709,False
13792,-0.555,0.01,0.08137014508247375,False
13793,-1.815,0.01,0.07170602679252625,False
13794,-0.31999999999999995,0.01,0.05424385331571102,False
13795,-0.7050000000000001,0.01,0,False
13796,-0.94,0.01,0.09908223400513332,False
13797,-0.815,0.01,0.13187459111213684,False
13798,-1.105,0.01,0.08477223291993141,False
13799,-0.79,0.01,0.0684469260275364,False
13800,-1.22,0.01,0.0676002949476242,False
13801,-0.91,0.01,0.08225805312395096,False
13802,-1.11,0.01,0.11181583255529404,False
13803,-1.455,0.01,0.06381613140304883,False
13804,-0.20999999999999996,0.01,0,False
13805,-1.9100000000000001,0.01,0.08393634855747223,False
13806,-1.375,0.01,0.07658413518220186,False
13807,-0.65,0.01,0.09089381496111552,False
13808,-0.6299999999999999,0.01,0.06547612696886063,False
13809,-1.335,0.01,0.10011155903339386,False
13810,-1.455,0.01,0.06152376905083656,False
13811,-0.92,0.01,0.0300845168530941,False
13812,-0.92,0.01,0.05000483617186546,False
13813,-0.725,0.01,0.056330619379878044,False
13814,-1.11,0.01,0,False
13815,-0.53,0.01,0.06904074549674988,False
13816,-1.525,0.01,0.047899091616272926,False
13817,-0.605,0.01,0.08617452830076218,False
13818,-1.51,0.01,0.09514480829238892,False
13819,-0.625,0.01,0.05464961752295494,False
13820,-0.71,0.01,0.0634014680981636,False
13821,-2.01,0.01,0.06918059289455414,False
13822,-0.91,0.01,0.05233922228217125,False
13823,-0.42500000000000004,0.01,0.052075594663619995,False
13824,-1.035,0.01,0.08402632735669613,False
13825,-0.10999999999999999,0.01,0.05314964801073074,False
13826,-1.03,0.01,0.058515165001153946,False
13827,-0.61,0.01,0.4997958242893219,False
13828,-1.83,0.01,0.08025638945400715,False
13829,-1.51,0.01,0.04343147948384285,False
13830,-0.57,0.01,0.07617192715406418,False
13831,-0.74,0.01,0.08272433280944824,False
13832,-0.9450000000000001,0.01,0.06276872754096985,False
13833,-1.115,0.01,0.08957696706056595,False
13834,-0.8300000000000001,0.01,0.06032862886786461,False
13835,-1.53,0.01,0.061522822827100754,False
13836,-1.215,0.01,0.0707937553524971,False
13837,-0.41000000000000003,0.01,0.07809257507324219,False
13838,-1.045,0.01,0.10789886862039566,False
13839,-1.225,0.01,0.09073431044816971,False
13840,-1.71,0.01,0.058781832456588745,False
13841,-0.6349999999999999,0.01,0.12077293917536736,False
13842,-1.3250000000000002,0.01,0.06869862973690033,False
13843,-1.125,0.01,0.05313395708799362,False
13844,-0.5099999999999999,0.01,0,False
13845,-1.33,0.01,0.07290089875459671,False
13846,-0.71,0.01,0.0470912903547287,False
13847,-0.935,0.01,0.07857336662709713,False
13848,-1.0350000000000001,0.01,0.06261110678315163,False
13849,-0.52,0.01,0.057526323944330215,False
13850,-1.52,0.01,0.05943921580910683,False
13851,-0.73,0.01,0.07551059871912003,False
13852,-1.415,0.01,0.08460265398025513,False
13853,-1.155,0.01,0.08143769452969234,False
13854,-0.42499999999999993,0.01,0.0638046320527792,False
13855,-1.31,0.01,0,False
13856,-0.815,0.01,0.07587532699108124,False
13857,-0.1399999999999999,0.01,0.07151976476113002,False
13858,-1.3450000000000002,0.01,0.044058505445718765,False
13859,-1.77,0.01,0.07211744661132495,False
13860,-0.30999999999999994,0.01,0.1298748403787613,False
13861,-0.71,0.01,0.06523806601762772,False
13862,-1.1300000000000001,0.01,0.09064316004514694,False
13863,-0.91,0.01,0.10546046495437622,False
13864,-0.935,0.01,0.07267754524946213,False
13865,-1.12,0.01,0.03955923765897751,False
13866,-0.93,0.01,0.06262306310236454,False
13867,-1.32,0.01,0.037899620831012726,False
13868,-1.31,0.01,0.07182303816080093,False
13869,-1.11,0.01,0.05424416437745094,False
13870,-0.30999999999999994,0.01,0.07001745700836182,False
13871,-1.6150000000000002,0.01,0.06015700101852417,False
13872,-0.835,0.01,0.08642136678099632,False
13873,-1.01,0.01,0,False
13874,-0.815,0.01,0.07405319809913635,False
13875,-1.31,0.01,0.07199732959270477,False
13876,-1.31,0.01,0.08287365734577179,False
13877,-0.33999999999999997,0.01,0.10816844180226326,False
13878,-0.915,0.01,0.06864885240793228,False
13879,-1.5150000000000001,0.01,0.05420185625553131,False
13880,-0.94,0.01,0.05823156610131264,False
13881,-1.1300000000000001,0.01,0.0750146172940731,False
13882,-1.155,0.01,0.05978018045425415,False
13883,-0.69,0.01,0.08521152511239052,False
13884,-1.3250000000000002,0.01,0.036385778337717056,False
13885,-0.4600000000000001,0.01,0.09445645939558744,False
13886,-1.9200000000000002,0.01,0.0882761999964714,False
13887,-0.009999999999999787,0.01,0.07047020643949509,False
13888,-1.415,0.01,0.05342291295528412,False
13889,-0.91,0.01,0,False
13890,-1.01,0.01,0.05512954294681549,False
13891,-1.1500000000000001,0.01,0.06670676916837692,False
13892,-1.0150000000000001,0.01,0.06356862932443619,False
13893,-1.21,0.01,0.0509316548705101,False
13894,-0.81,0.01,0,False
13895,-1.0750000000000002,0.01,0.060702874325215816,False
13896,-1.23,0.01,0.07904135808348656,False
13897,-0.61,0.01,0.04398423433303833,False
13898,-1.4100000000000001,0.01,0.1053936779499054,False
13899,-0.735,0.01,0.07345662266016006,False
13900,-1.71,0.01,0,False
13901,-0.65,0.01,0.10085547467072804,False
13902,-0.725,0.01,0.12923663854599,False
13903,-1.025,0.01,0.07661497592926025,False
13904,-1.1700000000000002,0.01,0.07254293467849493,False
13905,-0.32500000000000007,0.01,0.10498639941215515,False
13906,-1.435,0.01,0.07692931592464447,False
13907,-0.8150000000000001,0.01,0.07029107213020325,False
13908,0.2649999999999999,0.01,0.06847946345806122,False
13909,-0.9700000000000001,0.01,0.08973241783678532,False
13910,-1.6150000000000002,0.01,0.038851797580718994,False
13911,-0.56,0.01,0.09345328932007153,False
13912,-1.6300000000000001,0.01,0.1049751415848732,False
13913,-0.7299999999999999,0.01,0.05294346809387207,False
13914,-0.15999999999999992,0.01,0.052937962114810944,False
13915,-0.4099999999999999,0.01,0.0697183758020401,False
13916,-1.6099999999999999,0.01,0,False
13917,-1.2800000000000002,0.01,0.08440091460943222,False
13918,0.19000000000000017,0.01,0,False
13919,-1.335,0.01,0.0890079140663147,False
13920,-1.2550000000000001,0.01,0.06456008429328601,False
13921,-1.35,0.01,0.045527649422486625,False
13922,0.2250000000000001,0.01,0.08477808255702257,False
13923,-0.8400000000000001,0.01,0.05776688953240713,False
13924,-1.2750000000000001,0.01,0.08572697779163718,False
13925,-1.1400000000000001,0.01,0.06372823938727379,False
13926,-1.175,0.01,0.06240950617939234,False
13927,-1.225,0.01,0.10191911458969116,False
13928,-0.725,0.01,0.08500920236110687,False
13929,-0.9200000000000002,0.01,0.08130572736263275,False
13930,-1.01,0.01,0.0721605122089386,False
13931,-2.02,0.01,0.09224369376897812,False
13932,-0.925,0.01,0.06710071675479412,False
13933,-0.5149999999999999,0.01,0.08769974112510681,False
13934,-1.01,0.01,0,False
13935,-1.0350000000000001,0.01,0.07911975495517254,False
13936,-0.51,0.01,0.08682708442211151,False
13937,-1.3650000000000002,0.01,0.08019938878715038,False
13938,-1.125,0.01,0.06981547176837921,False
13939,-0.85,0.01,0.08928667505582173,False
13940,-0.635,0.01,0.07169246673583984,False
13941,-1.52,0.01,0.027139458805322647,False
13942,-1.01,0.01,0.08569706976413727,False
13943,-0.97,0.01,0.09091809950768948,False
13944,-1.415,0.01,0.05890100821852684,False
13945,-0.91,0.01,0,False
13946,-1.0150000000000001,0.01,0.04403933882713318,False
13947,-0.55,0.01,0.0859868402282397,False
13948,-1.5250000000000001,0.01,0.05807191878557205,False
13949,-0.81,0.01,0,False
13950,-1.32,0.01,0.0772562175989151,False
13951,-1.21,0.01,0,False
13952,-0.4099999999999999,0.01,0.06129372492432594,False
13953,-1.11,0.01,0.06145525723695755,False
13954,-1.95,0.01,0.03987419853607813,False
13955,-0.06000000000000005,0.01,0.0691069985429446,False
13956,-0.94,0.01,0.054446157068014145,False
13957,-0.61,0.01,0.06612119823694229,False
13958,-1.32,0.01,0.0763590931892395,False
13959,-1.4500000000000002,0.01,0.08406145125627518,False
13960,-0.81,0.01,0.05713984742760658,False
13961,-1.655,0.01,0.09375305473804474,False
13962,-0.9199999999999999,0.01,0.043575771152973175,False
13963,-1.01,0.01,0.06160788610577583,False
13964,-1.1300000000000001,0.01,0.08121182024478912,False
13965,-0.17000000000000015,0.01,0.06546883564442396,False
13966,-0.8049999999999999,0.01,0.15479718148708344,False
13967,-0.725,0.01,0.03898042440414429,False
13968,-0.625,0.01,0.0607803612947464,False
13969,-0.825,0.01,0.07697391510009766,False
13970,-1.52,0.01,0.12704359740018845,False
13971,-1.31,0.01,0,False
13972,-0.41000000000000003,0.01,0.08200366050004959,False
13973,-1.4300000000000002,0.01,0.08253675699234009,False
13974,-1.23,0.01,0.11861926317214966,False
13975,-1.7400000000000002,0.01,0.08125422149896622,False
13976,-0.02499999999999991,0.01,0.09979349374771118,False
13977,-1.51,0.01,0.08160386979579926,False
13978,-0.21999999999999997,0.01,0.059572141617536545,False
13979,-1.11,0.01,0.09124565124511719,False
13980,-1.05,0.01,0.055509816855192184,False
13981,-1.09,0.01,0.08474398702383042,False
13982,-1.63,0.01,0.09630794078111649,False
13983,-0.615,0.01,0.11429637670516968,False
13984,-1.2200000000000002,0.01,0.0683533496090344,False
13985,-0.8150000000000001,0.01,0.07260830079515775,False
13986,-1.55,0.01,0.045136718079447746,False
13987,-0.71,0.01,0.11719591915607452,False
13988,-1.0350000000000001,0.01,0.10834217444062233,False
13989,-1.7149999999999999,0.01,0.08422056585550308,False
13990,-1.11,0.01,0.07002028822898865,False
13991,0.07000000000000006,0.01,0.0788496807217598,False
13992,-1.53,0.01,0.1367519497871399,False
13993,-1.31,0.01,0.09306003153324127,False
13994,-0.5449999999999999,0.01,0.05794628709554672,False
13995,-1.4100000000000001,0.01,0,False
13996,-0.5299999999999999,0.01,0.04749141074717045,False
13997,-1.735,0.01,0.06682761226381574,False
13998,-0.56,0.01,0.08609683066606522,False
13999,-1.4300000000000002,0.01,0.06996600516140461,False
14000,-0.61,0.01,0.12149360030889511,False
14001,-1.225,0.01,0.06597764045000076,False
14002,-1.51,0.01,0.08307120203971863,False
14003,-1.01,0.01,0.04852501302957535,False
14004,-0.5549999999999999,0.01,0.058833676079909004,False
14005,-0.71,0.01,0.040456779301166534,False
14006,-1.3000000000000003,0.01,0.09442513585090637,False
14007,-0.655,0.01,0.08278555671374004,False
14008,-1.6900000000000002,0.01,0.0791746884584427,False
14009,-0.61,0.01,0,False
14010,-0.84,0.01,0.05744451532761256,False
14011,-2.1399999999999997,0.01,0.06080924719572067,False
14012,-0.91,0.01,0.07325074076652527,False
14013,-1.225,0.01,0.10056564211845398,False
14014,-0.6649999999999999,0.01,0.09183892048895359,False
14015,-0.71,0.01,0,False
14016,0.9700000000000002,0.01,0.06643963791429996,False
14017,-0.9500000000000001,0.01,0.09208833426237106,False
14018,-1.865,0.01,0.071053022518754,False
14019,-1.25,0.01,0.09551226844390233,False
14020,0.19000000000000017,0.01,0,False
14021,-1.215,0.01,0.12620356678962708,False
14022,-0.8099999999999999,0.01,0.047352537512779236,False
14023,-1.7900000000000003,0.01,0.08308076858520508,False
14024,-1.235,0.01,0.10072844102978706,False
14025,-1.445,0.01,0.07951264642179012,False
14026,-0.32999999999999996,0.01,0.06900923326611519,False
14027,-0.71,0.01,0.09210054576396942,False
14028,-0.81,0.01,0.09016480296850204,False
14029,-0.8099999999999999,0.01,0,False
14030,-1.71,0.01,0.08092799782752991,False
14031,-0.91,0.01,0.03938993066549301,False
14032,-1.29,0.01,0.061385777592658994,False
14033,-1.11,0.01,0,False
14034,-0.5099999999999999,0.01,0.08472031354904175,False
14035,-1.6150000000000002,0.01,0.0645243227481842,False
14036,-0.42499999999999993,0.01,0.10384285263717175,False
14037,-1.1400000000000001,0.01,0.09804985778672355,False
14038,1.1700000000000004,0.01,0.10961874201893806,False
14039,-1.4100000000000001,0.01,0.13131308555603027,False
14040,-1.6099999999999999,0.01,0.07839567214250565,False
14041,-0.915,0.01,0.12468981742858887,False
14042,0.09000000000000008,0.01,0,False
14043,-1.525,0.01,0.065434779971838,False
14044,-1.9,0.01,0.10046696960926056,False
14045,-0.4099999999999999,0.01,0.08748770505189896,False
14046,-1.145,0.01,0.10227638110518456,False
14047,-1.235,0.01,0.08793242914336068,False
14048,-1.01,0.01,0.08620457351207733,False
14049,-1.3,0.01,0.05751534551382065,False
14050,-0.1299999999999999,0.01,0.06919363886117935,False
14051,-0.8100000000000003,0.01,0.08133421589930852,False
14052,-2.235,0.01,0.059197915717959404,False
14053,-0.575,0.01,0.09457599651068449,False
14054,-1.99,0.01,0.06648561730980873,False
14055,-0.4500000000000002,0.01,0.08018448545287053,False
14056,-1.185,0.01,0.09427624940872192,False
14057,-0.16000000000000014,0.01,0.07739648719628651,False
14058,-1.6400000000000001,0.01,0.05212134122848511,False
14059,-1.65,0.01,0.08859369407097499,False
14060,-0.36,0.01,0.07324692606925964,False
14061,-1.4700000000000002,0.01,0.08057807572185993,False
14062,-1.335,0.01,0.07312286645174026,False
14063,-0.4099999999999999,0.01,0.0761149600148201,False
14064,-1.415,0.01,0.07587500661611557,False
14065,-0.6649999999999999,0.01,0.0823852891723315,False
14066,-1.27,0.01,0.07502281945198774,False
14067,-1.05,0.01,0.08603300030032794,False
14068,-0.6350000000000001,0.01,0.06887761184147426,False
14069,-1.0650000000000002,0.01,0.07910742362340291,False
14070,-0.7450000000000001,0.01,0.08920793235301971,False
14071,-2.495,0.01,0.06767363287508488,False
14072,-0.31999999999999995,0.01,0.0961972326040268,False
14073,-1.635,0.01,0.06847703270614147,False
14074,0.08500000000000019,0.01,0.08326717466115952,False
14075,-1.8250000000000002,0.01,0.11901374906301498,False
14076,0.7349999999999994,0.01,0.0671650655567646,False
14077,-0.7849999999999999,0.01,0.07951654866337776,False
14078,-0.915,0.01,0.09632101655006409,False
14079,-2.175,0.01,0.07743308320641518,False
14080,-0.8300000000000001,0.01,0.08559873172392447,False
14081,-1.2650000000000001,0.01,0.06358158215880394,False
14082,0.28000000000000025,0.01,0.06553099676966667,False
14083,-2.165,0.01,0.06666985526680946,False
14084,0.8850000000000002,0.01,0.06057945638895035,False
14085,-1.53,0.01,0.12652435153722763,False
14086,-0.8099999999999999,0.01,0.06869426369667053,False
14087,-1.405,0.01,0.09669863283634186,False
14088,-1.2600000000000002,0.01,0.07613549298710293,False
14089,-0.375,0.01,0.09447383973747492,False
14090,-2.23,0.01,0.07586637139320374,False
14091,-0.015000000000000013,0.01,0.07057372480630875,False
14092,-1.31,0.01,0.047440364956855774,False
14093,0.29499999999999993,0.01,0.05398743972182274,False
14094,-1.56,0.01,0.0905917485555013,False
14095,-0.885,0.01,0.0780172474682331,False
14096,-1.575,0.01,0.08333886601030827,False
14097,-0.905,0.01,0.08066159784793854,False
14098,-0.9450000000000001,0.01,0.06684022645155589,False
14099,-1.56,0.01,0.06895198797186215,False
14100,-0.27,0.01,0.07662684718767802,False
14101,-1.695,0.01,0.05417711436748505,False
14102,-0.3800000000000001,0.01,0.07063391711562872,False
14103,-1.83,0.01,0.07269423641264439,False
14104,-1.595,0.01,0.057792557030916215,False
14105,0.7349999999999999,0.01,0.07829499617218971,False
14106,-1.9900000000000002,0.01,0.05687682330608368,False
14107,-2.015,0.01,0.0690827254544605,False
14108,-0.8099999999999996,0.01,0.08740886300802231,False
14109,-0.3900000000000001,0.01,0.0726626172129597,False
14110,-1.08,0.01,0.09672179520130157,False
14111,-0.94,0.01,0.09292395785450935,False
14112,-1.56,0.01,0.08102394143740337,False
14113,-0.525,0.01,0.07230622507631779,False
14114,-1.3800000000000001,0.01,0.07854434289038181,False
14115,-0.725,0.01,0.07752779126167297,False
14116,-1.115,0.01,0.08441214139262836,False
14117,-2.455,0.01,0.08492810651659966,False
14118,-0.04000000000000026,0.01,0.0727492613861194,False
14119,-0.82,0.01,0.05932313948869705,False
14120,-1.6749999999999998,0.01,0.08213996980339289,False
14121,-0.6550000000000002,0.01,0.07629978160063426,False
14122,0.0800000000000003,0.01,0.08045563101768494,False
14123,-2.25,0.01,0.07317899167537689,False
14124,-0.06999999999999984,0.01,0.06829710118472576,False
14125,-1.2449999999999999,0.01,0.08071697130799294,False
14126,-1.11,0.01,0.07050177454948425,False
14127,-0.64,0.01,0.10780773684382439,False
14128,-2.125,0.01,0.066328682936728,False
14129,-0.3899999999999999,0.01,0.08232772052288055,False
14130,-0.935,0.01,0.05699256435036659,False
14131,-1.995,0.01,0.07810714989900588,False
14132,-0.83,0.01,0.05096941813826561,False
14133,-0.11499999999999999,0.01,0.0583016462624073,False
14134,-1.1900000000000002,0.01,0.07461036145687103,False
14135,-1.4649999999999999,0.01,0.0847155898809433,False
14136,-1.4500000000000002,0.01,0.06744454428553581,False
14137,0.06000000000000005,0.01,0.08870719869931538,False
14138,-1.4300000000000002,0.01,0.04161812365055084,False
14139,-1.125,0.01,0.05422707088291645,False
14140,-0.725,0.01,0.09657175093889236,False
14141,-1.545,0.01,0.06709642584125201,False
14142,-0.30999999999999994,0.01,0.06530400365591049,False
14143,-1.745,0.01,0.08462345919438771,False
14144,-1.38,0.01,0.07955361623317003,False
14145,-0.92,0.01,0.0589260355170284,False
14146,-0.16000000000000014,0.01,0.05935030554731687,False
14147,-1.55,0.01,0.05737695470452309,False
14148,-0.515,0.01,0.04536358639597893,False
14149,-1.4300000000000002,0.01,0.03193524479866028,False
14150,-2.06,0.01,0.06899937614798546,False
14151,-0.040000000000000036,0.01,0.08822648786008358,False
14152,-1.225,0.01,0.06593717634677887,False
14153,-2.0300000000000002,0.01,0.06969705348213513,False
14154,1.245000000000001,0.01,0.0460558719933033,False
14155,-1.585,0.01,0.06356942355632782,False
14156,-1.05,0.01,0.0717648019393285,False
14157,-0.545,0.01,0.04376748949289322,False
14158,-1.74,0.01,0.09134040027856827,False
14159,-0.985,0.01,0.08731063008308411,False
14160,-0.51,0.01,0.08610560745000839,False
14161,-2.175,0.01,0.04948468506336212,False
14162,-0.32499999999999996,0.01,0.09727846086025238,False
14163,-1.8050000000000002,0.01,0.08684166520833969,False
14164,0.09000000000000008,0.01,0,False
14165,-1.61,0.01,0.061432134360075,False
14166,-0.735,0.01,0.06776245683431625,False
14167,-1.1300000000000001,0.01,0.06025003641843796,False
14168,-1.0350000000000001,0.01,0.07384275645017624,False
14169,-1.52,0.01,0.07307168406744798,False
14170,-1.835,0.01,0.0540462750941515,False
14171,-0.45499999999999985,0.01,0.06487527986367543,False
14172,-0.4149999999999999,0.01,0.0407399944961071,False
14173,-1.07,0.01,0.08024714142084122,False
14174,-0.76,0.01,0.06641978646318118,False
14175,-1.565,0.01,0.04562014248222113,False
14176,-0.84,0.01,0.08064662665128708,False
14177,-1.7200000000000002,0.01,0.044406771659851074,False
14178,-0.15500000000000003,0.01,0.0635531557102998,False
14179,-1.2750000000000001,0.01,0.07254059240221977,False
14180,-1.685,0.01,0.06320488750934601,False
14181,0.5450000000000002,0.01,0.08406446501612663,False
14182,-0.67,0.01,0.05993848945945501,False
14183,-1.625,0.01,0.0755813792347908,False
14184,-0.685,0.01,0.06374385133385659,False
14185,-0.95,0.01,0.07227997109293938,False
14186,-0.81,0.01,0.04555096477270126,False
14187,-1.7200000000000002,0.01,0.07461397349834442,False
14188,-1.1300000000000001,0.01,0.07445777021348476,False
14189,-0.44000000000000006,0.01,0.079853605479002,False
14190,-1.11,0.01,0.05130244791507721,False
14191,-0.71,0.01,0.06762878596782684,False
14192,-1.83,0.01,0.05537441000342369,False
14193,-0.84,0.01,0.058696821331977844,False
14194,-0.33000000000000007,0.01,0.09391623735427856,False
14195,-1.4450000000000003,0.01,0.07255229726433754,False
14196,-1.0350000000000001,0.01,0.048186738044023514,False
14197,-1.275,0.01,0.06827351730316877,False
14198,-1.2600000000000002,0.01,0.06498930975794792,False
14199,-0.72,0.01,0.07415666431188583,False
14200,-0.8099999999999999,0.01,0,False
14201,-1.51,0.01,0.07425662130117416,False
14202,-0.004999999999999893,0.01,0.14028391242027283,False
14203,-0.725,0.01,0.050310373306274414,False
14204,-1.21,0.01,0.06560562551021576,False
14205,-1.0750000000000002,0.01,0.07214286364614964,False
14206,-0.725,0.01,0.0695859007537365,False
14207,-1.01,0.01,0,False
14208,-1.625,0.01,0.04709014296531677,False
14209,-1.03,0.01,0.06231315992772579,False
14210,-0.615,0.01,0.08688253164291382,False
14211,-1.4300000000000002,0.01,0.04782041907310486,False
14212,-1.11,0.01,0.07479219262798627,False
14213,-0.41999999999999993,0.01,0.07827596366405487,False
14214,-1.03,0.01,0.09136004745960236,False
14215,-1.51,0.01,0.11978994309902191,False
14216,-0.515,0.01,0.07392527163028717,False
14217,-1.31,0.01,0.05146091803908348,False
14218,-0.615,0.01,0.062286339700222015,False
14219,-1.3250000000000002,0.01,0.07022572308778763,False
14220,-1.9700000000000002,0.01,0.06616001669317484,False
14221,-0.3350000000000001,0.01,0.03618265688419342,False
14222,-1.23,0.01,0.171502523124218,False
14223,-0.915,0.01,0.09626611322164536,False
14224,-0.11499999999999999,0.01,0.19077080488204956,False
14225,-2.2249999999999996,0.01,0.07187880575656891,False
14226,-0.14,0.01,0.07006330601871014,False
14227,-0.925,0.01,0.07836062274873257,False
14228,-2.42,0.01,0.06432107277214527,False
14229,-0.17999999999999972,0.01,0.08850853703916073,False
14230,-0.9299999999999999,0.01,0.08774672821164131,False
14231,-1.11,0.01,0.0590585358440876,False
14232,-1.31,0.01,0.04817800223827362,False
14233,-0.30999999999999994,0.01,0,False
14234,-1.445,0.01,0.059463037798802056,False
14235,-1.22,0.01,0.08815167844295502,False
14236,-0.925,0.01,0.06607162021100521,False
14237,-0.6549999999999999,0.01,0.08117704217632611,False
14238,-1.11,0.01,0,False
14239,-1.03,0.01,0.07102431729435921,False
14240,-1.215,0.01,0.08156660944223404,False
14241,-0.51,0.01,0.04035363346338272,False
14242,-1.725,0.01,0.04483319818973541,False
14243,-1.12,0.01,0.0663665160536766,False
14244,-0.24,0.01,0.08553018048405647,False
14245,-1.95,0.01,0.06297849367062251,False
14246,-1.0150000000000001,0.01,0.07374569028615952,False
14247,-1.56,0.01,0.0629664125541846,False
14248,-0.5199999999999999,0.01,0.05691618472337723,False
14249,-0.30999999999999994,0.01,0.031649380922317505,False
14250,-1.02,0.01,0.09796604514122009,False
14251,-2.3000000000000003,0.01,0.05840923301875591,False
14252,-0.41000000000000003,0.01,0.06826166063547134,False
14253,-1.63,0.01,0.07388732582330704,False
14254,-0.2599999999999998,0.01,0.06267298618331552,False
14255,-1.11,0.01,0.06936629116535187,False
14256,0.28,0.01,0.0448426827788353,False
14257,-1.71,0.01,0.0839792788028717,False
14258,-1.145,0.01,0.0718955968817075,False
14259,-0.6449999999999999,0.01,0.09684251993894577,False
14260,-0.03500000000000014,0.01,0.04741893894970417,False
14261,-1.31,0.01,0.034987304359674454,False
14262,-0.71,0.01,0.07029420137405396,False
14263,-0.71,0.01,0.10911759734153748,False
14264,-0.735,0.01,0.07089663296937943,False
14265,-1.51,0.01,0,False
14266,-1.625,0.01,0.07054979726672173,False
14267,-0.74,0.01,0.07206682860851288,False
14268,-0.7349999999999999,0.01,0.035442001186311245,False
14269,-0.9299999999999999,0.01,0.05393404886126518,False
14270,-1.65,0.01,0.05925679703553518,False
14271,-0.925,0.01,0.11605079472064972,False
14272,-0.31499999999999995,0.01,0.072076715528965,False
14273,-1.21,0.01,0.11602739244699478,False
14274,-1.6500000000000001,0.01,0.06309997290372849,False
14275,-0.935,0.01,0.07850100100040436,False
14276,-0.3350000000000001,0.01,0.053112588822841644,False
14277,-1.33,0.01,0.07742652297019958,False
14278,-0.64,0.01,0.09044550607601802,False
14279,-1.21,0.01,0,False
14280,-0.715,0.01,0.045179300010204315,False
14281,-1.315,0.01,0.13173970580101013,False
14282,-1.0350000000000001,0.01,0.06559039652347565,False
14283,-1.725,0.01,0.08412864431738853,False
14284,-0.595,0.01,0.05779969617724419,False
14285,-0.61,0.01,0.064714714884758,False
14286,-1.215,0.01,0.07753586024045944,False
14287,-1.4100000000000001,0.01,0,False
14288,-1.31,0.01,0.06885337829589844,False
14289,-0.8099999999999999,0.01,0.077325239777565,False
14290,-0.525,0.01,0.09967425465583801,False
14291,-1.01,0.01,0.06580755114555359,False
14292,-0.1100000000000001,0.01,0.15332822501659393,False
14293,-1.625,0.01,0.08321810141205788,False
14294,0.040000000000000036,0.01,0.07178518921136856,False
14295,-1.32,0.01,0.06742778420448303,False
14296,-1.3850000000000002,0.01,0.05137366056442261,False
14297,-0.92,0.01,0.08239630609750748,False
14298,-1.65,0.01,0.06199036041895548,False
14299,0.5950000000000002,0.01,0,False
14300,-1.21,0.01,0.12636831402778625,False
14301,-0.66,0.01,0.08622892449299495,False
14302,-1.12,0.01,0.10141539201140404,False
14303,-1.4250000000000003,0.01,0.04689083620905876,False
14304,-1.21,0.01,0.05881720781326294,False
14305,-0.61,0.01,0.07071484625339508,False
14306,-0.915,0.01,0.08058737218379974,False
14307,-1.335,0.01,0.051385264843702316,False
14308,-0.42000000000000004,0.01,0.10051538050174713,False
14309,-1.215,0.01,0.18038798868656158,False
14310,-0.61,0.01,0.06451611965894699,False
14311,-1.925,0.01,0.09893027693033218,False
14312,-1.115,0.01,0.06913227587938309,False
14313,-0.545,0.01,0.08253155400355656,False
14314,-0.71,0.01,0,False
14315,-1.5150000000000001,0.01,0.052816592156887054,False
14316,-0.5900000000000001,0.01,0.09736283421516419,False
14317,-1.4100000000000001,0.01,0.1095893532037735,False
14318,-0.8099999999999999,0.01,0.05584990605711937,False
14319,-1.01,0.01,0,False
14320,-0.71,0.01,0.07472439110279083,False
14321,-1.5350000000000001,0.01,0.03697950392961502,False
14322,-1.135,0.01,0.056374235078692436,False
14323,-1.77,0.01,0.07511444389820099,False
14324,-0.32999999999999996,0.01,0.09280174598097801,False
14325,-0.73,0.01,0.08955389261245728,False
14326,-1.31,0.01,0.07361642271280289,False
14327,-0.9199999999999999,0.01,0.07840167731046677,False
14328,-1.475,0.01,0.055874854791909456,False
14329,-0.715,0.01,0.11823754012584686,False
14330,-0.42000000000000004,0.01,0.0823925118893385,False
14331,-1.735,0.01,0.08267523348331451,False
14332,-0.51,0.01,0,False
14333,-1.21,0.01,0.0682205855846405,False
14334,-0.91,0.01,0.08217696100473404,False
14335,-1.73,0.01,0.06372314319014549,False
14336,-0.30999999999999994,0.01,0,False
14337,-1.3000000000000003,0.01,0.0759140644222498,False
14338,-1.03,0.01,0.09681644290685654,False
14339,-1.51,0.01,0.0641661137342453,False
14340,-1.06,0.01,0.05599425236384074,False
14341,-1.01,0.01,0.07680453360080719,False
14342,-0.525,0.01,0.08215288072824478,False
14343,-1.32,0.01,0.0732395350933075,False
14344,-0.51,0.01,0.0603422112762928,False
14345,-0.915,0.01,0.049656569957733154,False
14346,-0.2250000000000001,0.01,0.07326075434684753,False
14347,-1.01,0.01,0.09114252775907516,False
14348,-1.025,0.01,0.1185716986656189,False
14349,-1.01,0.01,0,False
14350,-1.31,0.01,0.06778683513402939,False
14351,-1.0350000000000001,0.01,0.09303436428308487,False
14352,-1.0150000000000001,0.01,0.09889516979455948,False
14353,-0.91,0.01,0.05690126121044159,False
14354,-0.535,0.01,0.09343313425779343,False
14355,-1.21,0.01,0.07500575482845306,False
14356,-1.4100000000000001,0.01,0,False
14357,-0.715,0.01,0.05210166051983833,False
14358,-1.51,0.01,0.07364819943904877,False
14359,-0.4099999999999999,0.01,0.11080674827098846,False
14360,-1.1300000000000001,0.01,0.06474851816892624,False
14361,-1.725,0.01,0.05640082061290741,False
14362,-0.73,0.01,0.09680086746811867,False
14363,-1.02,0.01,0.10379751771688461,False
14364,-0.82,0.01,0.05999615415930748,False
14365,-0.91,0.01,0.10436637699604034,False
14366,-1.01,0.01,0.049978598952293396,False
14367,-1.315,0.01,0.10812988877296448,False
14368,-0.71,0.01,0.05318298563361168,False
14369,-0.83,0.01,0.075372114777565,False
14370,-1.1300000000000001,0.01,0.05629841238260269,False
14371,-0.815,0.01,0.06546653807163239,False
14372,-1.11,0.01,0.14455603063106537,False
14373,-2.11,0.01,0.05896228551864624,False
14374,-0.725,0.01,0.07874133437871933,False
14375,-0.30999999999999994,0.01,0.06639857590198517,False
14376,-1.25,0.01,0.06332787871360779,False
14377,-0.71,0.01,0,False
14378,-0.61,0.01,0.041196003556251526,False
14379,-1.71,0.01,0.11079828441143036,False
14380,-0.835,0.01,0.059962326660752296,False
14381,-1.1300000000000001,0.01,0.09768696874380112,False
14382,-1.3450000000000002,0.01,0.07889222353696823,False
14383,-0.815,0.01,0.06293252855539322,False
14384,-0.71,0.01,0.06488565355539322,False
14385,-1.1300000000000001,0.01,0.08215532638132572,False
14386,-1.3250000000000002,0.01,0.10509753227233887,False
14387,-0.525,0.01,0.08529726415872574,False
14388,-1.11,0.01,0,False
14389,-1.115,0.01,0.12090981006622314,False
14390,-0.8099999999999999,0.01,0.06594179570674896,False
14391,-1.46,0.01,0.06635220845540364,False
14392,-1.22,0.01,0.07439838908612728,False
14393,-0.61,0.01,0,False
14394,-0.9450000000000001,0.01,0.07210939998428027,False
14395,-1.625,0.01,0.08414307236671448,False
14396,-0.515,0.01,0.09950348734855652,False
14397,-0.785,0.01,0.09387087300419808,False
14398,-1.31,0.01,0.07718924432992935,False
14399,-0.9700000000000001,0.01,0.05984947830438614,False
14400,-1.4100000000000001,0.01,0.04544215649366379,False
14401,-0.61,0.01,0.08934013545513153,False
14402,-1.4100000000000001,0.01,0.07418008148670197,False
14403,-0.61,0.01,0,False
14404,-0.72,0.01,0.06373221427202225,False
14405,-1.2950000000000002,0.01,0.07269490659236907,False
14406,-1.445,0.01,0.07518072053790092,False
14407,-0.835,0.01,0.07094567641615868,False
14408,-0.91,0.01,0.07591426372528076,False
14409,-1.0350000000000001,0.01,0.061969708651304245,False
14410,-1.11,0.01,0.07292156666517258,False
14411,-1.42,0.01,0.10962174832820892,False
14412,-1.02,0.01,0.08788435906171799,False
14413,-0.935,0.01,0.06861056387424469,False
14414,-0.715,0.01,0.07623784244060516,False
14415,-0.53,0.01,0.08131112344563007,False
14416,-1.71,0.01,0.15446972846984863,False
14417,-1.11,0.01,0,False
14418,-1.27,0.01,0.1000494584441185,False
14419,-0.63,0.01,0.09749918431043625,False
14420,-0.91,0.01,0.043763384222984314,False
14421,-1.525,0.01,0.07529349625110626,False
14422,-0.72,0.01,0.06399586796760559,False
14423,-1.7349999999999999,0.01,0.060858648270368576,False
14424,-0.825,0.01,0.10653220489621162,False
14425,-0.9800000000000001,0.01,0.06987948063760996,False
14426,-0.5499999999999999,0.01,0.06220846499005953,False
14427,-1.24,0.01,0.11897876858711243,False
14428,-0.91,0.01,0.07122225314378738,False
14429,-0.935,0.01,0.07357977330684662,False
14430,-0.9299999999999999,0.01,0.06734439916908741,False
14431,-0.915,0.01,0.04146123677492142,False
14432,-1.78,0.01,0.06529668718576431,False
14433,-0.125,0.01,0.08031655102968216,False
14434,-1.7349999999999999,0.01,0.07736507430672646,False
14435,-0.615,0.01,0.07404176890850067,False
14436,-1.4300000000000002,0.01,0.06334705650806427,False
14437,-0.32999999999999996,0.01,0.06785998120903969,False
14438,-1.31,0.01,0.06159030273556709,False
14439,-0.915,0.01,0.0656927227973938,False
14440,-1.425,0.01,0.0873587504029274,False
14441,-0.765,0.01,0.06981085985898972,False
14442,-1.085,0.01,0.07599543500691652,False
14443,-1.645,0.01,0.08520494401454926,False
14444,-0.61,0.01,0,False
14445,-1.125,0.01,0.05912817642092705,False
14446,0.2649999999999999,0.01,0.0719362199306488,False
14447,-1.0150000000000001,0.01,0.05275590717792511,False
14448,-1.01,0.01,0.13746409118175507,False
14449,-1.4100000000000001,0.01,0.06429842114448547,False
14450,-1.01,0.01,0,False
14451,-1.23,0.01,0.07804238423705101,False
14452,-0.915,0.01,0.045671794563531876,False
14453,-1.03,0.01,0.08486473932862282,False
14454,-0.71,0.01,0.044713255017995834,False
14455,-0.91,0.01,0,False
14456,-1.71,0.01,0.05307832360267639,False
14457,0.09000000000000008,0.01,0.07795935869216919,False
14458,-1.435,0.01,0.10795820131897926,False
14459,-1.33,0.01,0.07181807607412338,False
14460,-0.30999999999999994,0.01,0,False
14461,-1.215,0.01,0.07168428599834442,False
14462,-1.225,0.01,0.08709178864955902,False
14463,-1.525,0.01,0.07165060937404633,False
14464,-0.61,0.01,0.07805761694908142,False
14465,-0.855,0.01,0.08334408576289813,False
14466,-1.11,0.01,0.07601042091846466,False
14467,-1.21,0.01,0.06990762054920197,False
14468,-0.82,0.01,0.08053955435752869,False
14469,-1.54,0.01,0.06591914594173431,False
14470,-0.30999999999999994,0.01,0.0489131323993206,False
14471,-1.17,0.01,0.09136578999459743,False
14472,-1.625,0.01,0.07513196766376495,False
14473,-0.8099999999999999,0.01,0.11139705777168274,False
14474,-0.9100000000000003,0.01,0.09258808195590973,False
14475,-0.72,0.01,0.07378757745027542,False
14476,-0.815,0.01,0.05891630798578262,False
14477,-1.13,0.01,0.056587038561701775,False
14478,-0.20999999999999996,0.01,0.07254615426063538,False
14479,-0.91,0.01,0,False
14480,-0.93,0.01,0.07573148235678673,False
14481,-0.95,0.01,0.05161365990837415,False
14482,-1.4000000000000001,0.01,0.07001586556434632,False
14483,-1.51,0.01,0.09766191989183426,False
14484,-0.53,0.01,0.047370411455631256,False
14485,-2.37,0.01,0.06553637733062108,False
14486,-0.019999999999999796,0.01,0.07578247040510178,False
14487,-0.43000000000000005,0.01,0.10002641379833221,False
14488,-1.845,0.01,0.08886436621348064,False
14489,-0.13,0.01,0.048648130148649216,False
14490,-1.5150000000000001,0.01,0.10314442217350006,False
14491,-1.1400000000000001,0.01,0.07397956401109695,False
14492,-1.725,0.01,0.08155373608072598,False
14493,-0.42999999999999994,0.01,0.06900828331708908,False
14494,0.014999999999999902,0.01,0.07498293444514274,False
14495,-2.14,0.01,0.08016425371170044,False
14496,0.08500000000000019,0.01,0.12850527465343475,False
14497,-1.125,0.01,0.08109194891793388,False
14498,-1.55,0.01,0.08586930297315121,False
14499,-1.24,0.01,0.07579285527269046,False
14500,-0.135,0.01,0.07669524848461151,False
14501,-1.725,0.01,0.09550021588802338,False
14502,-1.24,0.01,0.07648798823356628,False
14503,-0.2300000000000001,0.01,0.07874519005417824,False
14504,-1.135,0.01,0.08637700229883194,False
14505,-1.48,0.01,0.07246655784547329,False
14506,-0.35,0.01,0.0737099361916383,False
14507,-1.7149999999999999,0.01,0.06808611750602722,False
14508,-0.85,0.01,0.06754293789466222,False
14509,-0.93,0.01,0.12811531871557236,False
14510,-0.9350000000000003,0.01,0.07520702853798866,False
14511,-0.41000000000000003,0.01,0.09198293089866638,False
14512,-1.4400000000000002,0.01,0.07494003059608596,False
14513,-0.61,0.01,0.08536314964294434,False
14514,-1.125,0.01,0.07284186780452728,False
14515,-1.135,0.01,0.07220945134758949,False
14516,-0.29000000000000015,0.01,0.06653152406215668,False
14517,-1.795,0.01,0.07626704126596451,False
14518,-0.21999999999999997,0.01,0.09557079523801804,False
14519,-1.155,0.01,0.07860816518465678,False
14520,-1.84,0.01,0.050795841962099075,False
14521,-0.4600000000000002,0.01,0.07552598416805267,False
14522,-1.02,0.01,0.06743452697992325,False
14523,-1.4300000000000004,0.01,0.06623107833521706,False
14524,-1.2750000000000004,0.01,0.08972913678735495,False
14525,-1.065,0.01,0.0715437742571036,False
14526,-0.87,0.01,0.080593666061759,False
14527,-1.315,0.01,0.10686227679252625,False
14528,-1.165,0.01,0.05875034878651301,False
14529,-0.20999999999999996,0.01,0.11565209180116653,False
14530,-1.4500000000000002,0.01,0.0833898310859998,False
14531,-0.725,0.01,0.050751641392707825,False
14532,-1.625,0.01,0.07232710186924253,False
14533,-1.0250000000000001,0.01,0.07004581267635028,False
14534,-1.31,0.01,0.1110322376092275,False
14535,-0.365,0.01,0.06385541521012783,False
14536,-1.33,0.01,0.06535466015338898,False
14537,-0.9299999999999999,0.01,0.08763981610536575,False
14538,-1.23,0.01,0.13222291693091393,False
14539,-1.1,0.01,0.054698558151721956,False
14540,-0.685,0.01,0.06767926439642906,False
14541,-1.625,0.01,0.07038083672523499,False
14542,-1.46,0.01,0.07490890224774678,False
14543,-0.6649999999999998,0.01,0.06674872897565365,False
14544,-0.41500000000000004,0.01,0.09385121613740921,False
14545,-1.6400000000000001,0.01,0.0838079782468932,False
14546,0.02499999999999991,0.01,0.06816878728568554,False
14547,-0.915,0.01,0.09131471812725067,False
14548,-2.59,0.01,0.07529220283031464,False
14549,-0.95,0.01,0.07887443403402965,False
14550,0.2250000000000003,0.01,0.08124762028455734,False
14551,-1.05,0.01,0.06263395259156823,False
14552,-1.115,0.01,0.0644911453127861,False
14553,-0.8150000000000001,0.01,0.0815820222099622,False
14554,-0.935,0.01,0.06647359021008015,False
14555,-1.5350000000000001,0.01,0.0817699171602726,False
14556,-1.32,0.01,0.08983294327150691,False
14557,-0.4700000000000001,0.01,0.06427168939262629,False
14558,-2.2800000000000002,0.01,0.06320279277861118,False
14559,-0.46499999999999997,0.01,0.06746268769105275,False
14560,-1.955,0.01,0.05575497696797053,False
14561,-0.009999999999999787,0.01,0.05768837034702301,False
14562,-1.2750000000000004,0.01,0.051645162515342236,False
14563,-0.925,0.01,0.06519215021814619,False
14564,-0.7900000000000003,0.01,0.08698689647846752,False
14565,-2.42,0.01,0.06577801409487923,False
14566,-0.10999999999999999,0.01,0,False
14567,-0.795,0.01,0.07754122689366341,False
14568,-2.23,0.01,0.06158899888396263,False
14569,-0.625,0.01,0.06188759846346719,False
14570,-1.63,0.01,0.06109132431447506,False
14571,0.3949999999999998,0.01,0.060675413347780704,False
14572,-0.40500000000000036,0.01,0.07176212221384048,False
14573,-1.99,0.01,0.07047128081321716,False
14574,0.3800000000000001,0.01,0.07033118605613708,False
14575,-1.01,0.01,0.08335790038108826,False
14576,-1.0050000000000001,0.01,0.07308006584644318,False
14577,-1.24,0.01,0.06943303346633911,False
14578,-0.9650000000000001,0.01,0.07731885173254543,False
14579,-0.84,0.01,0.07433733530342579,False
14580,-1.5950000000000002,0.01,0.06947545930743218,False
14581,-0.8600000000000001,0.01,0.0657885546485583,False
14582,-1.57,0.01,0.07480461895465851,False
14583,0.25,0.01,0.09681809072693189,False
14584,-2.2649999999999997,0.01,0.08265035847822826,False
14585,-0.885,0.01,0.0657914973795414,False
14586,-0.5850000000000001,0.01,0.0674047325220373,False
14587,-1.315,0.01,0.05464585870504379,False
14588,-0.6550000000000002,0.01,0.06676308231221305,False
14589,-0.8149999999999997,0.01,0.08513973585583946,False
14590,-2.265,0.01,0.06049742642790079,False
14591,-0.6799999999999997,0.01,0.06882567331194878,False
14592,-1.35,0.01,0.04955935850739479,False
14593,0.06000000000000005,0.01,0.061565566807985306,False
14594,-1.54,0.01,0.07148341089487076,False
14595,-0.010000000000000453,0.01,0.07040232419967651,False
14596,-1.46,0.01,0.06939652934670448,False
14597,-0.16500000000000004,0.01,0.06875014584511518,False
14598,-0.8449999999999999,0.01,0.04936934821307659,False
14599,-0.3400000000000003,0.01,0.0751172648742795,False
14600,-1.34,0.01,0.08016568422317505,False
14601,-0.41999999999999993,0.01,0.06917119838974693,False
14602,-1.26,0.01,0.08148027956485748,False
14603,0.14000000000000012,0.01,0.09849759563803673,False
14604,0.17499999999999982,0.01,0.06229892373085022,False
14605,-1.87,0.01,0.08100237200657527,False
14606,-1.045,0.01,0.06411085526148479,False
14607,-1.185,0.01,0.06874091343747245,False
14608,-0.5849999999999997,0.01,0.10349858701229095,False
14609,-1.305,0.01,0.0740984208881855,False
14610,-0.22499999999999998,0.01,0.07284419611096382,False
14611,-2.13,0.01,0.07429333807279666,False
14612,-0.40500000000000014,0.01,0.07220725044608116,False
14613,-1.67,0.01,0.06272739637643099,False
14614,0.635,0.01,0.06891302391886711,False
14615,-0.2450000000000001,0.01,0.07496382668614388,False
14616,-2.1399999999999997,0.01,0.0635414036611716,False
14617,-0.050000000000000044,0.01,0.044197406619787216,False
14618,-1.245,0.01,0.08919112384319305,False
14619,-1.8399999999999999,0.01,0.08469183370471,False
14620,-0.8399999999999999,0.01,0.06316861510276794,False
14621,-0.22999999999999998,0.01,0.09501569718122482,False
14622,-1.755,0.01,0.06986236075560252,False
14623,-0.14500000000000013,0.01,0.04280964657664299,False
14624,-1.7850000000000001,0.01,0.06964840739965439,False
14625,-1.71,0.01,0.06536674623688062,False
14626,0.25500000000000034,0.01,0.08059916086494923,False
14627,-1.0450000000000002,0.01,0.06008117149273554,False
14628,-1.725,0.01,0.06138730483750502,False
14629,-0.68,0.01,0.06431236490607262,False
14630,-1.355,0.01,0.07866962750752766,False
14631,-1.2700000000000005,0.01,0.07478033647769028,False
14632,-0.935,0.01,0.0858214683830738,False
14633,-1.065,0.01,0.06863980554044247,False
14634,-1.41,0.01,0.0933951735496521,False
14635,-1.44,0.01,0.11426661163568497,False
14636,-0.1449999999999998,0.01,0.07657723873853683,False
14637,-1.4300000000000002,0.01,0.0839703343808651,False
14638,-1.46,0.01,0.07544296731551488,False
14639,-1.2599999999999998,0.01,0.06468537263572216,False
14640,-0.8299999999999998,0.01,0.058391544967889786,False
14641,-0.4449999999999996,0.01,0.06530177096525829,False
14642,-1.96,0.01,0.0720497618118922,False
14643,0.27000000000000024,0.01,0.08660236187279224,False
14644,-1.225,0.01,0.06809540838003159,False
14645,-1.4649999999999999,0.01,0.0945783369243145,False
14646,-1.0,0.01,0.05807844996452331,False
14647,-1.7650000000000001,0.01,0.07931626960635185,False
14648,0.4700000000000002,0.01,0.07660986483097076,False
14649,-1.2700000000000002,0.01,0.05957076791673899,False
14650,-1.635,0.01,0.0896708182990551,False
14651,-0.8200000000000001,0.01,0.06966196311016877,False
14652,-2.04,0.01,0.06693151841561,False
14653,-0.31999999999999995,0.01,0.07879975438117981,False
14654,-1.0399999999999998,0.01,0.06238754093647003,False
14655,-0.84,0.01,0.055149730294942856,False
14656,-1.375,0.01,0.06247906852513552,False
14657,-0.5650000000000003,0.01,0.052544550970196724,False
14658,-0.6299999999999999,0.01,0.07278114929795265,False
14659,-0.8349999999999999,0.01,0.06741870380938053,False
14660,-0.94,0.01,0.07447845329131399,False
14661,-1.35,0.01,0.06092501555879911,False
14662,-0.2400000000000001,0.01,0.05632936768233776,False
14663,-1.94,0.01,0.07673616334795952,False
14664,-1.4749999999999999,0.01,0.05920153483748436,False
14665,-0.995,0.01,0.07179660499095916,False
14666,-0.7449999999999997,0.01,0.05739925677577654,False
14667,-0.42500000000000016,0.01,0.06885926363368829,False
14668,-0.3999999999999999,0.01,0.04852642801900705,False
14669,-0.4700000000000001,0.01,0.05433532502502203,False
14670,-2.065,0.01,0.06293631841739018,False
14671,-0.595,0.01,0.06504102796316147,False
14672,-1.885,0.01,0.055362386256456377,False
14673,-0.7099999999999997,0.01,0.06107097305357456,False
14674,0.06500000000000017,0.01,0.08865492790937424,False
14675,-1.1400000000000001,0.01,0.0730900689959526,False
14676,-2.06,0.01,0.08547189583381017,False
14677,-0.33499999999999974,0.01,0.08682769536972046,False
14678,-0.1399999999999999,0.01,0.05842914432287216,False
14679,-1.83,0.01,0.05312195420265198,False
14680,-1.045,0.01,0.05938283602396647,False
14681,-0.2350000000000001,0.01,0.0939728394150734,False
14682,-1.9700000000000002,0.01,0.062175486236810684,False
14683,-0.62,0.01,0.05283203907310963,False
14684,-1.355,0.01,0.08860897272825241,False
14685,-1.2,0.01,0.08019256293773651,False
14686,-1.55,0.01,0.07311439017454784,False
14687,0.28,0.01,0.08345386758446693,False
14688,-0.9449999999999998,0.01,0.0715501457452774,False
14689,-0.545,0.01,0.06753976084291935,False
14690,-1.6400000000000001,0.01,0.07450410723686218,False
14691,-0.14500000000000002,0.01,0.09069235374530156,False
14692,-0.5700000000000001,0.01,0.08807899244129658,False
14693,-0.765,0.01,0.07625134785970052,False
14694,-1.355,0.01,0.06081235408782959,False
14695,-0.42000000000000015,0.01,0.06370813399553299,False
14696,-1.73,0.01,0.0716235563158989,False
14697,-0.2000000000000004,0.01,0.0747847855091095,False
14698,-1.16,0.01,0.09342573086420695,False
14699,-1.1400000000000001,0.01,0.07026156250919614,False
14700,-1.59,0.01,0.06093900222331285,False
14701,-0.6400000000000001,0.01,0.06761506549082696,False
14702,-0.23999999999999977,0.01,0.05626026727259159,False
14703,-1.44,0.01,0.08158179372549057,False
14704,-0.48999999999999977,0.01,0.06941013149917126,False
14705,-0.6350000000000001,0.01,0.08252106606960297,False
14706,-0.32999999999999996,0.01,0.04562157392501831,False
14707,-2.275,0.01,0.06181088089942932,False
14708,0.355,0.01,0.0797220952808857,False
14709,-1.1400000000000001,0.01,0.08088076859712601,False
14710,-0.3700000000000002,0.01,0.07006043195724487,False
14711,-2.2750000000000004,0.01,0.06003083647894008,False
14712,-1.13,0.01,0.07414865493774414,False
14713,-0.355,0.01,0.06641676649451256,False
14714,-1.5350000000000001,0.01,0.06218995153903961,False
14715,-1.4300000000000002,0.01,0.054883891716599464,False
14716,-0.1399999999999999,0.01,0.056016525253653526,False
14717,-1.32,0.01,0.10284088551998138,False
14718,-2.165,0.01,0.05997992306947708,False
14719,-0.11499999999999977,0.01,0.07155437767505646,False
14720,-0.4650000000000001,0.01,0.07421538233757019,False
14721,-1.6650000000000003,0.01,0.05314786732196808,False
14722,-0.010000000000000009,0.01,0.07523549596468608,False
14723,-0.32500000000000007,0.01,0.08302191644906998,False
14724,-2.34,0.01,0.05965648079290986,False
14725,-1.0599999999999998,0.01,0.05236849064628283,False
14726,-0.23499999999999988,0.01,0.07097146287560463,False
14727,-1.985,0.01,0.0579186984234386,False
14728,-0.9299999999999999,0.01,0.06370013952255249,False
14729,-0.44499999999999984,0.01,0.07893638809521993,False
14730,-1.445,0.01,0.04661056771874428,False
14731,-1.8599999999999999,0.01,0.04985253761212031,False
14732,-0.6399999999999997,0.01,0.05442430078983307,False
14733,-0.44000000000000006,0.01,0.04496403876692057,False
14734,-0.78,0.01,0.06731470674276352,False
14735,-1.44,0.01,0.08465269207954407,False
14736,-1.025,0.01,0.0711897537112236,False
14737,-1.435,0.01,0.0801548957824707,False
14738,-1.0699999999999998,0.01,0.05848791543394327,False
14739,-1.295,0.01,0.06560099571943283,False
14740,-0.16500000000000004,0.01,0.07221072912216187,False
14741,-1.7349999999999999,0.01,0.0817321240901947,False
14742,-0.8349999999999999,0.01,0.0551156010478735,False
14743,-1.545,0.01,0.05449609955151876,False
14744,-0.1449999999999998,0.01,0.09691401943564415,False
14745,-1.045,0.01,0.09168102592229843,False
14746,-1.165,0.01,0.07328509291013081,False
14747,-1.73,0.01,0.0634925588965416,False
14748,-0.22499999999999964,0.01,0.06694355607032776,False
14749,-1.2650000000000001,0.01,0.06930378638207912,False
14750,-0.775,0.01,0.08811132051050663,False
14751,-0.03500000000000014,0.01,0.06752056814730167,False
14752,-2.175,0.01,0.07844504527747631,False
14753,-0.5849999999999997,0.01,0.06030244529247284,False
14754,-1.045,0.01,0.05382154509425163,False
14755,-0.33999999999999997,0.01,0.07514984160661697,False
14756,-1.1500000000000001,0.01,0.04205806056658427,False
14757,-1.25,0.01,0.06913998226324718,False
14758,-1.0550000000000002,0.01,0.07137356946865718,False
14759,-1.235,0.01,0.06144538149237633,False
14760,-1.75,0.01,0.052050246546665825,False
14761,-0.44999999999999973,0.01,0.05630848556756973,False
14762,-0.9800000000000001,0.01,0.061559341847896576,False
14763,-0.8500000000000001,0.01,0.06633122212120465,False
14764,-1.56,0.01,0.08333216048777103,False
14765,-0.9800000000000001,0.01,0.07873129658401012,False
14766,-0.57,0.01,0.05205696169286966,False
14767,-1.3900000000000001,0.01,0.08862068504095078,False
14768,-1.34,0.01,0.05345503116647402,False
14769,-0.845,0.01,0.05123498477041721,False
14770,-0.9550000000000001,0.01,0.08112936342755954,False
14771,-1.3800000000000001,0.01,0.07594927214086056,False
14772,-1.385,0.01,0.06529830247163773,False
14773,-0.2400000000000001,0.01,0.05367162078619003,False
14774,-1.245,0.01,0.08948178589344025,False
14775,-1.15,0.01,0.0647046621888876,False
14776,-1.435,0.01,0.06002870574593544,False
14777,-1.295,0.01,0.06015462502837181,False
14778,-0.32499999999999973,0.01,0.0812353603541851,False
14779,-0.56,0.01,0.06336657951275508,False
14780,-1.23,0.01,0.06205120496451855,False
14781,-1.135,0.01,0.09907648712396622,False
14782,-2.24,0.01,0.06211215816438198,False
14783,0.3450000000000002,0.01,0.056731620182593666,False
14784,-2.09,0.01,0.06621275097131729,False
14785,-0.8749999999999999,0.01,0.06893500778824091,False
14786,-0.865,0.01,0.054140496999025345,False
14787,-1.6600000000000001,0.01,0.07338194010986222,False
14788,-0.27,0.01,0.03606938011944294,False
14789,-1.455,0.01,0.06722697118918101,False
14790,-0.33499999999999996,0.01,0.049771929159760475,False
14791,-1.645,0.01,0.08709855129321416,False
14792,-0.595,0.01,0.056623516231775285,False
14793,-1.35,0.01,0.0536079928278923,False
14794,-1.445,0.01,0.03775745443999767,False
14795,-0.03499999999999992,0.01,0.08874260634183884,False
14796,-2.29,0.01,0.05869456827640533,False
14797,-0.5999999999999999,0.01,0.06984727829694748,False
14798,-1.4849999999999999,0.01,0.05025242939591408,False
14799,-1.055,0.01,0.06650268038113911,False
14800,-0.705,0.01,0.07917438745498658,False
14801,-1.4300000000000002,0.01,0.06711749413183757,False
14802,-1.1800000000000002,0.01,0.08093656309776837,False
14803,0.05499999999999994,0.01,0.0818714126944542,False
14804,-0.8050000000000002,0.01,0.06705398950725794,False
14805,-0.735,0.01,0.06678242733081181,False
14806,-0.9799999999999999,0.01,0.06140235997736454,False
14807,0.885,0.01,0.07572773844003677,False
14808,-1.1300000000000001,0.01,0.0713604986667633,False
14809,-1.2600000000000002,0.01,0.04926445956031481,False
14810,-1.055,0.01,0.04493191900352637,False
14811,-1.65,0.01,0.09055437644322713,False
14812,-0.4099999999999999,0.01,0.05948159471154213,False
14813,-0.555,0.01,0.05763836701711019,False
14814,-1.85,0.01,0.08230648003518581,False
14815,-1.75,0.01,0.046762749552726746,False
14816,-0.4399999999999997,0.01,0.051771923899650574,False
14817,-1.435,0.01,0.08018554747104645,False
14818,-1.67,0.01,0.14046092890203,False
14819,-0.585,0.01,0.07115830294787884,False
14820,-0.2649999999999999,0.01,0.06808410833279292,False
14821,-1.5699999999999998,0.01,0.06618606578558683,False
14822,-0.5650000000000001,0.01,0.07046203066905339,False
14823,-1.365,0.01,0.07256850600242615,False
14824,-0.8800000000000001,0.01,0.05387901421636343,False
14825,-1.59,0.01,0.19306696355342864,False
14826,-1.33,0.01,0.11429267004132271,False
14827,0.05500000000000016,0.01,0.06640182249248028,False
14828,-1.245,0.01,0.07947430573403835,False
14829,-2.465,0.01,0.05088443929950396,False
14830,-0.11499999999999999,0.01,0.05344240522632996,False
14831,-1.155,0.01,0.055503420531749725,False
14832,-1.2650000000000001,0.01,0.05752935539931059,False
14833,0.11999999999999988,0.01,0.05966007150709629,False
14834,-1.74,0.01,0.06234929710626602,False
14835,-1.435,0.01,0.046737996861338615,False
14836,-1.255,0.01,0.07581062366565068,False
14837,-0.029999999999999805,0.01,1.5185366914208447,False
14838,-1.8900000000000001,0.01,0.08128179013729095,False
14839,-0.7499999999999999,0.01,0.06467141530343465,False
14840,-1.4500000000000002,0.01,0.070793516933918,False
14841,-1.65,0.01,0.04887880012392998,False
14842,-0.5149999999999997,0.01,0.06185248618324598,False
14843,-0.8299999999999998,0.01,0.06849859654903412,False
14844,-1.5650000000000002,0.01,0.06702068634331226,False
14845,-0.8650000000000001,0.01,0.045671384781599045,False
14846,-1.0,0.01,0.3154106795787811,False
14847,-1.185,0.01,0.07861581072211266,False
14848,-0.68,0.01,0.0862224142998457,False
14849,-1.01,0.01,0,False
14850,-0.49500000000000033,0.01,0.1607443057000637,False
14851,-0.825,0.01,0.10492569580674171,False
14852,-1.235,0.01,0.07197951152920723,False
14853,-1.125,0.01,0.09799430891871452,False
14854,-1.26,0.01,0.07379926244417827,False
14855,-1.175,0.01,0.046755142044276,False
14856,0.635,0.01,0.06295473501086235,False
14857,-1.31,0.01,0,False
14858,-1.9049999999999998,0.01,0.06383559356133144,False
14859,-0.25499999999999967,0.01,0.06301970407366753,False
14860,-0.845,0.01,0.06798228248953819,False
14861,-1.7650000000000001,0.01,0.03612096747383475,False
14862,-0.24,0.01,0.05482763797044754,False
14863,-0.9800000000000002,0.01,0.0627741784685188,False
14864,-0.91,0.01,0.07084551453590393,False
14865,-0.31000000000000005,0.01,0.07827301075061162,False
14866,-1.4450000000000003,0.01,0.05713957687839866,False
14867,-1.485,0.01,0.08183528772658771,False
14868,-0.625,0.01,0.052248772233724594,False
14869,-0.4600000000000001,0.01,0.07517589877049129,False
14870,-1.9050000000000002,0.01,0.06457171216607094,False
14871,-0.8350000000000001,0.01,0.06244416641337531,False
14872,-1.3850000000000002,0.01,0.05996677353978157,False
14873,-0.665,0.01,0.05115177979071935,False
14874,-0.9850000000000001,0.01,0.05965532884001732,False
14875,-1.01,0.01,0.04603392630815506,False
14876,-1.51,0.01,0,False
14877,-1.75,0.01,0.08433491550385952,False
14878,-0.62,0.01,0.06571096181869507,False
14879,-0.51,0.01,0.07834236323833466,False
14880,-0.825,0.01,0.042002249509096146,False
14881,-1.5700000000000003,0.01,0.04763359824816386,False
14882,-0.365,0.01,0.054399325512349606,False
14883,-1.3900000000000001,0.01,0.0578771710395813,False
14884,-1.425,0.01,0.04883689060807228,False
14885,0.15500000000000003,0.01,0.06511630117893219,False
14886,-1.06,0.01,0.07371399054924647,False
14887,-0.655,0.01,0.05796014269193014,False
14888,-1.6300000000000001,0.01,0.07289300326790128,False
14889,-1.11,0.01,0.033132024109363556,False
14890,-1.425,0.01,0.060833348582188286,False
14891,-0.25,0.01,0.042676554371913276,False
14892,-1.56,0.01,0.037272702902555466,False
14893,-0.9800000000000001,0.01,0.06794203631579876,False
14894,-0.61,0.01,0.05495472624897957,False
14895,-1.7350000000000003,0.01,0.05667479708790779,False
14896,-0.4099999999999999,0.01,0.04307951778173447,False
14897,-1.42,0.01,0.05916987359523773,False
14898,-1.28,0.01,0.06654880847781897,False
14899,-0.22999999999999998,0.01,0.07463060319423676,False
14900,-1.7149999999999999,0.01,0.09895553439855576,False
14901,-0.9299999999999999,0.01,0.06737269833683968,False
14902,-1.11,0.01,0.038738563656806946,False
14903,-0.71,0.01,0,False
14904,-1.53,0.01,0.04084966890513897,False
14905,-1.235,0.01,0.05783635484320777,False
14906,-0.040000000000000036,0.01,0.03773484565317631,False
14907,0.5499999999999996,0.01,0.06886548735201359,False
14908,-1.12,0.01,0.07937551103532314,False
14909,-0.985,0.01,0.0635694582015276,False
14910,-1.525,0.01,0.0567869208753109,False
14911,-1.145,0.01,0.06143328174948692,False
14912,-1.04,0.01,0.05825987970456481,False
14913,-1.0150000000000001,0.01,0.035049814730882645,False
14914,-0.53,0.01,0.048360906541347504,False
14915,-1.2850000000000001,0.01,0.07126236781477928,False
14916,-1.02,0.01,0.06650985032320023,False
14917,-0.755,0.01,0.059910317262013756,False
14918,-1.51,0.01,0.09547214210033417,False
14919,-0.935,0.01,0.07064893655478954,False
14920,-0.785,0.01,0.06498036533594131,False
14921,-1.415,0.01,0.052042294293642044,False
14922,-0.91,0.01,0.0930110290646553,False
14923,-0.43500000000000005,0.01,0.06264619342982769,False
14924,-1.21,0.01,0.05601578578352928,False
14925,-1.05,0.01,0.0514387438694636,False
14926,-1.51,0.01,0,False
14927,-0.725,0.01,0.04378346540033817,False
14928,-0.8800000000000001,0.01,0.04926024377346039,False
14929,-0.95,0.01,0.052221749598781265,False
14930,-1.04,0.01,0.07562023028731346,False
14931,-1.355,0.01,0.054981512327988945,False
14932,-0.8099999999999999,0.01,0.02870066836476326,False
14933,-1.81,0.01,0.06384065747261047,False
14934,-0.91,0.01,0,False
14935,-0.5750000000000001,0.01,0.05038778483867645,False
14936,-0.73,0.01,0.08073826134204865,False
14937,-1.32,0.01,0.09704054147005081,False
14938,-0.53,0.01,0.037291815504431725,False
14939,-1.31,0.01,0.05539432168006897,False
14940,-0.825,0.01,0.08621193468570709,False
14941,-1.22,0.01,0.06534966826438904,False
14942,-0.915,0.01,0.04344255104660988,False
14943,-0.82,0.01,0.07082577049732208,False
14944,-1.645,0.01,0.04504762589931488,False
14945,-0.715,0.01,0.055122919380664825,False
14946,-0.8099999999999999,0.01,0.0459425151348114,False
14947,-1.35,0.01,0.046909455209970474,False
14948,-1.32,0.01,0.12259022891521454,False
14949,-1.12,0.01,0.060373228043317795,False
14950,-0.43000000000000005,0.01,0.03708950988948345,False
14951,-1.75,0.01,0.0549360824127992,False
14952,-0.835,0.01,0.06761019676923752,False
14953,-0.825,0.01,0.0889650285243988,False
14954,-1.11,0.01,0.052223026752471924,False
14955,-0.51,0.01,0.09950610250234604,False
14956,-1.5150000000000001,0.01,0.03911305218935013,False
14957,-1.1300000000000001,0.01,0.0646120235323906,False
14958,-0.71,0.01,0,False
14959,-0.91,0.01,0.0481148362159729,False
14960,-0.83,0.01,0.10247762128710747,False
14961,-1.725,0.01,0.046220190823078156,False
14962,-0.32500000000000007,0.01,0.0674804151058197,False
14963,-1.02,0.01,0.0912700667977333,False
14964,-1.21,0.01,0.03432516008615494,False
14965,-0.93,0.01,0.06553633883595467,False
14966,-1.355,0.01,0.06418305387099583,False
14967,-1.51,0.01,0,False
14968,-0.735,0.01,0.08233495056629181,False
14969,-0.63,0.01,0.052397144958376884,False
14970,-1.6099999999999999,0.01,0.04577622562646866,False
14971,-1.31,0.01,0.047333333641290665,False
14972,-0.31999999999999995,0.01,0.09341751784086227,False
14973,-1.435,0.01,0.048609696328639984,False
14974,-1.22,0.01,0.02773549035191536,False
14975,-0.30999999999999994,0.01,0.052660148590803146,False
14976,-1.02,0.01,0.04381020367145538,False
14977,-1.52,0.01,0.08274063467979431,False
14978,-0.71,0.01,0.02105463296175003,False
14979,-1.025,0.01,0.0799863189458847,False
14980,-1.1500000000000001,0.01,0.07824469357728958,False
14981,-0.9750000000000001,0.01,0.0657771248370409,False
14982,-1.1600000000000001,0.01,0.059942612424492836,False
14983,0.3900000000000001,0.01,0.03599940612912178,False
14984,-1.51,0.01,0,False
14985,-0.63,0.01,0.05746437795460224,False
14986,-1.01,0.01,0.09405061602592468,False
14987,-1.34,0.01,0.08293528854846954,False
14988,-1.31,0.01,0.08273331075906754,False
14989,-0.10999999999999999,0.01,0.09100918471813202,False
14990,-1.21,0.01,0,False
14991,-1.22,0.01,0.08072252571582794,False
14992,-1.1400000000000001,0.01,0.07185947895050049,False
14993,-1.215,0.01,0.058695536106824875,False
14994,-0.895,0.01,0.04487678855657577,False
14995,-0.935,0.01,0.06538695096969604,False
14996,-0.735,0.01,0.03864612616598606,False
14997,-0.10999999999999999,0.01,0.05072988197207451,False
14998,-1.11,0.01,0.057344965636730194,False
14999,-1.1500000000000001,0.01,0.0778372585773468,False
15000,-1.35,0.01,0.07466563458244006,False
15001,-1.245,0.01,0.05793194721142451,False
15002,-0.615,0.01,0.050764478743076324,False
15003,-1.415,0.01,0.055399153381586075,False
15004,-0.735,0.01,0.06702732667326927,False
15005,-1.11,0.01,0,False
15006,-0.47,0.01,0.05644855834543705,False
15007,-1.01,0.01,0.06786902248859406,False
15008,-1.115,0.01,0.058104608207941055,False
15009,-1.865,0.01,0.048801641911268234,False
15010,-0.010000000000000009,0.01,0.0360964834690094,False
15011,-1.44,0.01,0.0807376503944397,False
15012,-1.4300000000000002,0.01,0.06629028543829918,False
15013,-0.8099999999999999,0.01,0.07497750222682953,False
15014,-0.31999999999999995,0.01,0.0706392228603363,False
15015,-1.5350000000000001,0.01,0.06940998882055283,False
15016,-0.515,0.01,0.06374777853488922,False
15017,-1.5150000000000001,0.01,0.04640665650367737,False
15018,-1.11,0.01,0.048985082656145096,False
15019,-1.01,0.01,0.061889030039310455,False
15020,-1.025,0.01,0.04147367179393768,False
15021,-0.91,0.01,0.09495837986469269,False
15022,-0.715,0.01,0.05400128290057182,False
15023,-1.225,0.01,0.02297457493841648,False
15024,-1.6400000000000001,0.01,0.07393443584442139,False
15025,-0.3350000000000001,0.01,0.044129109010100365,False
15026,-0.715,0.01,0.028201261535286903,False
15027,-1.4300000000000002,0.01,0.03882744163274765,False
15028,-0.91,0.01,0.04260140657424927,False
15029,-1.315,0.01,0.058942459523677826,False
15030,-1.0150000000000001,0.01,0.08891604095697403,False
15031,-1.51,0.01,0.07155667245388031,False
15032,-0.33499999999999996,0.01,0.0650691781193018,False
15033,-0.805,0.01,0.039709366858005524,False
15034,-0.13,0.01,0.06847286224365234,False
15035,-1.115,0.01,0.06469961255788803,False
15036,-1.5150000000000001,0.01,0.030780615285038948,False
15037,-0.71,0.01,0.09172241389751434,False
15038,-0.61,0.01,0.05146721750497818,False
15039,-1.415,0.01,0.03231797739863396,False
15040,-1.31,0.01,0.07053257524967194,False
15041,-0.9450000000000001,0.01,0.06046126037836075,False
15042,-0.63,0.01,0.0726116169244051,False
15043,-1.165,0.01,0.08238421628872554,False
15044,-1.355,0.01,0.05858289450407028,False
15045,-0.30999999999999994,0.01,0.05306123197078705,False
15046,-1.03,0.01,0.07919928431510925,False
15047,-0.71,0.01,0.04205255210399628,False
15048,-0.5099999999999999,0.01,0.07272809743881226,False
15049,-1.5100000000000002,0.01,0,False
15050,-1.4100000000000001,0.01,0.06223927438259125,False
15051,-0.20999999999999996,0.01,0.03660771995782852,False
15052,-0.91,0.01,0.09193447232246399,False
15053,-0.85,0.01,0.05248922295868397,False
15054,-1.44,0.01,0.058676120514671005,False
15055,-1.11,0.01,0,False
15056,-0.61,0.01,0.04283348470926285,False
15057,-1.725,0.01,0.058908311650156975,False
15058,-0.41000000000000003,0.01,0,False
15059,-1.02,0.01,0.04297805018723011,False
15060,-0.27500000000000013,0.01,0.06831433903425932,False
15061,-0.41000000000000003,0.01,0.03781791776418686,False
15062,-1.71,0.01,0,False
15063,-1.24,0.01,0.08068782339493434,False
15064,-0.5499999999999999,0.01,0.047131381928920746,False
15065,-0.91,0.01,0.0974511057138443,False
15066,-0.6499999999999999,0.01,0.07526448244849841,False
15067,-0.635,0.01,0.06448745913803577,False
15068,-1.125,0.01,0.05635330267250538,False
15069,-0.52,0.01,0.06075932830572128,False
15070,-2.035,0.01,0.05363023281097412,False
15071,-0.535,0.01,0.06570450216531754,False
15072,-1.03,0.01,0.06650697253644466,False
15073,-0.61,0.01,0,False
15074,-1.445,0.01,0.052805001537005104,False
15075,-1.315,0.01,0.02843034639954567,False
15076,-0.91,0.01,0.05966348201036453,False
15077,-1.01,0.01,0,False
15078,-1.0150000000000001,0.01,0.04656907171010971,False
15079,-0.53,0.01,0.07425923272967339,False
15080,-1.4100000000000001,0.01,0.07359379529953003,False
15081,-0.96,0.01,0.06080652897556623,False
15082,-1.6099999999999999,0.01,0.07999426871538162,False
15083,-0.32999999999999996,0.01,0.05485693458467722,False
15084,-0.815,0.01,0.07815518975257874,False
15085,-1.11,0.01,0,False
15086,-1.645,0.01,0.05279234300057093,False
15087,-0.21999999999999997,0.01,0.03730851411819458,False
15088,-1.115,0.01,0.0338263139128685,False
15089,-1.2100000000000002,0.01,0.05914793536067009,False
15090,-0.010000000000000009,0.01,0.058194439858198166,False
15091,-1.025,0.01,0.10723385959863663,False
15092,-0.835,0.01,0.05627929978072643,False
15093,-1.31,0.01,0.059943005442619324,False
15094,-1.025,0.01,0.07379449717700481,False
15095,-0.925,0.01,0.06621935218572617,False
15096,-1.8399999999999999,0.01,0.05562003701925278,False
15097,-0.6149999999999999,0.01,0.07057921588420868,False
15098,-0.865,0.01,0.07892508059740067,False
15099,-0.51,0.01,0.08865827322006226,False
15100,-1.61,0.01,0,False
15101,-0.52,0.01,0.05068984627723694,False
15102,-1.7200000000000002,0.01,0.05039793252944946,False
15103,-0.33999999999999997,0.01,0.06483838707208633,False
15104,-1.32,0.01,0.04674967750906944,False
15105,-1.31,0.01,0.0981932207942009,False
15106,-0.525,0.01,0.07992982864379883,False
15107,-1.215,0.01,0.0317554846405983,False
15108,-1.53,0.01,0.04181578755378723,False
15109,-0.30999999999999994,0.01,0.06442644447088242,False
15110,-1.6350000000000002,0.01,0.050820999911853244,False
15111,-1.0350000000000001,0.01,0.0575871467590332,False
15112,-0.20999999999999996,0.01,0.06694156676530838,False
15113,-1.4100000000000001,0.01,0.053655482828617096,False
15114,-1.815,0.01,0.07119017094373703,False
15115,-0.10999999999999999,0.01,0,False
15116,-1.5,0.01,0.06674881900350253,False
15117,-1.1400000000000001,0.01,0.06856248341500759,False
15118,-1.0150000000000001,0.01,0.033823832869529724,False
15119,-0.72,0.01,0.05592072010040283,False
15120,-1.0550000000000002,0.01,0.061870135366916656,False
15121,-0.85,0.01,0.058169672886530556,False
15122,-1.6099999999999999,0.01,0.062078118324279785,False
15123,-0.5399999999999999,0.01,0.05901521444320679,False
15124,-1.01,0.01,0.1062125712633133,False
15125,-0.81,0.01,0,False
15126,-1.3250000000000002,0.01,0.07918400131165981,False
15127,-1.44,0.01,0.05239902250468731,False
15128,-0.71,0.01,0.056273072957992554,False
15129,-0.91,0.01,0.051319822669029236,False
15130,-1.2850000000000001,0.01,0.0653024772182107,False
15131,-1.51,0.01,0.09096301347017288,False
15132,-0.49,0.01,0.05560752227902412,False
15133,-1.0150000000000001,0.01,0.06479610502719879,False
15134,-0.94,0.01,0.05144696868956089,False
15135,-0.93,0.01,0.06012309156358242,False
15136,-1.7200000000000002,0.01,0.07658398151397705,False
15137,-0.4099999999999999,0.01,0.08861086517572403,False
15138,-1.0150000000000001,0.01,0.07301799207925797,False
15139,-1.815,0.01,0.0377291738986969,False
15140,-0.63,0.01,0.06544289241234462,False
15141,-0.6249999999999999,0.01,0.043107325211167336,False
15142,-1.03,0.01,0.04687085002660751,False
15143,-1.4100000000000001,0.01,0,False
15144,-1.0350000000000001,0.01,0.06163008138537407,False
15145,-1.22,0.01,0.06766250729560852,False
15146,-1.455,0.01,0.06032885859409968,False
15147,-0.1499999999999999,0.01,0.06638972833752632,False
15148,-1.815,0.01,0.0558764785528183,False
15149,-0.7799999999999999,0.01,0.05524659231305122,False
15150,-1.545,0.01,0.08244859427213669,False
15151,-0.009999999999999787,0.01,0.02854222245514393,False
15152,-1.375,0.01,0.05446668341755867,False
15153,-0.84,0.01,0.06951477751135826,False
15154,-1.225,0.01,0.0806356631219387,False
15155,-0.825,0.01,0.04303880035877228,False
15156,-0.9750000000000001,0.01,0.05720621906220913,False
15157,-0.74,0.01,0.0645354874432087,False
15158,-1.1250000000000002,0.01,0.05338475480675697,False
15159,-1.115,0.01,0.05380854383111,False
15160,-1.53,0.01,0.06720612943172455,False
15161,-1.345,0.01,0.05684094876050949,False
15162,-0.040000000000000036,0.01,0.06348053365945816,False
15163,-1.3250000000000002,0.01,0.06308254599571228,False
15164,-1.745,0.01,0.0727187804877758,False
15165,-0.72,0.01,0.06044348329305649,False
15166,-1.25,0.01,0.054836804047226906,False
15167,-0.935,0.01,0.09621169418096542,False
15168,-0.8349999999999999,0.01,0.05269831046462059,False
15169,-0.82,0.01,0.05754917487502098,False
15170,-1.4100000000000001,0.01,0,False
15171,-0.715,0.01,0.0642113909125328,False
15172,-0.5650000000000001,0.01,0.07435204461216927,False
15173,-1.2750000000000001,0.01,0.05089960526674986,False
15174,-1.625,0.01,0.07186367362737656,False
15175,-0.40000000000000013,0.01,0.07284163435300191,False
15176,-0.915,0.01,0.09771812707185745,False
15177,-1.71,0.01,0,False
15178,-0.71,0.01,0.07846798002719879,False
15179,-0.81,0.01,0.08689746260643005,False
15180,-1.145,0.01,0.07397482544183731,False
15181,-0.9750000000000001,0.01,0.08343574218451977,False
15182,-1.245,0.01,0.0496774991042912,False
15183,-1.01,0.01,0.06425254046916962,False
15184,-1.25,0.01,0.04037543945014477,False
15185,-1.3900000000000001,0.01,0.05937790870666504,False
15186,-1.03,0.01,0.05945807136595249,False
15187,-0.5750000000000001,0.01,0.07014789059758186,False
15188,-1.715,0.01,0.06428729246060054,False
15189,-1.145,0.01,0.050414652696677616,False
15190,-0.83,0.01,0.07391350343823433,False
15191,-1.145,0.01,0.03891040633122126,False
15192,-0.72,0.01,0.07857517898082733,False
15193,-1.2750000000000001,0.01,0.056559138000011444,False
15194,-0.655,0.01,0.07215714703003566,False
15195,-1.21,0.01,0.02968747355043888,False
15196,-0.050000000000000044,0.01,0.0583225724597772,False
15197,-1.1300000000000001,0.01,0.030227327719330788,False
15198,-1.15,0.01,0.05062931030988693,False
15199,-0.525,0.01,0.04436152894049883,False
15200,-0.5550000000000002,0.01,0.06292654946446419,False
15201,-0.95,0.01,0.04697593798240026,False
15202,-1.215,0.01,0.08343007167180379,False
15203,-0.835,0.01,0.08015071973204613,False
15204,-1.3450000000000002,0.01,0.07344710640609264,False
15205,-1.855,0.01,0.05843320613106092,False
15206,0.1200000000000001,0.01,0.0567870968952775,False
15207,-0.9550000000000003,0.01,0.06388783108975206,False
15208,-0.010000000000000009,0.01,0,False
15209,-1.025,0.01,0.0692204087972641,False
15210,-1.73,0.01,0.06450051814317703,False
15211,-1.3450000000000002,0.01,0.0548514723777771,False
15212,-0.4650000000000001,0.01,0.052026609165800944,False
15213,-1.8150000000000002,0.01,0.0631301049143076,False
15214,-0.8800000000000001,0.01,0.06165639186898867,False
15215,-0.4750000000000001,0.01,0.04926821496337652,False
15216,-1.1,0.01,0.04855591133236885,False
15217,-2.5700000000000003,0.01,0.08333256302608384,False
15218,-0.7649999999999999,0.01,0.046266687413056694,False
15219,-0.44999999999999996,0.01,0.06982330186292529,False
15220,-0.9850000000000001,0.01,0.06836802661418914,False
15221,-1.045,0.01,0.042789025232195854,False
15222,-1.23,0.01,0.07186182960867882,False
15223,-0.6300000000000001,0.01,0.06888097152113914,False
15224,-1.4400000000000002,0.01,0.09065344716821398,False
15225,-0.96,0.01,0.06518754611412685,False
15226,0.04500000000000015,0.01,0.052897137900193535,False
15227,-2.225,0.01,0.059373799711465836,False
15228,-0.05500000000000005,0.01,0.06680087000131607,False
15229,-2.71,0.01,0.06895154093702634,False
15230,0.060000000000000275,0.01,0.05196983739733696,False
15231,-1.1700000000000002,0.01,0.06171498696009318,False
15232,0.0349999999999997,0.01,0.10441053658723831,False
15233,-1.115,0.01,0.03740379586815834,False
15234,-1.185,0.01,0.06104895919561386,False
15235,-0.94,0.01,0.061688484624028206,False
15236,-1.995,0.01,0.0633091852068901,False
15237,-0.3749999999999998,0.01,0.06623687036335468,False
15238,-1.465,0.01,0.057228665333241224,False
15239,-0.56,0.01,0.05501260538585484,False
15240,-1.55,0.01,0.056140544513861336,False
15241,-0.64,0.01,0.07772331312298775,False
15242,-1.355,0.01,0.06477760275204976,False
15243,-0.5700000000000001,0.01,0.04764069989323616,False
15244,-1.755,0.01,0.07297546913226445,False
15245,-0.7649999999999999,0.01,0.055275139631703496,False
15246,-0.8450000000000001,0.01,0.054705745074898005,False
15247,-0.52,0.01,0.03637486323714256,False
15248,-1.7200000000000002,0.01,0.04384139863153299,False
15249,-0.74,0.01,0.049606675282120705,False
15250,-1.655,0.01,0.07174959778785706,False
15251,-1.255,0.01,0.0745759978890419,False
15252,-0.42999999999999994,0.01,0.06161621958017349,False
15253,-0.9899999999999999,0.01,0.053271543234586716,False
15254,0.3600000000000001,0.01,0.039423394948244095,False
15255,-1.9300000000000002,0.01,0.047838816685335975,False
15256,-1.02,0.01,0.06327786093408411,False
15257,-0.67,0.01,0.06266567530110478,False
15258,-2.465,0.01,0.0600890608297454,False
15259,-0.9549999999999998,0.01,0.04946218430995941,False
15260,-0.6549999999999996,0.01,0.047024887055158615,False
15261,-0.8700000000000001,0.01,0.04167834110558033,False
15262,-0.6000000000000001,0.01,0.0481539172205058,False
15263,-0.04500000000000037,0.01,0.0538851460441947,False
15264,-0.5700000000000001,0.01,0.05609277387460073,False
15265,-0.745,0.01,0.06129111970464388,False
15266,-0.29499999999999993,0.01,0.06326998397707939,False
15267,-1.97,0.01,0.04903240129351616,False
15268,-0.1499999999999999,0.01,0.06190804143746694,False
15269,-1.08,0.01,0.04128538444638252,False
15270,-1.05,0.01,0.06823856756091118,False
15271,-1.6099999999999999,0.01,0.08007580228149891,False
15272,-0.8549999999999999,0.01,0.07373108218113582,False
15273,-1.67,0.01,0.07797367870807648,False
15274,-0.33999999999999986,0.01,0.05149093456566334,False
15275,-1.105,0.01,0.0568905808031559,False
15276,-0.825,0.01,0.03751920163631439,False
15277,-0.6300000000000003,0.01,0.05090833719198903,False
15278,-1.1850000000000003,0.01,0.05543820187449455,False
15279,-2.3600000000000003,0.01,0.05255362018942833,False
15280,-0.43499999999999994,0.01,0.048536891117691994,False
15281,0.3949999999999998,0.01,0.05874730398257574,False
15282,-1.955,0.01,0.07402266561985016,False
15283,-0.9550000000000001,0.01,0.047039403269688286,False
15284,-0.11499999999999999,0.01,0.0397881418466568,False
15285,-1.6600000000000001,0.01,0.04218296520411968,False
15286,-1.035,0.01,0.059841692447662354,False
15287,-0.9200000000000002,0.01,0.05597407960643371,False
15288,-1.565,0.01,0.04691533697769046,False
15289,-0.7549999999999999,0.01,0.044595472514629364,False
15290,-0.4900000000000001,0.01,0.05925283674150705,False
15291,-1.77,0.01,0.06019795872271061,False
15292,-1.575,0.01,0.05679517425596714,False
15293,-0.5499999999999999,0.01,0.06794500847657521,False
15294,-0.7449999999999999,0.01,0.05298049747943878,False
15295,-1.25,0.01,0.051564741879701614,False
15296,-0.17000000000000015,0.01,0.05040230695158243,False
15297,-0.8200000000000001,0.01,0.07559709995985031,False
15298,-0.8300000000000002,0.01,0.05406623333692551,False
15299,-1.175,0.01,0.056804570369422436,False
15300,-1.11,0.01,0.06154846213757992,False
15301,-1.1500000000000001,0.01,0.04448129857579867,False
15302,-2.145,0.01,0.06425313651561737,False
15303,0.05499999999999994,0.01,0.053071361035108566,False
15304,-1.3250000000000002,0.01,0.04722513630986214,False
15305,-0.71,0.01,0.16970092058181763,False
15306,-1.225,0.01,0.03868475556373596,False
15307,-0.8400000000000001,0.01,0.04110844495395819,False
15308,-1.3050000000000002,0.01,0.061700751259922984,False
15309,-1.1600000000000001,0.01,0.05735409508148829,False
15310,0.6649999999999998,0.01,0.05047329763571421,False
15311,-1.1400000000000001,0.01,0.0384348277002573,False
15312,-2.015,0.01,0.05809463560581207,False
15313,-0.62,0.01,0.06425604969263077,False
15314,-1.25,0.01,0.06758981322248776,False
15315,-0.62,0.01,0.0910012423992157,False
15316,-1.56,0.01,0.024970912995437782,False
15317,-1.435,0.01,0.05080687440931797,False
15318,-0.365,0.01,0.05377721869283252,False
15319,-1.02,0.01,0.05898522585630417,False
15320,-1.125,0.01,0.06421706080436707,False
15321,-1.0750000000000002,0.01,0.05413688346743584,False
15322,-1.235,0.01,0.052450940012931824,False
15323,-1.78,0.01,0.048866176046431065,False
15324,-0.5299999999999999,0.01,0.036353154107928276,False
15325,-0.9650000000000001,0.01,0.059284042567014694,False
15326,-1.28,0.01,0.04590020328760147,False
15327,-0.91,0.01,0.07228292524814606,False
15328,-0.7100000000000001,0.01,0.05111057901134094,False
15329,-0.785,0.01,0.06072494573891163,False
15330,-0.9900000000000001,0.01,0.04688287079334259,False
15331,-0.7849999999999999,0.01,0.055111837759613994,False
15332,-0.535,0.01,0.08457325026392937,False
15333,-1.29,0.01,0.054208706319332126,False
15334,-1.21,0.01,0,False
15335,-1.21,0.01,0.05283883959054947,False
15336,-0.615,0.01,0.07104570418596268,False
15337,-0.845,0.01,0.0669415791829427,False
15338,-1.2550000000000001,0.01,0.06874258319536845,False
15339,-1.7550000000000001,0.01,0.05224261409603059,False
15340,0.45500000000000007,0.01,0.06504336159144129,False
15341,-1.525,0.01,0.03941992297768593,False
15342,-1.42,0.01,0.06018548458814621,False
15343,-0.36999999999999966,0.01,0.05260607646778226,False
15344,-0.755,0.01,0.07335787266492844,False
15345,-1.34,0.01,0.043140560388565063,False
15346,-0.72,0.01,0.01923280954360962,False
15347,-1.095,0.01,0.054240170121192935,False
15348,-0.815,0.01,0.06043775752186775,False
15349,-1.545,0.01,0.0403259793917338,False
15350,-1.165,0.01,0.04487419252594312,False
15351,-1.2,0.01,0.059906198332707085,False
15352,-0.20999999999999996,0.01,0,False
15353,-1.635,0.01,0.049184639006853104,False
15354,-0.9600000000000001,0.01,0.05591454450041056,False
15355,-1.21,0.01,0,False
15356,-0.735,0.01,0.05921629257500172,False
15357,-0.9400000000000001,0.01,0.08761303871870041,False
15358,-0.91,0.01,0,False
15359,-0.91,0.01,0.07197858393192291,False
15360,-0.815,0.01,0.027648000046610832,False
15361,-1.21,0.01,0.08728116750717163,False
15362,-1.645,0.01,0.047844622284173965,False
15363,-0.8099999999999999,0.01,0.02828945964574814,False
15364,-1.3650000000000002,0.01,0.07725137891247869,False
15365,-0.82,0.01,0.055494148284196854,False
15366,-0.665,0.01,0.062410653879245125,False
15367,-1.32,0.01,0.0452408492565155,False
15368,-1.115,0.01,0.029079332947731018,False
15369,-0.7100000000000001,0.01,0.057788784801959994,False
15370,-1.115,0.01,0.10772410035133362,False
15371,-0.76,0.01,0.06548523809760809,False
15372,-1.225,0.01,0.05253218859434128,False
15373,-1.73,0.01,0.06186288595199585,False
15374,-0.72,0.01,0.05758615583181381,False
15375,-1.02,0.01,0.07837244123220444,False
15376,-0.61,0.01,0.03742656111717224,False
15377,-1.33,0.01,0.06112582981586456,False
15378,-1.11,0.01,0.03337443247437477,False
15379,-0.74,0.01,0.072207011282444,False
15380,-1.08,0.01,0.0613853856921196,False
15381,-1.21,0.01,0.10448624193668365,False
15382,-1.025,0.01,0.054160214960575104,False
15383,-1.355,0.01,0.05610679090023041,False
15384,-0.615,0.01,0.04184373840689659,False
15385,-1.51,0.01,0.047166477888822556,False
15386,-1.2650000000000001,0.01,0.044884585309773684,False
15387,-0.12,0.01,0.057114146649837494,False
15388,-1.21,0.01,0.05885689705610275,False
15389,-1.425,0.01,0.04445018619298935,False
15390,-0.61,0.01,0.027343761175870895,False
15391,-1.0150000000000001,0.01,0.08479133248329163,False
15392,0.4950000000000001,0.01,0.05177260562777519,False
15393,-1.6400000000000001,0.01,0.06120375543832779,False
15394,-1.1300000000000001,0.01,0.07177296467125416,False
15395,-0.825,0.01,0.048246875405311584,False
15396,-1.11,0.01,0.05874168127775192,False
15397,-1.31,0.01,0.11641501635313034,False
15398,-0.725,0.01,0.08578743785619736,False
15399,-0.9900000000000001,0.01,0.05662981458008289,False
15400,-1.44,0.01,0.04695793613791466,False
15401,-0.96,0.01,0.04262453565994898,False
15402,0.685,0.01,0.05859209783375263,False
15403,-0.91,0.01,0,False
15404,-1.415,0.01,0.04782234877347946,False
15405,-1.11,0.01,0.0539374053478241,False
15406,-0.6750000000000003,0.01,0.04847076302394271,False
15407,-0.46499999999999997,0.01,0.059866526164114475,False
15408,-0.71,0.01,0.06795267760753632,False
15409,-1.155,0.01,0.0487299437324206,False
15410,-0.91,0.01,0,False
15411,-1.2800000000000002,0.01,0.05555336624383926,False
15412,-1.2200000000000002,0.01,0.0532432251299421,False
15413,-0.845,0.01,0.05451883748173714,False
15414,-0.1399999999999999,0.01,0.051077213138341904,False
15415,-0.725,0.01,0.09233343601226807,False
15416,-1.21,0.01,0.08942610025405884,False
15417,-1.24,0.01,0.05523473396897316,False
15418,-1.525,0.01,0.04561222717165947,False
15419,-0.32500000000000007,0.01,0.0361248143017292,False
15420,-1.21,0.01,0.07681325823068619,False
15421,-0.625,0.01,0.03414877876639366,False
15422,-1.21,0.01,0,False
15423,-1.06,0.01,0.04220311064273119,False
15424,-1.42,0.01,0.04554452374577522,False
15425,-0.6150000000000001,0.01,0.04628724015007416,False
15426,-1.7550000000000001,0.01,0.04380293811360995,False
15427,-0.4099999999999999,0.01,0.036669909954071045,False
15428,-1.4100000000000001,0.01,0,False
15429,-0.515,0.01,0.033454328775405884,False
15430,-0.91,0.01,0.04727816581726074,False
15431,-1.635,0.01,0.05482413060963154,False
15432,-0.62,0.01,0.06586728245019913,False
15433,-1.01,0.01,0.04476035386323929,False
15434,-1.44,0.01,0.06272934004664421,False
15435,-0.41000000000000003,0.01,0.04940740764141083,False
15436,-1.625,0.01,0.08331143110990524,False
15437,-0.41000000000000003,0.01,0,False
15438,-2.325,0.01,0.06444601900875568,False
15439,-0.12,0.01,0.040316976606845856,False
15440,-1.21,0.01,0.047844722867012024,False
15441,-0.82,0.01,0.08435015380382538,False
15442,-0.81,0.01,0.06432075798511505,False
15443,-1.71,0.01,0.028384331613779068,False
15444,-0.09499999999999997,0.01,0.05525114834308624,False
15445,-1.52,0.01,0.040103979408741,False
15446,-1.51,0.01,0.08503841608762741,False
15447,-0.3600000000000001,0.01,0.052298723409573235,False
15448,-1.025,0.01,0.03687451779842377,False
15449,-1.21,0.01,0.03022969327867031,False
15450,-0.915,0.01,0.046400438994169235,False
15451,-1.7149999999999999,0.01,0.04072627052664757,False
15452,-0.015000000000000013,0.01,0.055138058960437775,False
15453,-1.715,0.01,0.027313660830259323,False
15454,-0.815,0.01,0.08474128693342209,False
15455,-0.745,0.01,0.05472114309668541,False
15456,-1.01,0.01,0,False
15457,-1.215,0.01,0.03842709958553314,False
15458,-1.03,0.01,0.09433986619114876,False
15459,-1.5250000000000001,0.01,0.06986312568187714,False
15460,-0.11499999999999999,0.01,0.067659392952919,False
15461,-1.9100000000000001,0.01,0,False
15462,-0.515,0.01,0.029177475720643997,False
15463,-1.215,0.01,0.07163354754447937,False
15464,-0.91,0.01,0.0512094646692276,False
15465,-0.91,0.01,0.06342050433158875,False
15466,-1.4100000000000001,0.01,0.0454220175743103,False
15467,-0.30999999999999994,0.01,0,False
15468,-1.62,0.01,0.03899792954325676,False
15469,-0.915,0.01,0.11787745356559753,False
15470,-0.5950000000000001,0.01,0.05449830964207649,False
15471,-0.91,0.01,0,False
15472,-1.0650000000000002,0.01,0.07934534549713135,False
15473,-0.41000000000000003,0.01,0.05662916600704193,False
15474,-1.455,0.01,0.047180887777358294,False
15475,-0.9299999999999999,0.01,0.053920719772577286,False
15476,-1.115,0.01,0.08027081936597824,False
15477,-0.91,0.01,0,False
15478,-0.9299999999999999,0.01,0.05003114975988865,False
15479,-1.02,0.01,0.07857926934957504,False
15480,-1.125,0.01,0.04688640311360359,False
15481,-0.615,0.01,0.03375662863254547,False
15482,-0.61,0.01,0.03135550767183304,False
15483,-1.42,0.01,0.06347981095314026,False
15484,-1.025,0.01,0.05381396785378456,False
15485,-1.71,0.01,0.04535503685474396,False
15486,-0.6399999999999999,0.01,0.046828581020236015,False
15487,-1.715,0.01,0.036517951637506485,False
15488,0.45500000000000007,0.01,0.04090780516465505,False
15489,-0.8099999999999999,0.01,0.10198661684989929,False
15490,-1.1250000000000002,0.01,0.05611493003865083,False
15491,-1.81,0.01,0.0470588281750679,False
15492,-0.51,0.01,0.07312899082899094,False
15493,-0.42500000000000004,0.01,0.04352005943655968,False
15494,-1.8250000000000002,0.01,0.08685964718461037,False
15495,-0.43000000000000005,0.01,0.047263896092772484,False
15496,-0.71,0.01,0,False
15497,-0.9550000000000001,0.01,0.09537626678744952,False
15498,-1.215,0.01,0.06020483374595642,False
15499,-1.42,0.01,0.042873093858361244,False
15500,-0.85,0.01,0.03773241676390171,False
15501,-1.4100000000000001,0.01,0.032680023461580276,False
15502,-0.71,0.01,0.05363614484667778,False
15503,-0.5299999999999999,0.01,0.07275152951478958,False
15504,-1.7349999999999999,0.01,0.09625616297125816,False
15505,-1.11,0.01,0,False
15506,-0.61,0.01,0.04732672870159149,False
15507,-0.51,0.01,0.038073908537626266,False
15508,-1.5100000000000002,0.01,0.054868362843990326,False
15509,-0.715,0.01,0.04100537300109863,False
15510,-1.11,0.01,0,False
15511,-1.61,0.01,0.06537564843893051,False
15512,-0.9950000000000001,0.01,0.05303156673908234,False
15513,-0.35,0.01,0.07094077517588933,False
15514,-1.6550000000000002,0.01,0.04356052974859873,False
15515,-0.71,0.01,0.018304923549294472,False
15516,-1.115,0.01,0.08110871911048889,False
15517,-1.625,0.01,0.02209891751408577,False
15518,-0.6799999999999999,0.01,0.06518235243856907,False
15519,-0.91,0.01,0.04412730410695076,False
15520,-0.915,0.01,0.03264886513352394,False
15521,-1.125,0.01,0.04337412491440773,False
15522,-0.925,0.01,0.0430687740445137,False
15523,-0.30499999999999994,0.01,0.04804348200559616,False
15524,-0.94,0.01,0.06569861993193626,False
15525,-1.225,0.01,0.05476590804755688,False
15526,-0.92,0.01,0.07540840655565262,False
15527,-0.45499999999999996,0.01,0.04862951052685579,False
15528,-0.91,0.01,0.06314560770988464,False
15529,-1.01,0.01,0,False
15530,-1.025,0.01,0.056264447048306465,False
15531,-1.5500000000000003,0.01,0.054841361939907074,False
15532,-0.815,0.01,0.040893763303756714,False
15533,-0.63,0.01,0.07020063698291779,False
15534,-1.415,0.01,0.1013488620519638,False
15535,-1.51,0.01,0.05627840757369995,False
15536,-1.0350000000000001,0.01,0.059646520763635635,False
15537,-0.615,0.01,0.039851270616054535,False
15538,-1.21,0.01,0.05360269546508789,False
15539,-1.02,0.01,0.03957023844122887,False
15540,-0.41500000000000004,0.01,0.0549297034740448,False
15541,-1.31,0.01,0.037688180804252625,False
15542,-0.865,0.01,0.08649746080239613,False
15543,-1.6550000000000002,0.01,0.0692959651350975,False
15544,-0.915,0.01,0.09466895461082458,False
15545,-1.01,0.01,0.04289212450385094,False
15546,-0.405,0.01,0.055685210352142654,False
15547,-1.7200000000000002,0.01,0.0644964948296547,False
15548,-0.41000000000000003,0.01,0.0783483013510704,False
15549,-1.54,0.01,0.060038547962903976,False
15550,-0.835,0.01,0.06255926191806793,False
15551,-0.615,0.01,0.08013896644115448,False
15552,-2.235,0.01,0.04511271044611931,False
15553,-0.020000000000000018,0.01,0.07797908782958984,False
15554,-1.85,0.01,0.04331510389844576,False
15555,-0.5499999999999999,0.01,0.0542125403881073,False
15556,-0.925,0.01,0.04667139798402786,False
15557,-0.82,0.01,0.051526881754398346,False
15558,-2.0149999999999997,0.01,0.041688982397317886,False
15559,-0.56,0.01,0.0601429482921958,False
15560,-0.61,0.01,0,False
15561,-1.11,0.01,0.04237008094787598,False
15562,-0.8099999999999999,0.01,0.04529283940792084,False
15563,-1.645,0.01,0.057050976902246475,False
15564,-0.725,0.01,0.052553690969944,False
15565,-1.01,0.01,0.04023083299398422,False
15566,-0.94,0.01,0.06578806601464748,False
15567,-1.21,0.01,0.07341478019952774,False
15568,-0.9600000000000001,0.01,0.03933078174789747,False
15569,-0.71,0.01,0.03871586173772812,False
15570,-1.415,0.01,0.042022284120321274,False
15571,-0.32999999999999996,0.01,0.06707286089658737,False
15572,-1.4100000000000001,0.01,0.07721324265003204,False
15573,-1.225,0.01,0.056551482528448105,False
15574,-0.61,0.01,0,False
15575,-1.415,0.01,0.04755040258169174,False
15576,-1.21,0.01,0.09630153328180313,False
15577,-0.825,0.01,0.037330880761146545,False
15578,-1.4300000000000002,0.01,0.06347117573022842,False
15579,-1.335,0.01,0.04205969348549843,False
15580,-0.64,0.01,0.06182493890325228,False
15581,-0.6449999999999999,0.01,0.03776730224490166,False
15582,-1.44,0.01,0.055636851117014885,False
15583,-0.63,0.01,0.05314084328711033,False
15584,-0.5700000000000001,0.01,0.05842845793813467,False
15585,-0.515,0.01,0.06627199053764343,False
15586,-1.03,0.01,0.05706349015235901,False
15587,-0.86,0.01,0.06005165912210941,False
15588,-1.71,0.01,0.07740985602140427,False
15589,-1.34,0.01,0.04874418596071856,False
15590,0.08500000000000019,0.01,0.09910591691732407,False
15591,-1.355,0.01,0.05611641705036163,False
15592,-1.125,0.01,0.07124821841716766,False
15593,-1.135,0.01,0.05481211468577385,False
15594,-1.235,0.01,0.06819270923733711,False
15595,-1.245,0.01,0.06376077234745026,False
15596,-0.8099999999999999,0.01,0.03621884807944298,False
15597,-0.8200000000000001,0.01,0.07483553886413574,False
15598,-1.1300000000000001,0.01,0.055426785722374916,False
15599,-0.44500000000000006,0.01,0.050174253061413765,False
15600,-1.02,0.01,0.04849764332175255,False
15601,-1.71,0.01,0,False
15602,-1.315,0.01,0.0404033437371254,False
15603,-0.5950000000000001,0.01,0.04644385129213333,False
15604,-1.34,0.01,0.08047318955262502,False
15605,-1.11,0.01,0,False
15606,-0.31999999999999995,0.01,0.041958242654800415,False
15607,-1.1700000000000002,0.01,0.06536478300889333,False
15608,-1.115,0.01,0.04710258170962334,False
15609,-1.01,0.01,0.1080179512500763,False
15610,-0.725,0.01,0.038062380626797676,False
15611,-1.7600000000000002,0.01,0.053205762058496475,False
15612,-0.84,0.01,0.037123482674360275,False
15613,-1.11,0.01,0.0914662778377533,False
15614,-1.185,0.01,0.056770021095871925,False
15615,-0.615,0.01,0.046034157276153564,False
15616,-1.51,0.01,0.037589915096759796,False
15617,-0.86,0.01,0.04686399300893148,False
15618,-0.925,0.01,0.04813474044203758,False
15619,-0.41000000000000003,0.01,0.03354617953300476,False
15620,-1.6850000000000003,0.01,0.05471523758023977,False
15621,-1.21,0.01,0.06601312756538391,False
15622,-0.5700000000000001,0.01,0.05446432251483202,False
15623,-1.0450000000000002,0.01,0.05728125385940075,False
15624,-1.01,0.01,0.07687561959028244,False
15625,-1.045,0.01,0.058278391137719154,False
15626,-0.9650000000000001,0.01,0.08188657462596893,False
15627,-0.865,0.01,0.07510654379924138,False
15628,-1.84,0.01,0.05479641258716583,False
15629,-1.5350000000000001,0.01,0.08070595189929008,False
15630,-0.28500000000000003,0.01,0.044593374244868755,False
15631,-1.55,0.01,0.06285928438107173,False
15632,-0.44499999999999995,0.01,0.05629540607333183,False
15633,-0.62,0.01,0.049193765968084335,False
15634,-1.6400000000000001,0.01,0.04293542355298996,False
15635,-0.815,0.01,0.038192786276340485,False
15636,-1.21,0.01,0.0712318941950798,False
15637,-0.835,0.01,0.03334857523441315,False
15638,-1.04,0.01,0.0632675439119339,False
15639,-1.5950000000000002,0.01,0.04498050212860107,False
15640,-1.295,0.01,0.042107170820236205,False
15641,-0.895,0.01,0.06126786097884178,False
15642,-0.4099999999999999,0.01,0.0510578379034996,False
15643,-0.835,0.01,0.04012592323124409,False
15644,-0.42000000000000015,0.01,0.03905625268816948,False
15645,-0.8250000000000001,0.01,0.05103523177759988,False
15646,-1.3450000000000002,0.01,0.05526921046631677,False
15647,-2.25,0.01,0.04785267015298208,False
15648,-0.05499999999999994,0.01,0.052177153527736664,False
15649,-0.52,0.01,0.04103613272309303,False
15650,-1.375,0.01,0.04957155231386423,False
15651,-1.355,0.01,0.06281939893960953,False
15652,-1.01,0.01,0.028780587017536163,False
15653,0.14500000000000002,0.01,0.06013509134451548,False
15654,-1.9800000000000002,0.01,0.05606305061115159,False
15655,-0.5100000000000001,0.01,0.06183232671835206,False
15656,-1.34,0.01,0.0722978413105011,False
15657,-1.725,0.01,0.05636715516448021,False
15658,-0.35,0.01,0.051827263087034225,False
15659,-1.895,0.01,0.06346141174435616,False
15660,-0.395,0.01,0.05139320120215416,False
15661,-0.5950000000000001,0.01,0.0757650651037693,False
15662,-0.83,0.01,0.08346478641033173,False
15663,-0.3200000000000003,0.01,0.051169243485977255,False
15664,-0.755,0.01,0.04383732316394647,False
15665,-1.9550000000000003,0.01,0.05723764654248953,False
15666,-1.4300000000000002,0.01,0.036472711712121964,False
15667,-0.4249999999999998,0.01,0.05164895051469406,False
15668,-1.06,0.01,0.05087349067131678,False
15669,-1.5950000000000002,0.01,0.05254586413502693,False
15670,-0.725,0.01,0.03773706406354904,False
15671,-0.745,0.01,0.051834022626280785,False
15672,-1.215,0.01,0.04532691619048516,False
15673,-1.12,0.01,0.037055669352412224,False
15674,-2.365,0.01,0.029893717418114345,False
15675,-0.42499999999999993,0.01,0.038951631635427475,False
15676,-0.43500000000000005,0.01,0.03830522857606411,False
15677,-1.48,0.01,0.04733026213943958,False
15678,-0.38,0.01,0.05184721015393734,False
15679,-1.82,0.01,0.057692646980285645,False
15680,-0.8449999999999999,0.01,0.06288135548432668,False
15681,-0.02000000000000013,0.01,0.06468544403711955,False
15682,-1.3800000000000001,0.01,0.06464508455246687,False
15683,-1.445,0.01,0.061789702624082565,False
15684,-1.3400000000000003,0.01,0.0624448653931419,False
15685,-2.125,0.01,0.05062975579251846,False
15686,0.1050000000000002,0.01,0.049658668041229245,False
15687,-1.025,0.01,0.03409409895539284,False
15688,-2.21,0.01,0.0466390499337153,False
15689,-0.6299999999999999,0.01,0.05680624395608902,False
15690,-0.41000000000000003,0.01,0.05523834675550461,False
15691,-1.3900000000000001,0.01,0.05196766629815101,False
15692,-1.925,0.01,0.0578937903046608,False
15693,-1.73,0.01,0.04488170798867941,False
15694,-0.4349999999999996,0.01,0.06105371192097664,False
15695,-0.565,0.01,0.05552443955093622,False
15696,-1.665,0.01,0.05084569131334623,False
15697,-1.565,0.01,0.04079747898504138,False
15698,1.3850000000000025,0.01,0.06506847776472569,False
15699,-0.8700000000000002,0.01,0.05044341584046682,False
15700,-1.445,0.01,0.038026534020900726,False
15701,-0.8100000000000002,0.01,0.056896235116503456,False
15702,-0.8650000000000002,0.01,0.05276178914521422,False
15703,-1.075,0.01,0.05790807058413824,False
15704,-1.045,0.01,0.07799305021762848,False
15705,-1.995,0.01,0.059357594698667526,False
15706,-0.5349999999999999,0.01,0.044698698446154594,False
15707,-0.5299999999999999,0.01,0.048163894563913345,False
15708,0.06999999999999984,0.01,0.04938651621341705,False
15709,-1.6400000000000001,0.01,0.04961061956627028,False
15710,-1.5899999999999999,0.01,0.04026905074715614,False
15711,0.1499999999999999,0.01,0.05811034018794695,False
15712,-1.2650000000000001,0.01,0.05275405431166291,False
15713,-1.9449999999999998,0.01,0.050014644861221313,False
15714,0.19000000000000017,0.01,0.032875221222639084,False
15715,-2.5650000000000004,0.01,0.04999371374455782,False
15716,-1.25,0.01,0.02674571642031272,False
15717,-0.8699999999999999,0.01,0.05572669580578804,False
15718,-0.13000000000000023,0.01,0.048942167311906815,False
15719,-1.35,0.01,0.04505454127987226,False
15720,-0.9850000000000001,0.01,0.048739876598119736,False
15721,-1.44,0.01,0.041396502405405045,False
15722,-1.125,0.01,0.06197084424396356,False
15723,-0.405,0.01,0.0579217995206515,False
15724,-0.33499999999999996,0.01,0.049861881881952286,False
15725,-1.1700000000000004,0.01,0.050692976348929934,False
15726,-0.9450000000000001,0.01,0.07444589212536812,False
15727,-0.9450000000000001,0.01,0.04571768268942833,False
15728,-1.8350000000000002,0.01,0.030616646632552147,False
15729,-0.8599999999999999,0.01,0.0436977781355381,False
15730,0.3949999999999998,0.01,0.05225950310176069,False
15731,-0.8800000000000003,0.01,0.05375285093721591,False
15732,-0.83,0.01,0.03248459193855524,False
15733,-2.245,0.01,0.051801955040830835,False
15734,0.22499999999999987,0.01,0.05865778401494026,False
15735,-1.135,0.01,0.037357088178396225,False
15736,-1.34,0.01,0.04686587117612362,False
15737,0.48499999999999965,0.01,0.048101725056767464,False
15738,-1.065,0.01,0.05586850643157959,False
15739,-0.9500000000000001,0.01,0.0656232088804245,False
15740,-0.03500000000000003,0.01,0.04866589792072773,False
15741,-2.665,0.01,0.040546310444672905,False
15742,-0.06000000000000005,0.01,0.044801456232865654,False
15743,-1.725,0.01,0.05535048246383667,False
15744,-1.355,0.01,0.03847892830769221,False
15745,-1.03,0.01,0.05436774529516697,False
15746,-0.0349999999999997,0.01,0.06385351717472076,False
15747,-0.795,0.01,9.290162732452155,False
15748,-1.635,0.01,0.05167459882795811,False
15749,-1.4700000000000002,0.01,2.1845712574819722,False
15750,-0.6249999999999999,0.01,0.0650700032711029,False
15751,-1.1,0.01,0.05083997808396816,False
15752,-1.4000000000000001,0.01,0.05613165721297264,False
15753,0.6900000000000004,0.01,0.04434126562305859,False
15754,-1.045,0.01,0.07168084569275379,False
15755,-0.44499999999999995,0.01,0.03987644116083781,False
15756,-2.0300000000000002,0.01,0.029471106827259064,False
15757,-0.03999999999999959,0.01,0.06007301683227221,False
15758,-1.155,0.01,0.06873178109526634,False
15759,-1.2300000000000002,0.01,0.0542580367376407,False
15760,-0.4600000000000002,0.01,0.04469871520996094,False
15761,-1.47,0.01,0.1158253001049161,False
15762,-0.2799999999999998,0.01,0.05722259543836117,False
15763,-0.85,0.01,0.04722910622755686,False
15764,-1.75,0.01,0.04619370400905609,False
15765,-1.3599999999999999,0.01,0.05024770647287369,False
15766,-0.11999999999999988,0.01,0.07605504927535851,False
15767,-1.56,0.01,0.07002908239761989,False
15768,-0.6299999999999999,0.01,0.03311992157250643,False
15769,-0.14500000000000013,0.01,0.04103937745094299,False
15770,-0.8550000000000002,0.01,0.04329787380993366,False
15771,-1.545,0.01,0.037605106830596924,False
15772,-0.94,0.01,0.03262512944638729,False
15773,-1.13,0.01,0.033490246161818504,False
15774,-0.9599999999999995,0.01,0.03499290285011133,False
15775,-1.1749999999999998,0.01,0.0695267878472805,False
15776,-0.9299999999999999,0.01,0.03000508714467287,False
15777,-0.03500000000000014,0.01,0.047450702637434006,False
15778,-2.54,0.01,0.09782635420560837,False
15779,-0.35999999999999965,0.01,0.05629299581050873,False
15780,-0.2300000000000001,0.01,0.05359584465622902,False
15781,-0.8450000000000001,0.01,0.03939849014083544,False
15782,-2.65,0.01,0.06579381724198659,False
15783,0.06499999999999995,0.01,0.12358240596950054,False
15784,-2.66,0.01,0.049859050661325455,False
15785,-1.2599999999999998,0.01,0.06000679234663645,False
15786,-0.13999999999999968,0.01,0.03373657539486885,False
15787,-0.22999999999999998,0.01,0.06015825271606445,False
15788,-0.9350000000000002,0.01,0.038359028952462335,False
15789,-1.34,0.01,0.057789476588368416,False
15790,-1.4300000000000002,0.01,0.04109993390738964,False
15791,-1.24,0.01,0.052460990846157074,False
15792,-0.45499999999999985,0.01,0.04691953336199125,False
15793,-1.355,0.01,0.039916073282559715,False
15794,-1.445,0.01,0.05317257841428121,False
15795,0.2549999999999999,0.01,0.057122163474559784,False
15796,-1.8650000000000002,0.01,0.0500438908735911,False
15797,-0.9000000000000001,0.01,0.04188677743077278,False
15798,-1.5699999999999998,0.01,0.057386153377592564,False
15799,-0.44000000000000006,0.01,0.04658893495798111,False
15800,-1.665,0.01,0.04309479892253876,False
15801,-0.25,0.01,0.052402177825570107,False
15802,-2.035,0.01,0.04307236708700657,False
15803,-1.975,0.01,0.042203755117952824,False
15804,0.15000000000000036,0.01,0.04650372018416723,False
15805,-1.875,0.01,0.05879421252757311,False
15806,-0.43499999999999994,0.01,0.046630734577775,False
15807,-1.07,0.01,0.04977800045162439,False
15808,-0.745,0.01,0.04113783501088619,False
15809,-0.74,0.01,0.053097277879714966,False
15810,-0.64,0.01,0.05611022375524044,False
15811,-2.165,0.01,0.059493557860453926,False
15812,-0.23499999999999988,0.01,0.025014583952724934,False
15813,-1.4450000000000003,0.01,0.05102431898315748,False
15814,-1.8399999999999999,0.01,0.049175892025232315,False
15815,-0.4399999999999997,0.01,0.06002741626330784,False
15816,-0.7699999999999999,0.01,0.034403286408632994,False
15817,-1.435,0.01,0.044069595634937286,False
15818,-0.565,0.01,0.04283524863421917,False
15819,-1.23,0.01,0.023042291402816772,False
15820,-1.425,0.01,0.04087357968091965,False
15821,-1.135,0.01,0.06770597398281097,False
15822,-0.545,0.01,0.03663060627877712,False
15823,-1.65,0.01,0.07018074641625087,False
15824,-0.235,0.01,0.035295795649290085,False
15825,0.26,0.01,0.0646926003197829,False
15826,-1.1400000000000001,0.01,0.06583422422409058,False
15827,-1.5350000000000001,0.01,0.05153707042336464,False
15828,-1.4500000000000002,0.01,0.054816473896304764,False
15829,-1.455,0.01,0.037603585670391716,False
15830,-0.6299999999999999,0.01,0.03489848971366882,False
15831,-0.33999999999999997,0.01,0.0544641042749087,False
15832,-1.5350000000000001,0.01,0.06471579521894455,False
15833,-1.045,0.01,0.03163365460932255,False
15834,-1.455,0.01,0.057934523870547615,False
15835,0.04999999999999982,0.01,0.0365521547695001,False
15836,-1.93,0.01,0.05989612266421318,False
15837,-1.4949999999999999,0.01,0.040043124556541444,False
15838,-0.46999999999999975,0.01,0.07179193943738937,False
15839,-1.44,0.01,0.0560955194135507,False
15840,-0.1449999999999998,0.01,0.03889767825603485,False
15841,-1.455,0.01,0.04863360275824865,False
15842,-1.37,0.01,0.05577102955430746,False
15843,0.2599999999999998,0.01,0.0441910233348608,False
15844,-0.22999999999999998,0.01,0.060771502554416656,False
15845,-2.4299999999999997,0.01,0.050464851781725883,False
15846,-1.15,0.01,0.05583884194493294,False
15847,-0.1699999999999997,0.01,0.03621429825822512,False
15848,-1.045,0.01,0.048860110342502594,False
15849,-1.33,0.01,0.05405136197805405,False
15850,-1.65,0.01,0.047160360030829906,False
15851,-0.94,0.01,0.07551562289396922,False
15852,-1.0649999999999995,0.01,0.05398163013160229,False
15853,-0.9949999999999998,0.01,0.03904524222016335,False
15854,-0.014999999999999902,0.01,0.062483152374625206,False
15855,-2.455,0.01,0.0428932656844457,False
15856,0.2649999999999999,0.01,0.04492748901247978,False
15857,-2.085,0.01,0.05275352373719215,False
15858,-0.8299999999999998,0.01,0.0907602608203888,False
15859,-0.9100000000000001,0.01,0.059744395626087986,False
15860,-0.44000000000000006,0.01,0.07287847250699997,False
15861,-1.78,0.01,0.057204914093017575,False
15862,-1.0499999999999998,0.01,0.05323746055364609,False
15863,-1.4300000000000002,0.01,0.04250384494662285,False
15864,-1.0599999999999996,0.01,0.052005199094613395,False
15865,-0.8399999999999999,0.01,0.055560603737831116,False
15866,-0.12999999999999967,0.01,0.06052756309509277,False
15867,-2.455,0.01,0.06506561487913132,False
15868,-0.1349999999999998,0.01,0.08385610207915306,False
15869,-0.6799999999999999,0.01,0.04922050200402737,False
15870,-2.45,0.01,0.05963106267154217,False
15871,0.31000000000000005,0.01,0.05230295732617378,False
15872,-0.64,0.01,0.06222304329276085,False
15873,-1.85,0.01,0.06402604281902313,False
15874,-0.3350000000000002,0.01,0.03649784438312054,False
15875,-0.5349999999999997,0.01,0.0481940358877182,False
15876,-1.5799999999999998,0.01,0.06275835335254669,False
15877,-0.33000000000000007,0.01,0.05124359453717867,False
15878,-1.35,0.01,0.04280759083727995,False
15879,-1.5550000000000002,0.01,0.04577180619041125,False
15880,-1.335,0.01,0.04806157760322094,False
15881,-1.335,0.01,0.06679691959704671,False
15882,-0.25499999999999967,0.01,0.05965957293907801,False
15883,-2.49,0.01,0.06527241989970207,False
15884,0.9600000000000004,0.01,0.048088569194078445,False
15885,-0.935,0.01,0.07705846428871155,False
15886,-1.85,0.01,0.04982272038857142,False
15887,-1.035,0.01,0.04631610959768295,False
15888,-0.9349999999999998,0.01,0.046702854335308075,False
15889,-1.725,0.01,0.04618365317583084,False
15890,-0.23499999999999988,0.01,0.07298699393868446,False
15891,-1.55,0.01,0.03817843894163767,False
15892,-1.0399999999999998,0.01,0.0368436798453331,False
15893,-0.2549999999999999,0.01,0.06371566653251648,False
15894,-1.335,0.01,0.07622658833861351,False
15895,-1.7049999999999998,0.01,0.05246726609766483,False
15896,-1.03,0.01,0.05066181346774101,False
15897,-0.7449999999999997,0.01,0.04378102719783783,False
15898,-1.03,0.01,0.053013455122709274,False
15899,-0.1299999999999999,0.01,0.03987034037709236,False
15900,-2.4749999999999996,0.01,0.05305531993508339,False
15901,-1.1749999999999998,0.01,0.05240429658442736,False
15902,-0.6699999999999999,0.01,0.053695123785963424,False
15903,-0.875,0.01,0.049355716444551945,False
15904,-1.1500000000000001,0.01,0.06184482326110204,False
15905,-1.33,0.01,0.06481853872537613,False
15906,-0.16999999999999993,0.01,0.05730679724365473,False
15907,-1.8050000000000002,0.01,0.04955617114901543,False
15908,-1.545,0.01,0.04031655937433243,False
15909,-0.6449999999999996,0.01,0.04854478873312473,False
15910,-0.14500000000000002,0.01,0.0484770822028319,False
15911,-1.455,0.01,0.03518960066139698,False
15912,-1.63,0.01,0.04586198925971985,False
15913,-0.9650000000000001,0.01,0.03777271742001176,False
15914,-0.42999999999999994,0.01,0.05553413927555084,False
15915,-2.0300000000000002,0.01,0.07091078162193298,False
15916,-0.46499999999999997,0.01,0.044866226613521576,False
15917,-0.9450000000000001,0.01,0.05636279284954071,False
15918,-0.45500000000000007,0.01,0.055915240198373795,False
15919,-1.635,0.01,0.067566292360425,False
15920,-1.335,0.01,0.12060073018074036,False
15921,-0.55,0.01,0.06348032752672832,False
15922,-0.835,0.01,0.055699992924928665,False
15923,-2.2350000000000003,0.01,0.06278110109269619,False
15924,-0.08499999999999974,0.01,0.07228248342871665,False
15925,-1.23,0.01,0.030227404087781906,False
15926,-0.5800000000000001,0.01,0.03994852714240551,False
15927,-2.23,0.01,0.043781109154224396,False
15928,-0.050000000000000044,0.01,0.0797974740465482,False
15929,-0.83,0.01,0.07396436855196953,False
15930,-2.53,0.01,0.05605625733733177,False
15931,-0.34499999999999975,0.01,0.026452315971255302,False
15932,-1.15,0.01,0.06886956592400868,False
15933,-0.2300000000000001,0.01,0.05674730986356735,False
15934,-0.85,0.01,0.07211923040449619,False
15935,-2.045,0.01,0.060750444730122886,False
15936,0.06000000000000005,0.01,0.03818677365779877,False
15937,-1.8399999999999999,0.01,0.052751073613762856,False
15938,0.20499999999999963,0.01,0.057774015391866364,False
15939,-1.76,0.01,0.03268479183316231,False
15940,-0.96,0.01,0.04004123310248057,False
15941,-0.38,0.01,0.06344141438603401,False
15942,-1.045,0.01,0.07155280684431393,False
15943,-0.735,0.01,0.03450130298733711,False
15944,-2.16,0.01,0.051423357178767524,False
15945,-0.6399999999999999,0.01,0.023441175930202007,False
15946,-1.9449999999999998,0.01,0.0631795513133208,False
15947,-0.5399999999999996,0.01,0.05592741630971432,False
15948,0.05499999999999994,0.01,0.0783071368932724,False
15949,-1.75,0.01,0.05607591196894646,False
15950,-0.43499999999999994,0.01,0.04551056586205959,False
15951,-2.065,0.01,0.04029000177979469,False
15952,-1.13,0.01,0.06268211454153061,False
15953,-0.9349999999999998,0.01,0.049019625410437584,False
15954,-1.15,0.01,0.055889081209897995,False
15955,-0.43499999999999994,0.01,0.06059954687952995,False
15956,-1.475,0.01,0.04789688272608651,False
15957,-0.575,0.01,0.07124787615612149,False
15958,-2.035,0.01,0.05961607902177742,False
15959,0.24499999999999988,0.01,0.029068641364574432,False
15960,-1.03,0.01,0.04675974044948816,False
15961,-1.8399999999999999,0.01,0.05382003262639046,False
15962,-1.235,0.01,0.06765677034854889,False
15963,-0.8549999999999999,0.01,0.06844202677408855,False
15964,-1.55,0.01,0.05035023018717766,False
15965,1.0199999999999996,0.01,0.04382169395685196,False
15966,-1.0250000000000004,0.01,0.044071318581700325,False
15967,-2.5999999999999996,0.01,0.06207040660083294,False
15968,-0.6649999999999998,0.01,0.049988928716629744,False
15969,-0.4,0.01,0.05170402675867081,False
15970,-0.8399999999999999,0.01,0.05656343721784651,False
15971,-0.7599999999999996,0.01,0.040434117118517555,False
15972,-1.0000000000000002,0.01,0.0664842665195465,False
15973,-1.8399999999999999,0.01,0.039180644787847996,False
15974,0.06000000000000005,0.01,0.027634138241410255,False
15975,-1.595,0.01,0.052820947021245956,False
15976,-1.03,0.01,0.03843282535672188,False
15977,0.11499999999999977,0.01,0.05304617751389742,False
15978,-0.635,0.01,0.0495329275727272,False
15979,-2.46,0.01,0.030629819879929226,False
15980,-0.4549999999999996,0.01,0.048217419534921646,False
15981,-0.8699999999999999,0.01,0.058737607672810555,False
15982,-0.7000000000000001,0.01,0.05159352868795395,False
15983,-1.245,0.01,0.04973558088143667,False
15984,-1.445,0.01,0.04463998042047024,False
15985,-0.9549999999999998,0.01,0.057939144472281136,False
15986,-1.4400000000000002,0.01,0.04739458067342639,False
15987,-0.6799999999999997,0.01,0.04871830799513393,False
15988,-1.36,0.01,0.06040800052384535,False
15989,-0.97,0.01,0.0415547052398324,False
15990,-1.665,0.01,0.041197375704844795,False
15991,-0.2699999999999998,0.01,0.03923425357788801,False
15992,-1.635,0.01,0.0669005922973156,False
15993,-0.8299999999999998,0.01,0.04408838599920273,False
15994,-0.5549999999999999,0.01,0.03932964305082957,False
15995,-2.48,0.01,0.0374560016207397,False
15996,-0.5549999999999997,0.01,0.06837921837965648,False
15997,0.6700000000000002,0.01,0.03880920447409153,False
15998,-2.4299999999999997,0.01,0.089710783213377,False
15999,-0.4399999999999997,0.01,0.02510138973593712,False
16000,-1.445,0.01,0.11350523307919502,False
16001,-1.2650000000000001,0.01,0.061063082681761846,False
16002,-0.35499999999999976,0.01,0.05461085339387258,False
16003,-1.465,0.01,0.04175674170255661,False
16004,-0.855,0.01,0.036881705125172935,False
16005,-1.5699999999999998,0.01,0.04258285742253065,False
16006,0.014999999999999902,0.01,0.05102753043174744,False
16007,-1.6600000000000001,0.01,0.08052949359019597,False
16008,-2.2,0.01,0.04943699054419994,False
16009,-0.3999999999999997,0.01,0.05987405851483345,False
16010,-0.6750000000000002,0.01,0.05527992732822895,False
16011,-1.24,0.01,0.054671029249827065,False
16012,-0.51,0.01,0.05218141650160154,False
16013,-0.16000000000000014,0.01,0.05128037859685719,False
16014,-1.945,0.01,0.05654435019407954,False
16015,-1.2650000000000001,0.01,0.07209832966327667,False
16016,-0.96,0.01,0.045617528880635895,False
16017,-0.2200000000000002,0.01,0.044354561095436416,False
16018,-1.5050000000000001,0.01,0.03331133257597685,False
16019,-1.0100000000000005,0.01,0.05088084889575839,False
16020,-2.6550000000000002,0.01,0.05553723375002543,False
16021,0.6700000000000002,0.01,0.037658270448446274,False
16022,-2.005,0.01,0.04297305146853129,False
16023,-0.6599999999999999,0.01,0.04550586516658465,False
16024,-1.3150000000000002,0.01,0.04709915289034446,False
16025,-1.83,0.01,0.10043802112340927,False
16026,0.33499999999999996,0.01,0.041943193413317204,False
16027,-2.23,0.01,0.042625827714800835,False
16028,-0.17500000000000004,0.01,0.05030864394373364,False
16029,-1.3650000000000002,0.01,0.049969831481575966,False
16030,-0.51,0.01,0.05296046490019018,False
16031,-1.29,0.01,0.05730982031673193,False
16032,-0.7750000000000001,0.01,0.04570747898625476,False
16033,-0.8800000000000001,0.01,0.04650382976979017,False
16034,-2.58,0.01,0.04992257058620453,False
16035,0.4950000000000001,0.01,0.039291949942708015,False
16036,-1.425,0.01,0.04904768243432045,False
16037,-1.42,0.01,0.028092358261346817,False
16038,-0.45500000000000007,0.01,4.3012183631459875,False
16039,-0.835,0.01,0.07936832681298256,False
16040,-1.25,0.01,2.890060226122538,False
16041,-1.245,0.01,0.029866800643503666,False
16042,-1.33,0.01,0.054727692157030106,False
16043,-0.8099999999999999,0.01,0.06684134900569916,False
16044,-0.46499999999999997,0.01,0.04207039996981621,False
16045,-2.2249999999999996,0.01,0.03816873952746391,False
16046,0.04000000000000026,0.01,0.04057661568125089,False
16047,-0.255,0.01,0.05648887405792872,False
16048,-1.1450000000000002,0.01,0.0476126444991678,False
16049,-0.8300000000000002,0.01,0.04829973221889564,False
16050,-1.425,0.01,0.04928601160645485,False
16051,-0.71,0.01,0.0605279840528965,False
16052,-0.2500000000000002,0.01,0.04179113591089845,False
16053,-1.3250000000000002,0.01,0.04685060679912567,False
16054,-1.21,0.01,0.05867115035653114,False
16055,-1.22,0.01,0.05857166275382042,False
16056,-0.8099999999999999,0.01,0.08667558431625366,False
16057,-1.705,0.01,0.06056713592261076,False
16058,-0.8949999999999998,0.01,0.04258742593228817,False
16059,-1.035,0.01,0.03502181265503168,False
16060,-0.725,0.01,0.11233946681022644,False
16061,-0.625,0.01,0.06463345978409052,False
16062,-1.0150000000000001,0.01,0.02879750169813633,False
16063,-0.9500000000000001,0.01,0.050168651289173534,False
16064,-1.9400000000000002,0.01,0.04952488963802656,False
16065,-0.42999999999999994,0.01,0.043290916830301285,False
16066,-0.91,0.01,0.044119641184806824,False
16067,-0.8300000000000001,0.01,0.05372008495032787,False
16068,-0.9550000000000001,0.01,0.068081167836984,False
16069,-0.6950000000000001,0.01,0.05228257849812508,False
16070,-1.915,0.01,0.05083638553818067,False
16071,-0.925,0.01,0.06739758380821773,False
16072,-0.755,0.01,0.04228518592814604,False
16073,-1.05,0.01,0.053650347515940666,False
16074,-0.21499999999999997,0.01,0.04348260164260864,False
16075,-1.625,0.01,0.07632463052868843,False
16076,-0.915,0.01,0.03236015513539314,False
16077,-1.4200000000000002,0.01,0.059242658937970795,False
16078,-1.115,0.01,0.04039889574050903,False
16079,-0.61,0.01,0.02073110081255436,False
16080,-1.29,0.01,0.035911403596401215,False
16081,-0.875,0.01,0.041270843241363764,False
16082,-0.84,0.01,0.06168998032808304,False
16083,-1.25,0.01,0.033444433162609734,False
16084,-1.63,0.01,0.030551772564649582,False
16085,-0.24,0.01,0.06891082723935445,False
16086,-1.42,0.01,0.05782104283571243,False
16087,-0.71,0.01,0.03812451660633087,False
16088,-0.65,0.01,0.05097414553165436,False
16089,-1.9000000000000001,0.01,0.05350576713681221,False
16090,-1.395,0.01,0.053947373479604724,False
16091,-0.039999999999999813,0.01,0.039189375936985016,False
16092,-1.645,0.01,0.04472636803984642,False
16093,-0.44499999999999995,0.01,0.03815364527205626,False
16094,-1.0900000000000003,0.01,0.05340453237295151,False
16095,-1.425,0.01,0.0616166815161705,False
16096,-0.9900000000000001,0.01,0.03870322480797768,False
16097,-0.9450000000000001,0.01,0.05652408115565777,False
16098,-1.82,0.01,0.05970766209065914,False
16099,0.09000000000000008,0.01,0,False
16100,-1.21,0.01,0.03471039608120918,False
16101,-1.75,0.01,0.04525477687517802,False
16102,-0.30999999999999994,0.01,0.05113065987825394,False
16103,-1.5150000000000001,0.01,0.08930689096450806,False
16104,-1.1400000000000001,0.01,0.05789564549922943,False
16105,-0.17000000000000004,0.01,0.03994138864800334,False
16106,-1.51,0.01,0,False
16107,-0.935,0.01,0.0525264497846365,False
16108,0.3700000000000001,0.01,0.027136903256177902,False
16109,-1.93,0.01,0.059890301898121834,False
16110,-0.575,0.01,0.04858225490897894,False
16111,-1.6300000000000001,0.01,0.060514142736792564,False
16112,-0.7449999999999999,0.01,0.059683578088879585,False
16113,-0.935,0.01,0.04302765987813473,False
16114,-1.27,0.01,0.042969550006091595,False
16115,0.7299999999999998,0.01,0.06057769060134888,False
16116,-1.56,0.01,0.032058789084355034,False
16117,-0.615,0.01,0.04608432948589325,False
16118,-1.725,0.01,0.06618541292846203,False
16119,-1.17,0.01,0.07267362624406815,False
16120,-0.64,0.01,0.04505816660821438,False
16121,-1.1300000000000001,0.01,0.037719955667853355,False
16122,-1.545,0.01,0.04637545347213745,False
16123,-0.825,0.01,0.06142016872763634,False
16124,-1.3650000000000002,0.01,0.07207120954990387,False
16125,-0.30999999999999994,0.01,0.0440494567155838,False
16126,-0.84,0.01,0.05315682850778103,False
16127,-1.5150000000000001,0.01,0.040397800505161285,False
16128,-1.275,0.01,0.06380533333867788,False
16129,-0.42999999999999994,0.01,0.03932788036763668,False
16130,-1.605,0.01,0.051237620413303375,False
16131,-1.0150000000000001,0.01,0.06229652464389801,False
16132,-1.58,0.01,0.04282228127121925,False
16133,-0.645,0.01,0.06920420564711094,False
16134,-1.4500000000000002,0.01,0.0671034703652064,False
16135,0.9450000000000001,0.01,0.05411873757839203,False
16136,-0.3350000000000001,0.01,0.045006657019257545,False
16137,-0.935,0.01,0.046850559301674366,False
16138,-0.915,0.01,0.07325996458530426,False
16139,-1.625,0.01,0.05090651847422123,False
16140,-0.41999999999999993,0.01,0.03136797621846199,False
16141,-0.81,0.01,0.04731530323624611,False
16142,-1.02,0.01,0.03789379820227623,False
16143,-1.115,0.01,0.03866767883300781,False
16144,-0.795,0.01,0.04886679239571094,False
16145,-1.6300000000000001,0.01,0.04214569553732872,False
16146,-1.165,0.01,0.05857293556133906,False
16147,-1.12,0.01,0.05784901550837925,False
16148,-0.845,0.01,0.040582671761512756,False
16149,-1.3050000000000002,0.01,0.060793839395046234,False
16150,-0.4099999999999999,0.01,0,False
16151,-0.81,0.01,0.05170991271734238,False
16152,-2.04,0.01,0.040127839893102646,False
16153,-0.875,0.01,0.055738759227097034,False
16154,-0.86,0.01,0.04147457890212536,False
16155,-0.5499999999999998,0.01,0.0390310063958168,False
16156,-0.42499999999999993,0.01,0.05220544710755348,False
16157,-1.31,0.01,0.044745273888111115,False
16158,-1.07,0.01,0.056581840850412846,False
16159,-0.6300000000000001,0.01,0.04213435761630535,False
16160,-0.1299999999999999,0.01,0.06579293310642242,False
16161,-0.3450000000000001,0.01,0.06598680714766185,False
16162,-1.045,0.01,0.048506507029136024,False
16163,-0.935,0.01,0.048099564388394356,False
16164,-0.8099999999999999,0.01,0,False
16165,-1.11,0.01,0.06481865793466568,False
16166,-0.84,0.01,0.05508767068386078,False
16167,0.18999999999999995,0.01,0.04775681346654892,False
16168,-1.9100000000000001,0.01,0.030866021290421486,False
16169,0.6449999999999998,0.01,0.03508374094963074,False
16170,-1.01,0.01,0.04295511171221733,False
16171,-1.415,0.01,0.03316338360309601,False
16172,-1.175,0.01,0.047930771484971046,False
16173,-0.525,0.01,0.09976288676261902,False
16174,-1.415,0.01,0.06375336647033691,False
16175,-0.3450000000000001,0.01,0.026019548997282982,False
16176,-2.045,0.01,0.03985657977561156,False
16177,-0.61,0.01,0,False
16178,-0.915,0.01,0.07323278486728668,False
16179,-1.425,0.01,0.03742028959095478,False
16180,-0.615,0.01,0.05300143361091614,False
16181,-1.215,0.01,0.03195098415017128,False
16182,-1.71,0.01,0.06323284655809402,False
16183,-0.21999999999999997,0.01,0.05865595117211342,False
16184,-0.6149999999999999,0.01,0.035402730107307434,False
16185,-1.65,0.01,0.08678159241875012,False
16186,-1.01,0.01,0,False
16187,-0.20999999999999996,0.01,0.12513308227062225,False
16188,-1.455,0.01,0.05601434409618378,False
16189,-1.81,0.01,0.03149011731147766,False
16190,-1.0499999999999998,0.01,0.05634189024567604,False
16191,-0.41999999999999993,0.01,0.018410831689834595,False
16192,-0.87,0.01,0.040345449000597,False
16193,-1.035,0.01,0.05169805325567722,False
16194,-1.475,0.01,0.044854973908513784,False
16195,-0.8099999999999999,0.01,0,False
16196,-0.4099999999999999,0.01,0.038463279604911804,False
16197,-1.32,0.01,0.04238205403089523,False
16198,-1.01,0.01,0.12587407231330872,False
16199,-1.645,0.01,0.04618878600498041,False
16200,-0.71,0.01,0,False
16201,0.45499999999999985,0.01,0.04756232723593712,False
16202,-0.6100000000000001,0.01,0.054411910474300385,False
16203,-0.815,0.01,0.0894801914691925,False
16204,-1.02,0.01,0.0356137789785862,False
16205,-1.4500000000000002,0.01,0.03459120293458303,False
16206,-0.44000000000000006,0.01,0.03350516967475414,False
16207,-0.91,0.01,0.056469835340976715,False
16208,-0.91,0.01,0.029610922560095787,False
16209,-1.99,0.01,0.05322133302688599,False
16210,-0.515,0.01,0.08240950852632523,False
16211,-0.61,0.01,0,False
16212,-1.01,0.01,0.039095763117074966,False
16213,-1.165,0.01,0.05368236918002367,False
16214,-1.21,0.01,0,False
16215,-1.44,0.01,0.05420065298676491,False
16216,-1.225,0.01,0.07345657050609589,False
16217,-0.605,0.01,0.05696022945145766,False
16218,-0.935,0.01,0.037679506465792656,False
16219,-1.02,0.01,0.0715496763586998,False
16220,-1.7149999999999999,0.01,0.07168485224246979,False
16221,-0.32499999999999996,0.01,0.09319306910037994,False
16222,-1.115,0.01,0.04375617951154709,False
16223,-0.8099999999999999,0.01,0.045507293194532394,False
16224,-1.01,0.01,0.037348486483097076,False
16225,-1.31,0.01,0.05988897755742073,False
16226,-0.81,0.01,0,False
16227,-1.01,0.01,0.082586869597435,False
16228,-1.025,0.01,0.03130881767719984,False
16229,-1.245,0.01,0.036924077197909355,False
16230,-0.5149999999999999,0.01,0.036150023341178894,False
16231,-1.3800000000000001,0.01,0.0518359299749136,False
16232,-1.31,0.01,0.04494926333427429,False
16233,-0.72,0.01,0.040776222944259644,False
16234,-1.215,0.01,0.06800040602684021,False
16235,-0.865,0.01,0.03385425312444568,False
16236,-0.535,0.01,0.06126219220459461,False
16237,-1.51,0.01,0.07148794829845428,False
16238,-0.63,0.01,0.02008473128080368,False
16239,-1.91,0.01,0.05514740198850632,False
16240,-0.815,0.01,0.09523855149745941,False
16241,-0.81,0.01,0.03190820291638374,False
16242,-0.85,0.01,0.08641139542063077,False
16243,-0.74,0.01,0.05229073390364647,False
16244,-1.71,0.01,0.06886427104473114,False
16245,-1.24,0.01,0.05290823616087437,False
16246,-0.050000000000000044,0.01,0.04702017083764076,False
16247,-1.33,0.01,0.050226856023073196,False
16248,-0.515,0.01,0.0682007446885109,False
16249,-0.45000000000000007,0.01,0.04781584069132805,False
16250,-1.565,0.01,0.06665201392024755,False
16251,-0.5099999999999999,0.01,0.03561122715473175,False
16252,-1.01,0.01,0,False
16253,-1.665,0.01,0.05809847405180335,False
16254,-1.11,0.01,0.026783231645822525,False
16255,-1.04,0.01,0.0649646483361721,False
16256,-0.915,0.01,0.04026821255683899,False
16257,-0.82,0.01,0.05905438959598541,False
16258,-0.845,0.01,0.05505974466602007,False
16259,-1.125,0.01,0.031350091099739075,False
16260,-1.53,0.01,0.07063283212482929,False
16261,-0.41999999999999993,0.01,0.046475350856781006,False
16262,-1.4100000000000001,0.01,0.047910794615745544,False
16263,-0.5099999999999999,0.01,0.03930690884590149,False
16264,-1.545,0.01,0.08741706982254982,False
16265,-1.425,0.01,0.04913187958300114,False
16266,-0.345,0.01,0.06578803807497025,False
16267,-1.01,0.01,0.0326060876250267,False
16268,-0.84,0.01,0.05469151958823204,False
16269,-1.24,0.01,0.04825445078313351,False
16270,-0.9650000000000001,0.01,0.03375788452103734,False
16271,-0.94,0.01,0.036232318729162216,False
16272,-1.44,0.01,0.051695287227630615,False
16273,-1.125,0.01,0.050777846947312355,False
16274,-0.54,0.01,0.05446591600775719,False
16275,-1.8250000000000002,0.01,0.05736975185573101,False
16276,-0.25,0.01,0.07330924458801746,False
16277,-1.215,0.01,0.0588625967502594,False
16278,-0.27000000000000013,0.01,0.038484609220176935,False
16279,-1.2650000000000001,0.01,0.08139440603554249,False
16280,-0.725,0.01,0.09440471231937408,False
16281,-0.71,0.01,0.0478501096367836,False
16282,-1.4100000000000001,0.01,0.05627904087305069,False
16283,-1.3250000000000002,0.01,0.04032246768474579,False
16284,-1.04,0.01,0.04676993191242218,False
16285,-0.73,0.01,0.030751289799809456,False
16286,-0.8300000000000001,0.01,0.057426233908959796,False
16287,-1.21,0.01,0.06014639139175415,False
16288,-0.735,0.01,0.042468082159757614,False
16289,-1.34,0.01,0.030546528287231922,False
16290,-1.5150000000000001,0.01,0.03948073089122772,False
16291,-0.21499999999999997,0.01,0.04704304784536362,False
16292,-1.975,0.01,0.03634324809536338,False
16293,-0.31999999999999995,0.01,0.039943404495716095,False
16294,-1.01,0.01,0.09085680544376373,False
16295,-0.9299999999999999,0.01,0.04504583030939102,False
16296,-1.24,0.01,0.05081266351044178,False
16297,-0.76,0.01,0.049019716680049896,False
16298,-0.42500000000000004,0.01,0.0503084035590291,False
16299,-1.115,0.01,0.06867577135562897,False
16300,-0.82,0.01,0.15691417455673218,False
16301,-1.6099999999999999,0.01,0.06768395006656647,False
16302,0.19000000000000017,0.01,0.03476506844162941,False
16303,-1.395,0.01,0.043128746747970584,False
16304,-1.21,0.01,0.06141042709350586,False
16305,-1.2600000000000002,0.01,0.04911010339856148,False
16306,-1.55,0.01,0.05816698571046194,False
16307,-0.10999999999999999,0.01,0,False
16308,-2.01,0.01,0.05050525814294815,False
16309,-0.5249999999999999,0.01,0.048100367188453674,False
16310,-1.225,0.01,0.03445766493678093,False
16311,-0.83,0.01,0.04300956055521965,False
16312,-0.93,0.01,0.04400652274489403,False
16313,-1.645,0.01,0.05151381716132164,False
16314,-0.3200000000000002,0.01,0.047954291105270386,False
16315,-1.135,0.01,0.050810569897294044,False
16316,-0.9200000000000002,0.01,0.045370391969169886,False
16317,-2.045,0.01,0.048654282465577126,False
16318,-0.62,0.01,0.02457401156425476,False
16319,-0.245,0.01,0.05375107626120249,False
16320,-2.11,0.01,0.06115323305130005,False
16321,-0.725,0.01,0.014164377003908157,False
16322,-0.32500000000000007,0.01,0.056085143238306046,False
16323,-1.245,0.01,0.061750758439302444,False
16324,-1.475,0.01,0.043782029300928116,False
16325,-0.71,0.01,0.03366107493638992,False
16326,-1.11,0.01,0.08739772439002991,False
16327,-1.115,0.01,0.05564934387803078,False
16328,1.3900000000000001,0.01,0.05393858999013901,False
16329,-1.145,0.01,0.044910610653460026,False
16330,-1.115,0.01,0.07132996618747711,False
16331,-0.65,0.01,0.035823959236343704,False
16332,-1.4100000000000001,0.01,0.03179217129945755,False
16333,-0.75,0.01,0.033424556255340576,False
16334,-1.21,0.01,0,False
16335,-0.845,0.01,0.05974426989754041,False
16336,-0.26,0.01,0.06561281159520149,False
16337,-0.52,0.01,0.06701125204563141,False
16338,-0.20999999999999996,0.01,0.03603024408221245,False
16339,-1.35,0.01,0.04603348486125469,False
16340,-1.32,0.01,0.05344296805560589,False
16341,-0.62,0.01,0.08000603318214417,False
16342,-1.395,0.01,0.04907769560813904,False
16343,-0.61,0.01,0.01754283905029297,False
16344,-0.915,0.01,0.041417114436626434,False
16345,-1.225,0.01,0.040597204118967056,False
16346,-1.1400000000000001,0.01,0.053804513067007065,False
16347,-1.33,0.01,0.037708002142608166,False
16348,-0.81,0.01,0.023888710886240005,False
16349,-1.455,0.01,0.05092523371179899,False
16350,-0.43000000000000005,0.01,0.0794982984662056,False
16351,-1.5150000000000001,0.01,0.0307341068983078,False
16352,-0.67,0.01,0.03657154738903046,False
16353,-1.8150000000000002,0.01,0.04539741389453411,False
16354,-0.45500000000000007,0.01,0.04327568660179774,False
16355,-1.0050000000000001,0.01,0.05137507679561774,False
16356,-1.585,0.01,0.04373449087142944,False
16357,-0.895,0.01,0.057631513476371764,False
16358,-1.255,0.01,0.042737444241841636,False
16359,-1.8399999999999999,0.01,0.047127727419137955,False
16360,0.2550000000000001,0.01,0.040927451103925705,False
16361,-0.3450000000000001,0.01,0.04597057650486628,False
16362,-1.0150000000000001,0.01,0.09327102452516556,False
16363,-1.3699999999999999,0.01,0.053780254907906055,False
16364,-0.21999999999999997,0.01,0.0982494205236435,False
16365,-0.9450000000000001,0.01,0.04360640048980713,False
16366,-1.3950000000000002,0.01,0.054150551185011865,False
16367,-1.1800000000000002,0.01,0.04427003562450409,False
16368,-1.4100000000000001,0.01,0,False
16369,0.30499999999999994,0.01,0.05064889478186766,False
16370,-1.9400000000000002,0.01,0.03972192294895649,False
16371,0.18500000000000005,0.01,0.04252288118004799,False
16372,-1.9100000000000001,0.01,0.03718912973999977,False
16373,-0.7300000000000001,0.01,0.05864704648653666,False
16374,-0.19000000000000017,0.01,0.05298759862780571,False
16375,-0.82,0.01,0.06799563765525818,False
16376,-1.8350000000000002,0.01,0.03740902537746089,False
16377,-1.3450000000000002,0.01,0.06744659878313541,False
16378,-0.010000000000000009,0.01,0.0454384982585907,False
16379,-1.1600000000000001,0.01,0.05358228335777918,False
16380,-0.845,0.01,0.04706678291161855,False
16381,-0.1200000000000001,0.01,0.055592358112335205,False
16382,-1.0950000000000002,0.01,0.05560930073261261,False
16383,-1.215,0.01,0.0675506591796875,False
16384,-1.025,0.01,0.0379442423582077,False
16385,-0.42499999999999993,0.01,0.10232280939817429,False
16386,-2.165,0.01,0.05749652162194252,False
16387,-0.10999999999999999,0.01,0,False
16388,-1.8900000000000001,0.01,0.04762823786586523,False
16389,-1.1400000000000001,0.01,0.04149467125535011,False
16390,-0.2300000000000001,0.01,0.08044371381402016,False
16391,0.9950000000000001,0.01,0.06574133845667045,False
16392,-1.71,0.01,0.07038352079689503,False
16393,-0.12,0.01,0.030844710767269135,False
16394,-1.7850000000000001,0.01,0.05181920900940895,False
16395,-1.165,0.01,0.06417744630016387,False
16396,-2.4450000000000003,0.01,0.04187836373845736,False
16397,0.43500000000000205,0.01,0.05528242785770159,False
16398,-0.365,0.01,0.06087346747517586,False
16399,-1.03,0.01,0.08651010319590569,False
16400,-1.77,0.01,0.03702664499481519,False
16401,-0.5399999999999999,0.01,0.0851585641503334,False
16402,-1.1400000000000001,0.01,0.07170801982283592,False
16403,-0.28000000000000014,0.01,0.040485280100256205,False
16404,-1.925,0.01,0.04696206748485565,False
16405,-0.4650000000000001,0.01,0.041310254484415054,False
16406,-1.315,0.01,0.03598697856068611,False
16407,-0.8099999999999999,0.01,0.04613903537392616,False
16408,-1.1900000000000002,0.01,0.0620763823390007,False
16409,-0.825,0.01,0.05244966968894005,False
16410,-0.8099999999999999,0.01,0.09024670720100403,False
16411,-1.745,0.01,0.053817350417375565,False
16412,-1.3150000000000002,0.01,0.06507167095939319,False
16413,-0.4149999999999999,0.01,0.03759540617465973,False
16414,-1.5950000000000002,0.01,0.055491532385349276,False
16415,-1.33,0.01,0.04566505178809166,False
16416,-1.35,0.01,0.05050432309508324,False
16417,-0.95,0.01,0.07296402007341385,False
16418,-1.045,0.01,0.038610510528087616,False
16419,0.010000000000000231,0.01,0.04808611646294594,False
16420,-1.9300000000000002,0.01,0.05010771378874779,False
16421,-0.4750000000000001,0.01,0.05570127349346876,False
16422,-1.12,0.01,0.0632510781288147,False
16423,-0.5950000000000001,0.01,0.0765749130398035,False
16424,-1.85,0.01,0.04243629922469457,False
16425,-0.28,0.01,0.033700231928378344,False
16426,-1.915,0.01,0.048249199986457825,False
16427,-0.59,0.01,0.058634275943040846,False
16428,-1.5550000000000002,0.01,0.02953496513267358,False
16429,-0.050000000000000044,0.01,0.059458304196596146,False
16430,-1.2800000000000002,0.01,0.05141424983739853,False
16431,-1.75,0.01,0.03528527915477753,False
16432,-1.02,0.01,0.09367441385984421,False
16433,-0.51,0.01,0,False
16434,-0.645,0.01,0.03612194334467252,False
16435,-0.915,0.01,0.04186748340725899,False
16436,-1.315,0.01,0.039020828902721405,False
16437,-1.51,0.01,0.06586138904094696,False
16438,-1.2950000000000004,0.01,0.06616649329662323,False
16439,-0.30999999999999994,0.01,0,False
16440,-2.65,0.01,0.04006344576676687,False
16441,-0.22999999999999998,0.01,0.02760292962193489,False
16442,-0.4600000000000001,0.01,0.0622940460840861,False
16443,-1.15,0.01,0.03963677833477656,False
16444,-0.31999999999999995,0.01,0.041392192244529724,False
16445,-0.9199999999999999,0.01,0.032630384899675846,False
16446,-1.045,0.01,0.0351477712392807,False
16447,-0.7349999999999999,0.01,0.044309647753834724,False
16448,-1.545,0.01,0.05390064790844917,False
16449,-0.6649999999999999,0.01,0.06150531272093455,False
16450,-1.58,0.01,0.04573053773492575,False
16451,-0.6350000000000001,0.01,0.046047380194067955,False
16452,-0.915,0.01,0.053806282579898834,False
16453,-1.615,0.01,0.030117547139525414,False
16454,-0.345,0.01,0.04698896547779441,False
16455,-0.6149999999999999,0.01,0.06733071058988571,False
16456,-0.8099999999999999,0.01,0.04092385619878769,False
16457,-1.0350000000000001,0.01,0.034660523757338524,False
16458,-0.71,0.01,0.05670803412795067,False
16459,-1.6099999999999999,0.01,0,False
16460,-0.14,0.01,0.06708178172508876,False
16461,-1.845,0.01,0.06308816745877266,False
16462,-1.255,0.01,0.0366958137601614,False
16463,-1.025,0.01,0.0734778605401516,False
16464,-0.07000000000000006,0.01,0.06610360369086266,False
16465,-1.9300000000000002,0.01,0.047379422932863235,False
16466,-0.86,0.01,0.048294004052877426,False
16467,-0.7100000000000001,0.01,0.03765461097160975,False
16468,-1.3250000000000002,0.01,0.03091784566640854,False
16469,-0.7949999999999999,0.01,0.060761886462569234,False
16470,-0.9550000000000001,0.01,0.05151476780883968,False
16471,-2.0,0.01,0.0315097488462925,False
16472,-0.96,0.01,0.03669234924018383,False
16473,-0.55,0.01,0.03717056351403395,False
16474,-1.4200000000000002,0.01,0.04560799524188042,False
16475,-0.5700000000000001,0.01,0.053012426011264324,False
16476,-1.34,0.01,0.04494883865118027,False
16477,-0.745,0.01,0.06524111578861873,False
16478,-1.31,0.01,0,False
16479,-1.32,0.01,0.09296460077166557,False
16480,-0.82,0.01,0.026322390884160995,False
16481,-0.31999999999999995,0.01,0.07181283831596375,False
16482,-1.2550000000000003,0.01,0.0703774131834507,False
16483,-1.75,0.01,0.06522869070370992,False
16484,-1.585,0.01,0.046856208704411983,False
16485,-0.475,0.01,0.034029233269393444,False
16486,-0.86,0.01,0.038362063467502594,False
16487,-0.825,0.01,0.0473208874464035,False
16488,-0.8200000000000001,0.01,0.08726682513952255,False
16489,-1.8250000000000002,0.01,0.05060013383626938,False
16490,-0.935,0.01,0.03309304639697075,False
16491,-1.02,0.01,0.04417699575424194,False
16492,-1.22,0.01,0.0271897092461586,False
16493,-0.31500000000000017,0.01,0.0462923776358366,False
16494,-1.965,0.01,0.07933807466179132,False
16495,-0.535,0.01,0.04934258013963699,False
16496,-1.7799999999999998,0.01,0.04162723617628217,False
16497,-0.5199999999999999,0.01,0.04491904377937317,False
16498,-1.19,0.01,0.05801386684179306,False
16499,-0.05500000000000016,0.01,0.04888171702623367,False
16500,-2.05,0.01,0.04285812812546889,False
16501,-0.715,0.01,0.06146235764026642,False
16502,-1.34,0.01,0.03337025362998247,False
16503,-0.71,0.01,0.035113777965307236,False
16504,-1.31,0.01,0.030959784984588623,False
16505,-1.35,0.01,0.033322498202323914,False
16506,-0.2749999999999999,0.01,0.042078547179698944,False
16507,-0.8800000000000001,0.01,0.05190567597746849,False
16508,-1.1350000000000002,0.01,0.04762012830802372,False
16509,-1.4200000000000004,0.01,0.05303941915432612,False
16510,-0.65,0.01,0.035160538430015244,False
16511,-1.54,0.01,0.02254592999815941,False
16512,-1.22,0.01,0.052843160927295685,False
16513,-0.62,0.01,0.023763995617628098,False
16514,-2.005,0.01,0.04921060210714737,False
16515,-0.9450000000000001,0.01,0.03669134620577097,False
16516,-0.725,0.01,0.046408528462052345,False
16517,0.5999999999999999,0.01,0.04313204921782017,False
16518,-1.0150000000000001,0.01,0.048474401235580444,False
16519,-1.74,0.01,0.03439831857879957,False
16520,-0.235,0.01,0.07869677245616913,False
16521,-1.605,0.01,0.04384748339653015,False
16522,-0.5199999999999999,0.01,0.04498494789004326,False
16523,-1.415,0.01,0.07769531011581421,False
16524,-0.92,0.01,0.023722585290670395,False
16525,-0.9400000000000002,0.01,0.059030896318810325,False
16526,-1.25,0.01,0.053808946162462234,False
16527,-1.725,0.01,0.05010298453271389,False
16528,-0.815,0.01,0.04827359318733215,False
16529,-0.71,0.01,0.08292629569768906,False
16530,-0.525,0.01,0.02719450183212757,False
16531,-0.93,0.01,0.09168348275125027,False
16532,-1.985,0.01,0.04659846648573875,False
16533,-1.1000000000000003,0.01,0.035758177004754546,False
16534,-1.8900000000000001,0.01,0.06470445245504379,False
16535,-0.18499999999999983,0.01,0.04466279875487089,False
16536,-0.53,0.01,0.047717707231640816,False
16537,-1.4700000000000002,0.01,0.04121431102976203,False
16538,-1.31,0.01,0,False
16539,-0.6849999999999999,0.01,0.06590115800499916,False
16540,-1.9849999999999999,0.01,0.05181338544934988,False
16541,0.09000000000000008,0.01,0.08435893058776855,False
16542,-1.215,0.01,0.04181768000125885,False
16543,-0.71,0.01,0.07290206849575043,False
16544,-1.355,0.01,0.05075984075665474,False
16545,-1.115,0.01,0.07592262327671051,False
16546,-0.915,0.01,0.032566748559474945,False
16547,-0.6050000000000001,0.01,0.04085506871342659,False
16548,-0.73,0.01,0.10032465681433678,False
16549,-0.53,0.01,0.050762537866830826,False
16550,-1.44,0.01,0.046447004191577435,False
16551,-1.22,0.01,0.049394480884075165,False
16552,-1.65,0.01,0.03449343517422676,False
16553,0.18000000000000016,0.01,0.06734666228294373,False
16554,-1.615,0.01,0.0347735770046711,False
16555,-1.045,0.01,0.03673990536481142,False
16556,-1.35,0.01,0.053336517264445625,False
16557,0.1399999999999999,0.01,0.03223305195569992,False
16558,-0.91,0.01,0.03112894855439663,False
16559,-1.04,0.01,0.044995853677392006,False
16560,-1.31,0.01,0.09523558616638184,False
16561,-0.715,0.01,0.03213733062148094,False
16562,-1.235,0.01,0.04108248092234135,False
16563,-0.82,0.01,0.04976426810026169,False
16564,-1.03,0.01,0.045150608755648136,False
16565,-0.5099999999999999,0.01,0.032477568835020065,False
16566,-1.445,0.01,0.055047422647476196,False
16567,-1.21,0.01,0.05311514064669609,False
16568,-0.20999999999999996,0.01,0.053119756281375885,False
16569,-1.8250000000000002,0.01,0.026769503951072693,False
16570,-0.755,0.01,0.05831977725028992,False
16571,-1.54,0.01,0.06245634953180949,False
16572,-0.61,0.01,0,False
16573,-1.01,0.01,0.04096580669283867,False
16574,-0.41000000000000003,0.01,0.09054088592529297,False
16575,-1.8250000000000002,0.01,0.03680768981575966,False
16576,-0.71,0.01,0.038355402648448944,False
16577,-1.235,0.01,0.061615997925400734,False
16578,-1.01,0.01,0.039854228496551514,False
16579,-0.925,0.01,0.06191873550415039,False
16580,-1.225,0.01,0.04759646486490965,False
16581,-0.7450000000000001,0.01,0.05162160364644868,False
16582,-1.81,0.01,0.10997988283634186,False
16583,-0.35,0.01,0.040727597971757255,False
16584,-0.56,0.01,0.05617814386884371,False
16585,-1.6099999999999999,0.01,0.034573063254356384,False
16586,-1.0700000000000003,0.01,0.050969874072406024,False
16587,-0.72,0.01,0.02348950132727623,False
16588,-1.25,0.01,0.041847508400678635,False
16589,-1.11,0.01,0,False
16590,-0.61,0.01,0.049307696521282196,False
16591,-0.8300000000000001,0.01,0.07330787554383278,False
16592,-0.4099999999999999,0.01,0.038264837116003036,False
16593,-1.425,0.01,0.04445185512304306,False
16594,-1.0150000000000001,0.01,0.055240049958229065,False
16595,-0.3650000000000001,0.01,0.06089219031855464,False
16596,-1.8250000000000002,0.01,0.0420021116733551,False
16597,-0.9000000000000001,0.01,0.062049333627025284,False
16598,-1.065,0.01,0.04394431163867315,False
16599,-1.335,0.01,0.09198399260640144,False
16600,-0.72,0.01,0.0792895182967186,False
16601,-0.9299999999999999,0.01,0.06472807191312313,False
16602,-0.61,0.01,0.049006931483745575,False
16603,-1.62,0.01,0.06028256565332413,False
16604,-0.9800000000000001,0.01,0.0704888990148902,False
16605,-0.61,0.01,0.059282418340444565,False
16606,-1.9100000000000001,0.01,0.03237192705273628,False
16607,-0.1050000000000002,0.01,0.05722279697656631,False
16608,-1.92,0.01,0.08114960044622421,False
16609,-0.71,0.01,0,False
16610,-0.725,0.01,0.0524523239582777,False
16611,-1.25,0.01,0.03373528520266215,False
16612,-0.5599999999999999,0.01,0.05689136187235514,False
16613,-1.5350000000000001,0.01,0.036738038063049316,False
16614,-1.3800000000000001,0.01,0.04401708720251918,False
16615,-0.8700000000000001,0.01,0.06420301925390959,False
16616,-0.61,0.01,0.030329406261444092,False
16617,-1.545,0.01,0.0723847784101963,False
16618,-0.9299999999999999,0.01,0.04886261746287346,False
16619,-1.02,0.01,0.03588015213608742,False
16620,-0.91,0.01,0.09123548865318298,False
16621,-1.1300000000000001,0.01,0.048761604353785515,False
16622,-1.375,0.01,0.04257104452699423,False
16623,-0.10999999999999999,0.01,0,False
16624,-1.4300000000000002,0.01,0.036084339022636414,False
16625,-1.74,0.01,0.04724311642348766,False
16626,-0.1299999999999999,0.01,0.039378805086016655,False
16627,-1.4300000000000002,0.01,0.0288832513615489,False
16628,-1.11,0.01,0.058237217366695404,False
16629,-0.91,0.01,0,False
16630,-1.23,0.01,0.04361950606107712,False
16631,-0.20999999999999996,0.01,0.04353528842329979,False
16632,-1.6150000000000002,0.01,0.04516353830695152,False
16633,-1.1150000000000002,0.01,0.052076958740750946,False
16634,-1.4100000000000001,0.01,0.05372424051165581,False
16635,-0.73,0.01,0.056254301220178604,False
16636,-0.7499999999999999,0.01,0.04542293523748716,False
16637,-0.73,0.01,0.04789357632398605,False
16638,-1.145,0.01,0.04504798352718353,False
16639,-1.635,0.01,0.0765806082636118,False
16640,-0.41000000000000003,0.01,0.023907989263534546,False
16641,-1.73,0.01,0.043546910397708416,False
16642,-0.4149999999999999,0.01,0.048364244401454926,False
16643,-0.915,0.01,0.04880475997924805,False
16644,-1.135,0.01,0.05924981087446213,False
16645,-1.895,0.01,0.05219545587897301,False
16646,-0.5099999999999999,0.01,0.045882925391197205,False
16647,-1.11,0.01,0,False
16648,-0.20999999999999996,0.01,0.04103369265794754,False
16649,-1.71,0.01,0.032686326652765274,False
16650,-1.52,0.01,0.056069932878017426,False
16651,-1.235,0.01,0.07162361033260822,False
16652,0.07499999999999996,0.01,0.05573168210685253,False
16653,-1.71,0.01,0,False
16654,-0.44000000000000006,0.01,0.05167011419932047,False
16655,-1.21,0.01,0,False
16656,-1.4100000000000001,0.01,0.08831370621919632,False
16657,-0.2500000000000001,0.01,0.05961944287021955,False
16658,-1.4100000000000001,0.01,0.030520228669047356,False
16659,-1.21,0.01,0,False
16660,-0.73,0.01,0.07312553748488426,False
16661,-1.0150000000000001,0.01,0.02476228028535843,False
16662,-1.11,0.01,0.03802277147769928,False
16663,-0.675,0.01,0.034964305348694324,False
16664,-1.12,0.01,0.07275299727916718,False
16665,-0.73,0.01,0.0319296270608902,False
16666,-1.11,0.01,0.04458782076835632,False
16667,-1.22,0.01,0.0841638445854187,False
16668,-1.1600000000000001,0.01,0.049761311461528145,False
16669,-0.84,0.01,0.03876696899533272,False
16670,-1.21,0.01,0.03358615189790726,False
16671,-1.355,0.01,0.06188289324442545,False
16672,-0.31500000000000006,0.01,0.042491618543863297,False
16673,-1.21,0.01,0.025147568434476852,False
16674,-0.81,0.01,0.04116138815879822,False
16675,-1.31,0.01,0,False
16676,-1.11,0.01,0.036039359867572784,False
16677,-1.1700000000000002,0.01,0.055818557273596525,False
16678,-0.825,0.01,0.08216650784015656,False
16679,-1.4300000000000002,0.01,0.04205353278666735,False
16680,-0.715,0.01,0.06593512743711472,False
16681,-1.48,0.01,0.041328005492687225,False
16682,-0.61,0.01,0.04676547646522522,False
16683,-0.86,0.01,0.03734625751773516,False
16684,-1.83,0.01,0.061192141845822334,False
16685,-0.2500000000000001,0.01,0.05756711587309837,False
16686,-0.72,0.01,0.037074849009513855,False
16687,-1.8250000000000002,0.01,0.048567987978458405,False
16688,-1.215,0.01,0.04129081591963768,False
16689,-0.32499999999999996,0.01,0.026300838217139244,False
16690,-1.12,0.01,0.051484085619449615,False
16691,-1.6099999999999999,0.01,0.07751362025737762,False
16692,-0.8099999999999999,0.01,0.041864536702632904,False
16693,-0.235,0.01,0.037805656902492046,False
16694,-1.22,0.01,0.07057476788759232,False
16695,-1.9300000000000002,0.01,0.022268078289926052,False
16696,-0.30999999999999994,0.01,0.031034527346491814,False
16697,-1.98,0.01,0.0495248893275857,False
16698,-0.30999999999999994,0.01,0.059451840817928314,False
16699,-0.91,0.01,0,False
16700,-1.655,0.01,0.0628045027454694,False
16701,-0.010000000000000009,0.01,0.0626901388168335,False
16702,-2.33,0.01,0.0675815287977457,False
16703,-0.45999999999999996,0.01,0.07046468555927277,False
16704,-1.6600000000000001,0.01,0.037464351703723274,False
16705,-0.8649999999999999,0.01,0.057866720482707024,False
16706,-0.44000000000000006,0.01,0.04616259224712849,False
16707,-1.52,0.01,0.03148762881755829,False
16708,-0.5099999999999999,0.01,0.06057903170585632,False
16709,-1.0550000000000002,0.01,0.05468799670537313,False
16710,-0.84,0.01,0.03614604193717241,False
16711,-1.31,0.01,0.03481622785329819,False
16712,-1.9300000000000002,0.01,0.04609568603336811,False
16713,0.07500000000000018,0.01,0.06592780351638794,False
16714,-1.35,0.01,0.05266799032688141,False
16715,-0.72,0.01,0.05931360647082329,False
16716,-1.055,0.01,0.04673679918050766,False
16717,-0.815,0.01,0.05578896403312683,False
16718,-1.83,0.01,0.04686586745083332,False
16719,-0.71,0.01,0.06632058322429657,False
16720,-1.1050000000000002,0.01,0.060847902297973634,False
16721,-1.1300000000000001,0.01,0.03775422275066376,False
16722,-1.22,0.01,0.06720751523971558,False
16723,-0.24,0.01,0.03893656097352505,False
16724,-1.375,0.01,0.05469172354787588,False
16725,-1.025,0.01,0.025834403932094574,False
16726,-1.01,0.01,0.046749088913202286,False
16727,-0.07000000000000006,0.01,0.04598275013267994,False
16728,-1.2550000000000001,0.01,0.042058058083057404,False
16729,-1.48,0.01,0.0596021693199873,False
16730,-0.45500000000000007,0.01,0.03968819913764795,False
16731,-0.81,0.01,0.08154643326997757,False
16732,-1.1050000000000002,0.01,0.04270008653402328,False
16733,-1.11,0.01,0.039364270865917206,False
16734,-0.43499999999999994,0.01,0.062013521790504456,False
16735,-1.135,0.01,0.0749548003077507,False
16736,-0.45000000000000007,0.01,0.048169393092393875,False
16737,-1.5150000000000001,0.01,0.061514414846897125,False
16738,-1.25,0.01,0.06272683044274648,False
16739,-1.29,0.01,0.04749159887433052,False
16740,-0.8449999999999999,0.01,0.02657333016395569,False
16741,-1.01,0.01,0.06362221017479897,False
16742,-0.9299999999999999,0.01,0.03357456251978874,False
16743,-1.5750000000000002,0.01,0.05631794314831495,False
16744,0.08000000000000007,0.01,0.04085450991988182,False
16745,-1.1500000000000001,0.01,0.04529724270105362,False
16746,-1.625,0.01,0.024458084255456924,False
16747,-1.31,0.01,0.06044649239629507,False
16748,-0.6399999999999999,0.01,0.0601093303412199,False
16749,-1.35,0.01,0.06934551522135735,False
16750,-0.615,0.01,0.0326983705163002,False
16751,-1.21,0.01,0.03406970575451851,False
16752,-1.5350000000000001,0.01,0.03256179951131344,False
16753,0.6800000000000002,0.01,0.07320982217788696,False
16754,-2.37,0.01,0.04287770204246044,False
16755,0.44500000000000006,0.01,0.05756312112013499,False
16756,-1.375,0.01,0.04139858344569802,False
16757,-0.67,0.01,0.04842396453022957,False
16758,-2.755,0.01,0.058669478399679065,False
16759,-1.0699999999999998,0.01,0.06658641000588734,False
16760,-0.20499999999999985,0.01,0.05147428201003508,False
16761,-1.0650000000000002,0.01,0.0411962759681046,False
16762,-1.04,0.01,0.06270072236657143,False
16763,-0.9450000000000001,0.01,0.04859946854412556,False
16764,-0.31499999999999995,0.01,0.07092683762311935,False
16765,-1.5350000000000001,0.01,0.04078378900885582,False
16766,-0.74,0.01,0.029297634959220886,False
16767,-1.7200000000000002,0.01,0.05636122077703476,False
16768,-1.4700000000000002,0.01,0.04388928413391113,False
16769,-0.8499999999999999,0.01,0.05307362228631973,False
16770,-0.61,0.01,0.04805620759725571,False
16771,-0.91,0.01,0.04948589205741882,False
16772,-1.02,0.01,0.05618072301149368,False
16773,-1.9200000000000002,0.01,0.03970968071371317,False
16774,-0.01499999999999968,0.01,0.036418359726667404,False
16775,-0.855,0.01,0.03420871744553248,False
16776,-2.0650000000000004,0.01,0.035559091717004776,False
16777,0.04499999999999993,0.01,0.045423262286931276,False
16778,-1.4300000000000002,0.01,0.04224852845072746,False
16779,-0.83,0.01,0.04368937574326992,False
16780,-1.475,0.01,0.058982287223140396,False
16781,-0.9750000000000001,0.01,0.060299351811409,False
16782,-1.65,0.01,0.03925813424090544,False
16783,-1.32,0.01,0.056880590505898,False
16784,-1.46,0.01,0.037578292191028595,False
16785,0.44500000000000006,0.01,0.06701865295569102,False
16786,-0.7450000000000001,0.01,0.042674558237195015,False
16787,-0.67,0.01,0.03649374237284064,False
16788,-1.71,0.01,0.04910600744187832,False
16789,0.040000000000000036,0.01,0.053569321831067405,False
16790,-0.5349999999999999,0.01,0.055812275037169456,False
16791,-1.57,0.01,0.04714647913351655,False
16792,-0.5499999999999999,0.01,0.03411580249667168,False
16793,-1.11,0.01,0,False
16794,-1.1300000000000001,0.01,0.03365292400121689,False
16795,-1.665,0.01,0.04270765744149685,False
16796,-1.54,0.01,0.03281873092055321,False
16797,-0.4999999999999998,0.01,0.04749655053019523,False
16798,-0.5399999999999999,0.01,0.037786029279232025,False
16799,-1.725,0.01,0.03469836339354515,False
16800,-0.4049999999999998,0.01,0.04303600639104843,False
16801,-1.6949999999999998,0.01,0.04820493087172508,False
16802,-0.030000000000000027,0.01,0.051889024674892426,False
16803,-1.6300000000000001,0.01,0.024966513738036156,False
16804,-0.7050000000000001,0.01,0.05561274252831936,False
16805,-0.92,0.01,0.042466018348932266,False
16806,-2.09,0.01,0.038294936530292034,False
16807,-0.11499999999999999,0.01,0.05375399813055992,False
16808,-1.645,0.01,0.0338649737338225,False
16809,-0.3650000000000001,0.01,0.04552063097556432,False
16810,-1.36,0.01,0.043665132485330105,False
16811,-0.835,0.01,0.07044411264359951,False
16812,-1.4700000000000002,0.01,0.0516629486810416,False
16813,-0.8850000000000001,0.01,0.048520971834659574,False
16814,-1.0150000000000001,0.01,0.03920450434088707,False
16815,-2.005,0.01,0.0401610292494297,False
16816,-0.41500000000000004,0.01,0.020316191017627716,False
16817,-1.125,0.01,0.04580454993993044,False
16818,-0.41500000000000004,0.01,0.04688053950667381,False
16819,1.005,0.01,0.05920628979802132,False
16820,-1.36,0.01,0.0575943230651319,False
16821,-1.2650000000000001,0.01,0.03738608707984289,False
16822,-1.6850000000000003,0.01,0.04325622022151947,False
16823,-1.18,0.01,0.05307714734226465,False
16824,0.20500000000000007,0.01,0.041697511076927186,False
16825,-1.63,0.01,0.037734443321824074,False
16826,0.6299999999999999,0.01,0.049052405171096325,False
16827,-1.265,0.01,0.03351275622844696,False
16828,-0.4700000000000001,0.01,0.03885484393686056,False
16829,-0.8450000000000002,0.01,0.03458492954572042,False
16830,-0.235,0.01,0.07365367189049721,False
16831,-2.165,0.01,0.0388992540538311,False
16832,-0.9450000000000001,0.01,0.057377769301335015,False
16833,-0.09499999999999997,0.01,0.037567397207021715,False
16834,-1.335,0.01,0.043122803792357445,False
16835,-0.5249999999999999,0.01,0.0632910206913948,False
16836,-0.9100000000000001,0.01,0.04032207311441501,False
16837,-0.265,0.01,0.033594378270208836,False
16838,-1.4100000000000001,0.01,0.04835038104405006,False
16839,-0.7800000000000007,0.01,0.04026219993829727,False
16840,-1.3250000000000002,0.01,0.050397899157057204,False
16841,-1.02,0.01,0.0556701235473156,False
16842,-0.5050000000000001,0.01,0.045159272849559784,False
16843,-1.565,0.01,0.05598789546638727,False
16844,-1.5950000000000002,0.01,0.04477141760289669,False
16845,-0.6349999999999999,0.01,0.03422876074910164,False
16846,-0.9149999999999998,0.01,0.05402964573692192,False
16847,-0.45999999999999974,0.01,0.052326527424156666,False
16848,-0.575,0.01,0.041576290503144264,False
16849,-0.8149999999999997,0.01,0.05457992820690075,False
16850,-1.15,0.01,0.061606209725141525,False
16851,-0.9450000000000001,0.01,0.027256577586134274,False
16852,-1.3499999999999999,0.01,0.052248420814673104,False
16853,-0.3350000000000002,0.01,0.04536065893868605,False
16854,-1.975,0.01,0.043250853195786476,False
16855,-0.18000000000000016,0.01,0.05781316477805376,False
16856,-1.9649999999999999,0.01,0.03719127799073855,False
16857,-0.025000000000000022,0.01,0.04188535548746586,False
16858,-1.435,0.01,0.044595202431082726,False
16859,-1.8399999999999999,0.01,0.07623730599880219,False
16860,-0.06499999999999972,0.01,0.05787342693656683,False
16861,-1.29,0.01,0.03672472853213549,False
16862,-1.735,0.01,0.051452022578035085,False
16863,-0.915,0.01,0.0280369371175766,False
16864,-0.96,0.01,0.05590735003352165,False
16865,-0.865,0.01,0.035763500879208245,False
16866,-1.5899999999999999,0.01,0.060966598242521285,False
16867,-1.46,0.01,0.0495358482003212,False
16868,0.05500000000000016,0.01,0.055177552004655205,False
16869,-1.635,0.01,0.034094697795808315,False
16870,-1.9300000000000002,0.01,0.04278168144325415,False
16871,0.15500000000000025,0.01,0.04459196018675963,False
16872,-0.20999999999999996,0.01,0.056784771382808685,False
16873,-2.57,0.01,0.05713308726747831,False
16874,0.9350000000000005,0.01,0.041186928283423185,False
16875,-1.455,0.01,0.03979367886980375,False
16876,-0.7399999999999999,0.01,0.043139816261827946,False
16877,-2.65,0.01,0.03902422512571017,False
16878,0.15500000000000025,0.01,0.04795881236592928,False
16879,-0.7299999999999999,0.01,0.06005160138010979,False
16880,-1.9849999999999999,0.01,0.04235597625374794,False
16881,-0.5649999999999997,0.01,0.05019021282593409,False
16882,-0.745,0.01,0.04348308717211088,False
16883,-0.7799999999999999,0.01,0.05255319643765688,False
16884,-1.145,0.01,0.03775079051653544,False
16885,-1.18,0.01,0.048237549141049385,False
16886,-1.6800000000000002,0.01,0.046162850223481655,False
16887,-0.9549999999999998,0.01,0.0587251881758372,False
16888,-0.7449999999999999,0.01,0.035592603186766304,False
16889,-0.8449999999999999,0.01,0.03832528553903103,False
16890,-1.04,0.01,0.021429128013551235,False
16891,-1.33,0.01,0.037713200386081426,False
16892,-1.135,0.01,0.0555246610726629,False
16893,-0.28000000000000014,0.01,0.05115528078749776,False
16894,-1.6600000000000001,0.01,0.043267074041068554,False
16895,-1.665,0.01,0.025982885311047237,False
16896,-0.18999999999999972,0.01,0.04065847862511873,False
16897,-0.5699999999999998,0.01,0.05300490837544203,False
16898,-0.3600000000000002,0.01,0.034273590271671615,False
16899,-0.03000000000000025,0.01,0.03910760364184777,False
16900,-1.3400000000000003,0.01,0.04887252440676093,False
16901,-0.815,0.01,0.052694437404473625,False
16902,-1.37,0.01,0.031903219098846115,False
16903,-0.03499999999999992,0.01,0.032178848050534725,False
16904,-1.7200000000000002,0.01,0.046576304361224174,False
16905,-1.83,0.01,0.05013088136911392,False
16906,-0.23499999999999988,0.01,0.05439403812800135,False
16907,-1.445,0.01,0.04394985238711039,False
16908,0.05499999999999994,0.01,0.025725617073476315,False
16909,-2.125,0.01,0.0501137657889298,False
16910,-0.5050000000000003,0.01,0.05019984778482467,False
16911,-0.9000000000000001,0.01,0.03548286259174347,False
16912,-0.625,0.01,0.05787435546517372,False
16913,-1.375,0.01,0.03969730669632554,False
16914,-0.07499999999999996,0.01,0.05725246258080006,False
16915,-1.0250000000000001,0.01,0.03496732066075007,False
16916,-0.5499999999999999,0.01,0.02848010944823424,False
16917,-0.17500000000000004,0.01,0.050582763738930225,False
16918,0.2699999999999998,0.01,0.04638049112898963,False
16919,-2.09,0.01,0.0377111479640007,False
16920,-0.5900000000000001,0.01,0.0497596275061369,False
16921,-1.63,0.01,0.05221857130527496,False
16922,-0.865,0.01,0.037538069766014814,False
16923,-0.3300000000000002,0.01,0.03446638663964612,False
16924,-1.3450000000000002,0.01,0.06503080762922764,False
16925,-2.565,0.01,0.04898776983221372,False
16926,-0.039999999999999813,0.01,0.08056002482771873,False
16927,-0.9550000000000001,0.01,0.04821848000089327,False
16928,-0.935,0.01,0.03876322042196989,False
16929,-2.34,0.01,0.03613572833793504,False
16930,-0.17500000000000004,0.01,0.03833355428650975,False
16931,-0.07999999999999985,0.01,0.04199223294854164,False
16932,-0.755,0.01,0.033779202029109,False
16933,-1.9049999999999998,0.01,0.039534500986337665,False
16934,-0.41999999999999993,0.01,0.033228643238544464,False
16935,-1.135,0.01,0.04079376719892025,False
16936,-1.33,0.01,0.032286547124385834,False
16937,-0.3299999999999996,0.01,0.03807929530739784,False
16938,-1.4300000000000002,0.01,0.03377079777419567,False
16939,-0.44500000000000006,0.01,0.03961697965860367,False
16940,-1.425,0.01,0.03160759247839451,False
16941,-1.75,0.01,0.050938522443175316,False
16942,-0.4399999999999997,0.01,0.056790766616662346,False
16943,-0.9600000000000001,0.01,0.05313250174125036,False
16944,-0.24500000000000055,0.01,0.051298409270552486,False
16945,-1.755,0.01,0.0427946113049984,False
16946,-0.5450000000000002,0.01,0.055073383109023176,False
16947,-1.255,0.01,0.027224886541565258,False
16948,-0.3350000000000001,0.01,0.038725199177861214,False
16949,-1.735,0.01,0.04230797370629651,False
16950,-0.7050000000000001,0.01,0.04126420492927233,False
16951,-2.075,0.01,0.03913464490324259,False
16952,-0.06000000000000005,0.01,0.04921575325230757,False
16953,-1.3850000000000002,0.01,0.03536134213209152,False
16954,-1.8599999999999999,0.01,0.032445191871374846,False
16955,-0.765,0.01,0.048549660947173834,False
16956,-0.95,0.01,0.04387817345559597,False
16957,-0.4600000000000001,0.01,0.04678526520729065,False
16958,-1.1700000000000002,0.01,0.036578780971467495,False
16959,-1.465,0.01,0.04039581120014191,False
16960,-1.54,0.01,0.05300506856292486,False
16961,-0.16500000000000004,0.01,0.03463490307331085,False
16962,-1.85,0.01,0.04678190623720487,False
16963,-1.04,0.01,0.03238218277692795,False
16964,-0.04500000000000015,0.01,0.04229350884755453,False
16965,-2.36,0.01,0.03376666642725468,False
16966,-0.3049999999999997,0.01,0.04266084097325802,False
16967,-0.8400000000000001,0.01,0.032622452825307846,False
16968,-0.64,0.01,0.05440388061106205,False
16969,-1.6750000000000003,0.01,0.04377934123788561,False
16970,-0.73,0.01,0.04286729823797941,False
16971,-0.4449999999999996,0.01,0.029789146035909653,False
16972,-1.695,0.01,0.03996263220906258,False
16973,-0.57,0.01,0.04748705681413412,False
16974,-0.815,0.01,0.032962474040687084,False
16975,0.03499999999999992,0.01,0.05054137762635946,False
16976,-1.635,0.01,0.03366230055689812,False
16977,-1.4300000000000002,0.01,0.05447863042354584,False
16978,-1.34,0.01,0.03300353791564703,False
16979,0.54,0.01,0.03524477636584869,False
16980,-0.3350000000000001,0.01,0.02838698774576187,False
16981,-2.2199999999999998,0.01,0.045561841556004117,False
16982,-0.5000000000000002,0.01,0.041151780635118484,False
16983,-0.735,0.01,0.03523190971463919,False
16984,-1.585,0.01,0.0404935865662992,False
16985,-0.8450000000000002,0.01,0.04363462453087171,False
16986,-0.9700000000000001,0.01,0.042377288453280926,False
16987,-1.63,0.01,0.024595852941274643,False
16988,-1.33,0.01,0.027387769892811775,False
16989,-0.009999999999999787,0.01,0.03208649158477783,False
16990,-1.5050000000000003,0.01,0.030495838075876237,False
16991,-1.7650000000000001,0.01,0.055104621686041355,False
16992,-0.9049999999999996,0.01,0.033062107115983966,False
16993,-0.7599999999999999,0.01,0.050984553061425686,False
16994,-1.73,0.01,0.05820053070783615,False
16995,-0.7299999999999999,0.01,0.035376427695155144,False
16996,-0.8449999999999999,0.01,0.05301447709401449,False
16997,-1.18,0.01,0.03685781545937061,False
16998,-1.15,0.01,0.03128258200983206,False
16999,-0.865,0.01,0.036647710328300796,False
17000,-1.35,0.01,0.036472856532782316,False
17001,-0.44999999999999996,0.01,0.05156727507710457,False
17002,-1.3200000000000003,0.01,0.053064584732055664,False
17003,-1.4200000000000002,0.01,0.030159992165863514,False
17004,-0.050000000000000044,0.01,0.04293904826045036,False
17005,-0.995,0.01,0.0499552071094513,False
17006,-0.745,0.01,0.028469766179720562,False
17007,-1.29,0.01,0.03744586883112788,False
17008,-1.33,0.01,0.043887048959732056,False
17009,0.06499999999999972,0.01,0.052257394684212546,False
17010,-2.1500000000000004,0.01,0.032310654719670616,False
17011,-0.14500000000000002,0.01,0.04140089266002178,False
17012,-1.86,0.01,0.039471402764320374,False
17013,-0.11499999999999999,0.01,0.034689574502408504,False
17014,-1.105,0.01,0.04501840397715569,False
17015,-0.5700000000000001,0.01,0.040761373937129974,False
17016,-1.29,0.01,0.03282935619354248,False
17017,-1.425,0.01,0.022996170446276665,False
17018,-0.8250000000000002,0.01,0.057678112760186195,False
17019,-1.25,0.01,0.043609341606497765,False
17020,-0.74,0.01,0.03846644503729684,False
17021,-0.5650000000000001,0.01,0.038324630508820214,False
17022,-1.7400000000000002,0.01,0.06068074951569239,False
17023,-1.145,0.01,0.03877800051122904,False
17024,-1.0250000000000001,0.01,0.03971038891800812,False
17025,-1.33,0.01,0.04093106836080551,False
17026,-0.14,0.01,0.025201368456085522,False
17027,-1.6850000000000003,0.01,0.04136239695880148,False
17028,-1.5700000000000003,0.01,0.05305030817786852,False
17029,-0.575,0.01,0.04887262359261513,False
17030,-0.8349999999999999,0.01,0.0573259461671114,False
17031,-1.035,0.01,0.043990401551127434,False
17032,-0.3900000000000001,0.01,0.04239130280911922,False
17033,-1.475,0.01,0.03476919559761882,False
17034,-0.6899999999999997,0.01,0.0483380176126957,False
17035,-1.0149999999999997,0.01,0.046216810743014015,False
17036,-0.44499999999999984,0.01,0.0584814865142107,False
17037,-0.94,0.01,0.04477418462435404,False
17038,-2.16,0.01,0.029642039289077122,False
17039,0.13000000000000034,0.01,0.05266356281936169,False
17040,-0.15999999999999992,0.01,0.0484811682254076,False
17041,-0.8199999999999998,0.01,0.06791252767046292,False
17042,-0.78,0.01,0.0462854191660881,False
17043,-1.435,0.01,0.05905251018702984,False
17044,-0.8350000000000001,0.01,0.040135648899844716,False
17045,-1.0399999999999998,0.01,0.05287344194948673,False
17046,-1.5650000000000004,0.01,0.03999458763160204,False
17047,-0.15500000000000003,0.01,0.037972670048475266,False
17048,-1.2750000000000001,0.01,0.03107841033488512,False
17049,-1.345,0.01,0.06236203573644161,False
17050,-1.125,0.01,0.03543419816664287,False
17051,-0.44499999999999984,0.01,0.02949974313378334,False
17052,-1.27,0.01,0.044544892851263285,False
17053,-1.98,0.01,0.04338780604302883,False
17054,-0.1499999999999997,0.01,0.029434262464443844,False
17055,-2.19,0.01,0.03068836182355881,False
17056,0.42500000000000004,0.01,0.045372639782726765,False
17057,-2.55,0.01,0.03784317310367312,False
17058,-0.33999999999999964,0.01,0.02995168666044871,False
17059,-0.7250000000000001,0.01,0.04959284581921317,False
17060,-1.9100000000000001,0.01,0.03338395804166794,False
17061,-0.7699999999999996,0.01,0.053530868142843246,False
17062,-0.7549999999999999,0.01,0.06418325814108054,False
17063,-1.05,0.01,0.019539885222911835,False
17064,-2.075,0.01,0.039665352553129196,False
17065,-0.03499999999999992,0.01,0.0388040142133832,False
17066,-1.035,0.01,0.04293045215308666,False
17067,-0.9750000000000001,0.01,0.03709683194756508,False
17068,-1.79,0.01,0.035491271689534185,False
17069,-1.71,0.01,0.045405346900224686,False
17070,-0.33999999999999997,0.01,0.03680848702788353,False
17071,-0.6449999999999998,0.01,0.042321782326325774,False
17072,-1.26,0.01,0.03634490134815375,False
17073,-1.5550000000000002,0.01,0.03182695875875652,False
17074,-0.7999999999999998,0.01,0.047916587069630624,False
17075,0.5750000000000002,0.01,0.04176484793424606,False
17076,-2.675,0.01,0.047766528092324734,False
17077,0.3450000000000002,0.01,0.04512764203051726,False
17078,-1.195,0.01,0.04230511449277401,False
17079,-1.225,0.01,0.06202157959342003,False
17080,-0.7599999999999999,0.01,0.03288798569701612,False
17081,-1.59,0.01,0.041814635042101145,False
17082,-0.03500000000000014,0.01,0.03847152553498745,False
17083,-1.33,0.01,0.04361088387668133,False
17084,-1.725,0.01,0.04429980819778783,False
17085,-1.435,0.01,0.03442497365176678,False
17086,-1.69,0.01,0.061145116575062275,False
17087,0.7600000000000002,0.01,0.05119493044912815,False
17088,-1.6850000000000003,0.01,0.039288015104830265,False
17089,-1.0150000000000003,0.01,0.054941836913878266,False
17090,-0.9850000000000001,0.01,0.05202907584607601,False
17091,-1.3150000000000002,0.01,0.03703669955333074,False
17092,-2.13,0.01,0.03677451238036156,False
17093,-0.3749999999999998,0.01,0.045693070627748966,False
17094,-0.33000000000000007,0.01,0.034915429539978504,False
17095,-1.875,0.01,0.05805193493142724,False
17096,-0.9550000000000001,0.01,0.03559719522794088,False
17097,-0.45000000000000007,0.01,0.032036794970432915,False
17098,-1.2150000000000003,0.01,0.03938927222043276,False
17099,-2.2199999999999998,0.01,0.04806919458011786,False
17100,0.1200000000000001,0.01,0.03248474979773164,False
17101,-1.2200000000000002,0.01,0.03747287339397839,False
17102,-0.5800000000000001,0.01,0.046091297227475375,False
17103,-1.24,0.01,0.05631360039114952,False
17104,-0.5200000000000001,0.01,0.0308101728026356,False
17105,-0.7600000000000002,0.01,0.03764485300052911,False
17106,-0.55,0.01,0.044912971556186676,False
17107,-1.2750000000000001,0.01,0.034722900949418545,False
17108,-1.0950000000000002,0.01,0.03804967701435089,False
17109,-0.73,0.01,0.05485120043158531,False
17110,-1.53,0.01,0.022284215316176414,False
17111,-1.56,0.01,0.029502314411931567,False
17112,-1.2449999999999999,0.01,0.034361833706498146,False
17113,-0.6299999999999999,0.01,0.05378734692931175,False
17114,-1.145,0.01,0.04243980720639229,False
17115,-0.06000000000000005,0.01,0.05057317251339555,False
17116,-1.34,0.01,0.02643255703151226,False
17117,-2.49,0.01,0.030168160423636438,False
17118,-0.27000000000000024,0.01,0.03732038661837578,False
17119,-0.9299999999999999,0.01,0.04574751853942871,False
17120,-0.615,0.01,0.0254906564950943,False
17121,-1.7450000000000003,0.01,0.03190787066705525,False
17122,-1.2500000000000002,0.01,0.049331617674657276,False
17123,0.46999999999999975,0.01,0.043163563523973734,False
17124,-1.46,0.01,0.030865393113344908,False
17125,-0.91,0.01,0,False
17126,-1.085,0.01,0.03563015311956406,False
17127,-1.83,0.01,0.04145527631044388,False
17128,-0.03499999999999992,0.01,0.039711320240582736,False
17129,-0.535,0.01,0.04788574017584324,False
17130,-0.775,0.01,0.03324397141113877,False
17131,-2.075,0.01,0.03627627808600664,False
17132,0.42500000000000004,0.01,0.032085634768009186,False
17133,-2.0700000000000003,0.01,0.05913412426080969,False
17134,-1.0,0.01,0.035382547229528424,False
17135,-0.5250000000000001,0.01,0.038825597148388624,False
17136,-1.6300000000000001,0.01,0.032823632072125165,False
17137,-1.215,0.01,0.019149277359247208,False
17138,-1.075,0.01,0.05718743987381458,False
17139,-0.68,0.01,0.03842106694355607,False
17140,-0.71,0.01,0.017511090263724327,False
17141,-1.51,0.01,0.09109290689229965,False
17142,-1.12,0.01,0.026361776515841484,False
17143,-1.455,0.01,0.04417743161320686,False
17144,-0.2550000000000001,0.01,0.0468370015732944,False
17145,-1.425,0.01,0.03995942696928978,False
17146,-1.02,0.01,0.04912245646119118,False
17147,-0.95,0.01,0.035102994491656624,False
17148,-0.8099999999999999,0.01,0,False
17149,-1.1250000000000002,0.01,0.02594465176974024,False
17150,-1.725,0.01,0.030627945438027382,False
17151,0.004999999999999893,0.01,0.0304335854947567,False
17152,-1.11,0.01,0.02754160761833191,False
17153,-1.54,0.01,0.029800280928611755,False
17154,-0.86,0.01,0.04096938343718648,False
17155,-2.5,0.01,0.0335265725851059,False
17156,-0.20999999999999974,0.01,0.03141927346587181,False
17157,-1.31,0.01,0,False
17158,-0.4,0.01,0.03519377484917641,False
17159,-1.1750000000000003,0.01,0.031887031263775296,False
17160,-0.905,0.01,0.02995670698583126,False
17161,-1.81,0.01,0.0693797618150711,False
17162,-0.010000000000000009,0.01,0.06982570886611938,False
17163,-1.01,0.01,0,False
17164,-1.725,0.01,0.03554775379598141,False
17165,-0.74,0.01,0.044132864102721214,False
17166,-0.715,0.01,0.02272897958755493,False
17167,-0.91,0.01,0.04504050686955452,False
17168,-1.5550000000000002,0.01,0.034834859892725945,False
17169,-1.355,0.01,0.026580758082369964,False
17170,-0.9900000000000001,0.01,0.026656289398670197,False
17171,-0.6249999999999999,0.01,0.012257600203156471,False
17172,-1.25,0.01,0.03179439281423887,False
17173,-0.625,0.01,0.03246515616774559,False
17174,-1.25,0.01,0.03207031264901161,False
17175,-1.51,0.01,0.027152517810463905,False
17176,-0.91,0.01,0.027624711394309998,False
17177,-0.4149999999999999,0.01,0.016285087913274765,False
17178,-0.43500000000000005,0.01,0.03460079524666071,False
17179,0.27,0.01,0.0332564152777195,False
17180,-0.925,0.01,0.010162035003304482,False
17181,-1.53,0.01,0.026455773040652275,False
17182,-1.0850000000000002,0.01,0.027391686290502548,False
17183,-0.73,0.01,0.02548155002295971,False
17184,-0.91,0.01,0.041090697050094604,False
17185,-1.05,0.01,0.04537723772227764,False
17186,-1.115,0.01,0.04114735499024391,False
17187,-1.75,0.01,0.051407949378093086,False
17188,-0.010000000000000009,0.01,0,False
17189,-0.925,0.01,0.03220236301422119,False
17190,-1.5250000000000001,0.01,0.04083652049303055,False
17191,-0.64,0.01,0.04449697956442833,False
17192,-1.7200000000000002,0.01,0.015107458457350731,False
17193,-1.22,0.01,0.019771065562963486,False
17194,-0.44999999999999996,0.01,0.06104361638426781,False
17195,-0.72,0.01,0.040994927287101746,False
17196,-2.255,0.01,0.03486961747209231,False
17197,-0.009999999999999787,0.01,0.02687729522585869,False
17198,-0.9800000000000001,0.01,0.042654926888644695,False
17199,-1.645,0.01,0.03794347122311592,False
17200,0.5550000000000002,0.01,0.03150102309882641,False
17201,-0.95,0.01,0.027735741809010506,False
17202,-1.415,0.01,0.053527140989899635,False
17203,-1.835,0.01,0.03905901126563549,False
17204,-0.20999999999999996,0.01,0.017176035791635513,False
17205,-1.03,0.01,0.035459259524941444,False
17206,-0.8300000000000001,0.01,0.03944455087184906,False
17207,-1.5600000000000003,0.01,0.05059622268059424,False
17208,-1.78,0.01,0.038552734069526196,False
17209,-0.33499999999999996,0.01,0.03817271813750267,False
17210,-1.025,0.01,0.07145731896162033,False
17211,-1.23,0.01,0.03973534516990185,False
17212,-0.30999999999999994,0.01,0.04176754504442215,False
17213,-1.7200000000000002,0.01,0.017503442242741585,False
17214,-1.27,0.01,0.0272053899243474,False
17215,0.31499999999999995,0.01,0.03573655150830746,False
17216,-1.42,0.01,0.03847014904022217,False
17217,-0.21999999999999997,0.01,0.04168430343270302,False
17218,-2.1550000000000002,0.01,0.0428168090681235,False
17219,-1.025,0.01,0.01910350751131773,False
17220,0.15999999999999992,0.01,0.040135808289051056,False
17221,-1.715,0.01,0.041719174633423485,False
17222,-0.715,0.01,0.053279101848602295,False
17223,-1.125,0.01,0.05500449240207672,False
17224,-1.135,0.01,0.04242054000496864,False
17225,-1.31,0.01,0.030473623424768448,False
17226,-0.61,0.01,0.020832255482673645,False
17227,-1.32,0.01,0.01980178989470005,False
17228,-0.815,0.01,0.025249946862459183,False
17229,-1.335,0.01,0.05727730505168438,False
17230,-0.715,0.01,0.06029941886663437,False
17231,-1.01,0.01,0.03772202134132385,False
17232,-0.915,0.01,0.037321191281080246,False
17233,-1.445,0.01,0.03821484372019768,False
17234,-1.3450000000000002,0.01,0.025965516765912373,False
17235,-0.16999999999999993,0.01,0.054120128974318504,False
17236,-1.6400000000000001,0.01,0.04532323405146599,False
17237,-0.21499999999999997,0.01,0.06746465712785721,False
17238,-1.5300000000000002,0.01,0.042957196943461895,False
17239,-1.31,0.01,0,False
17240,-0.94,0.01,0.020529132336378098,False
17241,-0.61,0.01,0,False
17242,-1.5750000000000002,0.01,0.03603639220818877,False
17243,-0.725,0.01,0.041375789791345596,False
17244,-1.2600000000000002,0.01,0.03412579496701559,False
17245,0.18499999999999983,0.01,0.021066956222057343,False
17246,-0.5000000000000001,0.01,0.024176761352767546,False
17247,-1.7200000000000002,0.01,0.0354495532810688,False
17248,-0.73,0.01,0.031848070211708546,False
17249,-0.9300000000000002,0.01,0.03746720807005962,False
17250,-2.18,0.01,0.03726162761449814,False
17251,-0.67,0.01,0.03714077981809775,False
17252,-0.715,0.01,0.022931020706892014,False
17253,-0.715,0.01,0.02750980108976364,False
17254,-1.51,0.01,0.02669961377978325,False
17255,-1.31,0.01,0.034758664667606354,False
17256,-0.855,0.01,0.03972525397936503,False
17257,-1.42,0.01,0.05932813137769699,False
17258,-0.855,0.01,0.029465077444911003,False
17259,-1.3050000000000002,0.01,0.029726106363038223,False
17260,-0.24499999999999988,0.01,0.0644313208758831,False
17261,-0.9850000000000001,0.01,0.038603974133729936,False
17262,-1.4100000000000001,0.01,0,False
17263,-1.4100000000000001,0.01,0.046729061752557755,False
17264,-0.8299999999999998,0.01,0.018501371145248413,False
17265,-0.625,0.01,0.02249106392264366,False
17266,-1.05,0.01,0.0335696612795194,False
17267,-0.51,0.01,0.09351106733083725,False
17268,-1.81,0.01,0.038310445845127106,False
17269,-0.925,0.01,0.033472053706645966,False
17270,-0.66,0.01,0.0312234361966451,False
17271,-1.2750000000000001,0.01,0.040450796484947205,False
17272,-1.74,0.01,0.02638455977042516,False
17273,-0.3450000000000001,0.01,0.03312446549534798,False
17274,-0.91,0.01,0.036791034042835236,False
17275,-1.4250000000000003,0.01,0.06876865774393082,False
17276,-1.3250000000000002,0.01,0.02347653266042471,False
17277,-0.35,0.01,0.02441820998986562,False
17278,-0.67,0.01,0.05272602662444115,False
17279,-1.4400000000000004,0.01,0.034859874518588185,False
17280,-1.6300000000000001,0.01,0.01579613983631134,False
17281,-0.66,0.01,0.041592421010136604,False
17282,-0.9199999999999999,0.01,0.04772598296403885,False
17283,-1.935,0.01,0.020557641983032227,False
17284,0.07000000000000006,0.01,0.04417838994413614,False
17285,-1.22,0.01,0.03491897135972977,False
17286,-1.81,0.01,0.013749275356531143,False
17287,-0.235,0.01,0.03075343742966652,False
17288,-0.9450000000000001,0.01,0.055986516177654266,False
17289,-0.9850000000000001,0.01,0.04695380330085754,False
17290,-1.32,0.01,0.039136163890361786,False
17291,-1.12,0.01,0.04182090982794762,False
17292,-1.115,0.01,0.03891770541667938,False
17293,-0.915,0.01,0.046200135722756386,False
17294,-1.705,0.01,0.04382257163524628,False
17295,-0.235,0.01,0.029436086304485798,False
17296,-1.4500000000000002,0.01,0.030024047940969467,False
17297,-1.355,0.01,0.03418520217140516,False
17298,-0.535,0.01,0.04385421132402761,False
17299,0.15500000000000003,0.01,0.03747187244395415,False
17300,-1.1400000000000001,0.01,0.055847130715847015,False
17301,-0.41500000000000004,0.01,0.017175331711769104,False
17302,-2.2800000000000002,0.01,0.03740098048001528,False
17303,0.07000000000000028,0.01,0.04049324616789818,False
17304,-0.83,0.01,0.040585145354270935,False
17305,-1.6400000000000001,0.01,0.057308134933312736,False
17306,0.05500000000000016,0.01,0.032615769654512405,False
17307,-1.625,0.01,0.08141184970736504,False
17308,-0.5399999999999999,0.01,0.023930750787258148,False
17309,-1.5150000000000003,0.01,0.032083170798917614,False
17310,-1.5050000000000001,0.01,0.030550917237997056,False
17311,-0.0950000000000002,0.01,0.03416971974074841,False
17312,-2.55,0.01,0.03453505349655946,False
17313,0.38500000000000023,0.01,0.054985448718070984,False
17314,-1.73,0.01,0.020234783180058002,False
17315,-0.765,0.01,0.03126976949473222,False
17316,-1.725,0.01,0.04351224484188216,False
17317,-0.865,0.01,0.0436562014122804,False
17318,-0.9750000000000001,0.01,0.039132928010076284,False
17319,-1.995,0.01,0.043090314418077466,False
17320,0.3700000000000001,0.01,0.040540607646107674,False
17321,-1.7700000000000002,0.01,0.03696457979579767,False
17322,-1.42,0.01,0.053710684180259705,False
17323,-0.935,0.01,0.023637991398572922,False
17324,-0.06499999999999995,0.01,0.022829385939985514,False
17325,-1.34,0.01,0.06761722266674042,False
17326,-1.52,0.01,0.055307358503341675,False
17327,-0.735,0.01,0.02815850917249918,False
17328,-0.925,0.01,0.02925518061965704,False
17329,-1.35,0.01,0.0572699811309576,False
17330,-0.8900000000000001,0.01,0.048488315753638746,False
17331,-1.0450000000000002,0.01,0.05163170273105303,False
17332,-1.0450000000000002,0.01,0.034099350683391094,False
17333,-0.8,0.01,0.03996077626943588,False
17334,-1.1800000000000002,0.01,0.026750440150499342,False
17335,-0.9450000000000001,0.01,0.033409781754016876,False
17336,-1.92,0.01,0.03183165192604065,False
17337,-0.57,0.01,0.03908631578087807,False
17338,0.3500000000000001,0.01,0.025184349467357,False
17339,-1.6750000000000003,0.01,0.04614743031561375,False
17340,-0.6100000000000001,0.01,0.034129745016495384,False
17341,-1.71,0.01,0.019821062684059143,False
17342,-0.5599999999999999,0.01,0.05113841531177362,False
17343,-1.3450000000000002,0.01,0.05629779677838087,False
17344,-1.6800000000000002,0.01,0.03452758528292179,False
17345,-0.30999999999999994,0.01,0,False
17346,-1.67,0.01,0.04924095934256911,False
17347,-0.6799999999999999,0.01,0.036615048069506884,False
17348,-1.04,0.01,0.04657254492243131,False
17349,-1.4500000000000002,0.01,0.02571378741413355,False
17350,-0.135,0.01,0.06847329810261726,False
17351,-1.415,0.01,0.08215896785259247,False
17352,-0.65,0.01,0.023345544934272766,False
17353,-1.115,0.01,0.024802181869745255,False
17354,-1.2200000000000002,0.01,0.05858853024741014,False
17355,-0.6249999999999999,0.01,0.04161342233419418,False
17356,-1.545,0.01,0.04640499874949455,False
17357,-1.3650000000000002,0.01,0.031416981015354395,False
17358,-0.14500000000000002,0.01,0.03842225298285484,False
17359,-2.04,0.01,0.0474309412141641,False
17360,-0.905,0.01,0.055072466284036635,False
17361,-0.61,0.01,0.06159256771206856,False
17362,-1.2600000000000002,0.01,0.03475152080257734,False
17363,-0.91,0.01,0.03503938019275665,False
17364,-0.67,0.01,0.03835622780025005,False
17365,-0.91,0.01,0,False
17366,-2.135,0.01,0.03679628390818834,False
17367,-1.2800000000000002,0.01,0.038391773030161856,False
17368,-0.28500000000000014,0.01,0.04241612460464239,False
17369,-0.9650000000000001,0.01,0.03697205428034067,False
17370,-1.415,0.01,0.031656041741371155,False
17371,-1.01,0.01,0,False
17372,-1.02,0.01,0.03648610506206751,False
17373,-0.635,0.01,0.04918588884174824,False
17374,-1.4250000000000003,0.01,0.027619440108537674,False
17375,-0.855,0.01,0.04079560066262881,False
17376,-1.1800000000000002,0.01,0.025538751389831305,False
17377,-1.3900000000000001,0.01,0.02782815434038639,False
17378,-0.235,0.01,0.03379722125828266,False
17379,-1.4300000000000002,0.01,0.04118377063423395,False
17380,-1.475,0.01,0.04275042191147804,False
17381,-0.43000000000000005,0.01,0.038333481177687645,False
17382,-1.46,0.01,0.037917545065283775,False
17383,-1.9500000000000002,0.01,0.038358122343197465,False
17384,-0.3599999999999999,0.01,0.033721598563715816,False
17385,-0.22499999999999998,0.01,0.043416645377874374,False
17386,-1.225,0.01,0.02396576665341854,False
17387,-1.8599999999999999,0.01,0.03940370616813501,False
17388,-0.84,0.01,0.033024744130671024,False
17389,-1.175,0.01,0.04247688502073288,False
17390,-1.1549999999999998,0.01,0.03136967743436495,False
17391,-0.21999999999999997,0.01,0.04972701892256737,False
17392,-1.9600000000000002,0.01,0.04219145805109292,False
17393,-0.83,0.01,0.04919039271771908,False
17394,-0.925,0.01,0.02085821144282818,False
17395,-1.235,0.01,0.03580622375011444,False
17396,-0.6399999999999999,0.01,0.05476243235170841,False
17397,-0.935,0.01,0.0696931779384613,False
17398,-1.025,0.01,0.02916567213833332,False
17399,-1.5550000000000002,0.01,0.030948713421821594,False
17400,-1.1300000000000001,0.01,0.03442796692252159,False
17401,-0.5299999999999999,0.01,0.029952846467494965,False
17402,0.15500000000000003,0.01,0.03795183077454567,False
17403,-1.435,0.01,0.014994404278695583,False
17404,-0.765,0.01,0.026518800761550665,False
17405,-2.49,0.01,0.04331685105959574,False
17406,0.32000000000000006,0.01,0.05801970288157463,False
17407,-1.455,0.01,0.03407862658301989,False
17408,-0.84,0.01,0.042119018733501434,False
17409,-1.3650000000000002,0.01,0.03404499404132366,False
17410,-1.5750000000000002,0.01,0.028023971141212516,False
17411,-0.26,0.01,0.02669565100222826,False
17412,-2.495,0.01,0.046327169984579086,False
17413,-0.010000000000000009,0.01,0,False
17414,-0.66,0.01,0.02608900237828493,False
17415,-0.815,0.01,0.04109731689095497,False
17416,-1.0150000000000001,0.01,0.0352918840944767,False
17417,-1.1350000000000002,0.01,0.041220749861427715,False
17418,-2.2649999999999997,0.01,0.024391093601783116,False
17419,-1.4649999999999999,0.01,0.05152560118585825,False
17420,-0.8399999999999999,0.01,0.050194716081023216,False
17421,-0.10999999999999999,0.01,0.04031142592430115,False
17422,-0.835,0.01,0.04117966443300247,False
17423,-1.78,0.01,0.03288503410294652,False
17424,0.135,0.01,0.03327795656190978,False
17425,-0.4800000000000001,0.01,0.034972020890563726,False
17426,-1.21,0.01,0.03290271759033203,False
17427,-1.5350000000000001,0.01,0.03929064396236624,False
17428,-0.42000000000000004,0.01,0.08196952939033508,False
17429,-1.01,0.01,0.026832973584532738,False
17430,-1.025,0.01,0.07553935050964355,False
17431,-1.845,0.01,0.036451431612173714,False
17432,-0.030000000000000027,0.01,0.06713303178548813,False
17433,-2.38,0.01,0.05637500584125519,False
17434,-0.42499999999999993,0.01,0.02293839305639267,False
17435,-2.105,0.01,0.03880739429344734,False
17436,0.3900000000000001,0.01,0.04731378257274628,False
17437,-1.5950000000000002,0.01,0.04843040853738785,False
17438,-0.875,0.01,0.020917461719363928,False
17439,-0.15500000000000014,0.01,0.031195311807096004,False
17440,-0.925,0.01,0.0164998359978199,False
17441,-0.42000000000000015,0.01,0.03169753961265087,False
17442,-0.65,0.01,0.042246087454259396,False
17443,-1.6800000000000002,0.01,0.04412681832909584,False
17444,-0.43999999999999995,0.01,0.025509752333164215,False
17445,-1.465,0.01,0.05803650120894114,False
17446,-0.475,0.01,0.044942544773221016,False
17447,-1.9000000000000001,0.01,0.0414037232597669,False
17448,-0.94,0.01,0.0416131317615509,False
17449,-0.06000000000000005,0.01,0.030503845463196438,False
17450,-1.2800000000000002,0.01,0.045338279381394384,False
17451,-0.31499999999999995,0.01,0.041119239293038845,False
17452,-1.075,0.01,0.030413806438446045,False
17453,-1.2600000000000002,0.01,0.026510537291566532,False
17454,-1.235,0.01,0.022348620928823948,False
17455,0.19499999999999984,0.01,0.046549199459453426,False
17456,-1.9200000000000002,0.01,0.05032356642186642,False
17457,0.16500000000000004,0.01,0.07309556193649769,False
17458,-1.33,0.01,0.044868674129247665,False
17459,-0.9299999999999999,0.01,0.023579364642500877,False
17460,-2.455,0.01,0.0365194627083838,False
17461,-0.47,0.01,0.027716286946088076,False
17462,-1.385,0.01,0.038788302429020406,False
17463,0.7500000000000002,0.01,0.04815120746692022,False
17464,-1.22,0.01,0.02727993205189705,False
17465,-0.85,0.01,0.0426132803161939,False
17466,-1.12,0.01,0.02385498210787773,False
17467,-0.81,0.01,0.018235648050904274,False
17468,-1.6550000000000002,0.01,0.04989947316547235,False
17469,-1.23,0.01,0.03328104317188263,False
17470,-0.5099999999999999,0.01,0.033972822750608124,False
17471,-1.52,0.01,0.02528475411236286,False
17472,-0.43499999999999994,0.01,0.07151418551802635,False
17473,-2.88,0.01,0.02088325172662735,False
17474,0.3550000000000002,0.01,0.036185409873723984,False
17475,-0.515,0.01,0.04190535843372345,False
17476,-1.155,0.01,0.0472610704600811,False
17477,-1.1900000000000002,0.01,0.03205736353993416,False
17478,-1.1500000000000001,0.01,0.026052298645178478,False
17479,-1.53,0.01,0.017001565545797348,False
17480,-1.02,0.01,0.04588555358350277,False
17481,-0.2550000000000001,0.01,0.030803944294651348,False
17482,-1.46,0.01,0.02997803936402003,False
17483,-1.11,0.01,0.01823986880481243,False
17484,-1.355,0.01,0.03256944939494133,False
17485,-0.8399999999999999,0.01,0.02179834246635437,False
17486,-0.7399999999999999,0.01,0.03077024407684803,False
17487,-1.31,0.01,0.044841498136520386,False
17488,-0.31499999999999995,0.01,0.03186633065342903,False
17489,-1.415,0.01,0.027829378843307495,False
17490,-1.4500000000000002,0.01,0.03806345413128535,False
17491,-1.3250000000000002,0.01,0.04018935561180115,False
17492,-0.35,0.01,0.03649244084954262,False
17493,-0.93,0.01,0.03748496621847153,False
17494,-1.025,0.01,0.0296969935297966,False
17495,-0.88,0.01,0.030494820792227983,False
17496,-1.7200000000000002,0.01,0.024159003049135208,False
17497,-1.465,0.01,0.03437400112549464,False
17498,-0.36499999999999977,0.01,0.03420052884353532,False
17499,-1.8950000000000002,0.01,0.030123552307486534,False
17500,-1.49,0.01,0.03440260235220194,False
17501,0.19000000000000017,0.01,0.028651433065533638,False
17502,0.3899999999999999,0.01,0.021406199783086777,False
17503,-0.26500000000000024,0.01,0.04704882177923407,False
17504,-1.825,0.01,0.05242186039686203,False
17505,-0.6050000000000001,0.01,0.04736390337347984,False
17506,-1.04,0.01,0.04553706385195255,False
17507,-1.525,0.01,0.0526959802955389,False
17508,-1.165,0.01,0.034572998682657875,False
17509,-1.355,0.01,0.026827150334914524,False
17510,-0.19000000000000017,0.01,0.04218028783798218,False
17511,-1.8,0.01,0.043338306993246076,False
17512,-0.3400000000000002,0.01,0.043971728799598556,False
17513,-1.1600000000000001,0.01,0.026315340772271156,False
17514,-1.21,0.01,0,False
17515,-1.3800000000000001,0.01,0.04534241929650307,False
17516,-0.61,0.01,0,False
17517,-1.89,0.01,0.04614779613912105,False
17518,-0.5949999999999998,0.01,0.03195309191942215,False
17519,-1.2650000000000001,0.01,0.04455347638577223,False
17520,-0.43500000000000005,0.01,0.031242411583662033,False
17521,-2.0300000000000002,0.01,0.03722260147333145,False
17522,-0.20999999999999996,0.01,0.04487818479537964,False
17523,-0.83,0.01,0.027410440146923065,False
17524,0.20499999999999963,0.01,0.022474734112620354,False
17525,-0.25,0.01,0.024696979361275833,False
17526,-1.6099999999999999,0.01,0.043418288230895996,False
17527,-1.3850000000000002,0.01,0.03710562363266945,False
17528,-0.73,0.01,0.016587652266025543,False
17529,-0.9850000000000001,0.01,0.026729097589850426,False
17530,-0.74,0.01,0.04256127588450909,False
17531,-1.545,0.01,0.02701237704604864,False
17532,-0.9450000000000001,0.01,0.03166309557855129,False
17533,-0.20999999999999996,0.01,0.033939674496650696,False
17534,-0.935,0.01,0.03157208580523729,False
17535,-0.17000000000000004,0.01,0.038440520875155926,False
17536,-1.135,0.01,0.06695722416043282,False
17537,-2.145,0.01,0.046455034986138344,False
17538,-0.42500000000000004,0.01,0.02780903782695532,False
17539,-1.235,0.01,0.027549628168344498,False
17540,-0.5299999999999999,0.01,0.048268601298332214,False
17541,-0.935,0.01,0.02802196331322193,False
17542,-1.615,0.01,0.03517545759677887,False
17543,-0.83,0.01,0.03219190984964371,False
17544,-0.6149999999999999,0.01,0.038677722215652466,False
17545,-1.125,0.01,0.030364629812538624,False
17546,-0.9199999999999999,0.01,0.07876253128051758,False
17547,-0.8550000000000001,0.01,0.03366183737913767,False
17548,-1.4450000000000003,0.01,0.04300837870687246,False
17549,-1.4500000000000002,0.01,0.028567611550291378,False
17550,-0.615,0.01,0.023898441344499588,False
17551,-1.1900000000000002,0.01,0.04063636623322964,False
17552,-2.045,0.01,0.04493744006114347,False
17553,-0.6249999999999999,0.01,0.02141263149678707,False
17554,-0.5099999999999999,0.01,0.0878174751996994,False
17555,-1.335,0.01,0.021658461540937424,False
17556,-1.38,0.01,0.03144898917526007,False
17557,-0.45999999999999996,0.01,0.034843275944391884,False
17558,-1.895,0.01,0.05515446700155735,False
17559,-0.30999999999999994,0.01,0.028149645775556564,False
17560,-1.125,0.01,0.03675464540719986,False
17561,-0.44499999999999995,0.01,0.05527533528705438,False
17562,-1.9649999999999999,0.01,0.03984334444006284,False
17563,-0.019999999999999796,0.01,0.03495326079428196,False
17564,-1.8900000000000001,0.01,0.0430420720949769,False
17565,-1.12,0.01,0.033426640555262566,False
17566,-0.71,0.01,0,False
17567,-0.6249999999999999,0.01,0.04369080252945423,False
17568,-1.175,0.01,0.019202041905373335,False
17569,-1.7650000000000001,0.01,0.04257011041045189,False
17570,-0.615,0.01,0.04127452149987221,False
17571,-0.9299999999999999,0.01,0.042562260292470455,False
17572,-1.36,0.01,0.0700913096467654,False
17573,-0.27500000000000013,0.01,0.06446012109518051,False
17574,-1.8050000000000002,0.01,0.02673436390856902,False
17575,-0.55,0.01,0.03932832429806391,False
17576,-2.245,0.01,0.03439301997423172,False
17577,-0.6349999999999999,0.01,0.021724890917539597,False
17578,-0.41999999999999993,0.01,0.03252740949392319,False
17579,-1.34,0.01,0.02825416438281536,False
17580,-1.2850000000000001,0.01,0.028402095194905996,False
17581,-1.6600000000000001,0.01,0.041391223669052124,False
17582,-0.135,0.01,0.03610564395785332,False
17583,-1.11,0.01,0.02390090934932232,False
17584,-0.3400000000000001,0.01,0.026279994286596775,False
17585,-1.125,0.01,0.02084806002676487,False
17586,-1.3250000000000002,0.01,0.020961880683898926,False
17587,-1.4850000000000003,0.01,0.0400809146463871,False
17588,-1.8599999999999999,0.01,0.033839634309212364,False
17589,-0.30999999999999994,0.01,0.02969200164079666,False
17590,-0.85,0.01,0.03384232148528099,False
17591,-0.95,0.01,0.03495602682232857,False
17592,-0.77,0.01,0.038395628333091736,False
17593,-1.3250000000000002,0.01,0.0550306960940361,False
17594,-0.51,0.01,0,False
17595,-1.6099999999999999,0.01,0.0474800243973732,False
17596,-0.95,0.01,0.03203822672367096,False
17597,-1.04,0.01,0.045934715308249,False
17598,-0.3400000000000001,0.01,0.02431386522948742,False
17599,-0.2200000000000002,0.01,0.030636541545391083,False
17600,-0.2749999999999999,0.01,0.03731894074007869,False
17601,-0.125,0.01,0.028903360478579998,False
17602,-1.11,0.01,0.04880087450146675,False
17603,-1.32,0.01,0.022883344441652298,False
17604,-0.11499999999999999,0.01,0.02998020127415657,False
17605,-1.305,0.01,0.028968412118653458,False
17606,-1.3900000000000001,0.01,0.043676408007740974,False
17607,-0.125,0.01,0.029477421194314957,False
17608,-1.4700000000000002,0.01,0.041965268552303314,False
17609,-1.875,0.01,0.05200837180018425,False
17610,-0.1449999999999998,0.01,0.028956578113138676,False
17611,-1.11,0.01,0.04482560604810715,False
17612,-0.755,0.01,0.024607135603825252,False
17613,-1.02,0.01,0.037181030958890915,False
17614,-1.225,0.01,0.030515460297465324,False
17615,-1.7349999999999999,0.01,0.026107195764780045,False
17616,0.9900000000000007,0.01,0.034436922520399094,False
17617,-1.055,0.01,0.038467771063248314,False
17618,-0.675,0.01,0.029438761994242668,False
17619,-2.45,0.01,0.035470567643642426,False
17620,-0.44499999999999995,0.01,0.0397022453447183,False
17621,-1.235,0.01,0.03065202198922634,False
17622,-1.04,0.01,0.049844956025481224,False
17623,-1.52,0.01,0.03673432363818089,False
17624,-0.95,0.01,0.03553628052274386,False
17625,-0.31999999999999995,0.01,0.035347845405340195,False
17626,-0.95,0.01,0.02397886539498965,False
17627,-1.6099999999999999,0.01,0.018617313355207443,False
17628,-0.22499999999999998,0.01,0.017479751259088516,False
17629,-1.865,0.01,0.025059943553060293,False
17630,-0.725,0.01,0.057457372546195984,False
17631,-0.3650000000000001,0.01,0.0410698177292943,False
17632,-1.88,0.01,0.03662210050970316,False
17633,-1.2600000000000002,0.01,0.06427895526091258,False
17634,-0.74,0.01,0.029684791962305706,False
17635,-1.22,0.01,0.033021003007888794,False
17636,-0.32499999999999996,0.01,0.04334144666790962,False
17637,-1.835,0.01,0.03225697576999664,False
17638,-0.5199999999999999,0.01,0.026769177056849003,False
17639,-0.715,0.01,0.03832137584686279,False
17640,-1.5550000000000002,0.01,0.031190459926923115,False
17641,-0.725,0.01,0.0458185113966465,False
17642,-1.665,0.01,0.036057787016034126,False
17643,-0.43500000000000005,0.01,0.07302723824977875,False
17644,-1.21,0.01,0,False
17645,-0.7299999999999999,0.01,0.03453122824430466,False
17646,-1.3450000000000002,0.01,0.030517126200720668,False
17647,-0.71,0.01,0,False
17648,-1.6800000000000002,0.01,0.02448267862200737,False
17649,-0.43999999999999995,0.01,0.04089861735701561,False
17650,-1.55,0.01,0.033400350560744606,False
17651,-0.4149999999999999,0.01,0.038494259119033813,False
17652,-1.6099999999999999,0.01,0,False
17653,-0.45000000000000007,0.01,0.04099280138810476,False
17654,-1.525,0.01,0.057955991476774216,False
17655,-0.7250000000000001,0.01,0.03732021152973175,False
17656,-1.5050000000000001,0.01,0.03364343320329984,False
17657,-1.0350000000000001,0.01,0.03637227974832058,False
17658,-0.525,0.01,0.04181709885597229,False
17659,-1.3350000000000002,0.01,0.030090026557445526,False
17660,-1.5150000000000001,0.01,0.028375566005706787,False
17661,-1.55,0.01,0.03367474737266699,False
17662,-0.24999999999999978,0.01,0.03424725060661634,False
17663,-1.065,0.01,0.02815267505745093,False
17664,-0.41500000000000004,0.01,0.04116690158843994,False
17665,-0.8649999999999999,0.01,0.04101697402074933,False
17666,-0.91,0.01,0.03874185308814049,False
17667,-0.5599999999999999,0.01,0.0380898912747701,False
17668,-0.81,0.01,0.02436843514442444,False
17669,-2.0250000000000004,0.01,0.04488648474216461,False
17670,-0.4099999999999999,0.01,0.038495730608701706,False
17671,-1.02,0.01,0.05111123248934746,False
17672,-0.91,0.01,0.05490865930914879,False
17673,-1.3800000000000003,0.01,0.03318098477191395,False
17674,-1.1300000000000001,0.01,0.057041045278310776,False
17675,-0.52,0.01,0.060056064277887344,False
17676,-1.69,0.01,0.040443907305598256,False
17677,-0.625,0.01,0.02364613674581051,False
17678,-1.7850000000000001,0.01,0.04760674051940441,False
17679,-1.31,0.01,0.03363231352219979,False
17680,0.2650000000000001,0.01,0.027154864743351936,False
17681,-2.17,0.01,0.0435094740241766,False
17682,-0.32999999999999996,0.01,0.049198560416698456,False
17683,-1.1150000000000002,0.01,0.04153913756211599,False
17684,-1.565,0.01,0.05297146737575531,False
17685,-0.3400000000000001,0.01,0.044767387211322784,False
17686,-2.05,0.01,0.06822211295366287,False
17687,-0.22499999999999998,0.01,0.04930184781551361,False
17688,-1.975,0.01,0.04624595493078232,False
17689,-0.1100000000000001,0.01,0.049231709291537605,False
17690,-1.415,0.01,0.01782122440636158,False
17691,-0.9400000000000002,0.01,0.04481472128203937,False
17692,-1.29,0.01,0.027995308674871922,False
17693,-1.2750000000000004,0.01,0.04219516325328085,False
17694,0.7800000000000002,0.01,0.037202492356300354,False
17695,-1.18,0.01,0.037899477779865264,False
17696,-0.9099999999999999,0.01,0.02416816431408127,False
17697,-0.2100000000000004,0.01,0.04212389358629783,False
17698,-0.61,0.01,0,False
17699,-0.9550000000000001,0.01,0.04093410943945249,False
17700,-0.755,0.01,0.031064743796984356,False
17701,-1.2850000000000001,0.01,0.033416959643363955,False
17702,-1.315,0.01,0.02387906238436699,False
17703,-1.225,0.01,0.023723341524600983,False
17704,-0.8350000000000001,0.01,0.039748252502509525,False
17705,-1.63,0.01,0.038697632029652596,False
17706,-0.029999999999999805,0.01,0.030986741185188293,False
17707,-1.01,0.01,0.04089680314064026,False
17708,-2.365,0.01,0.028897016619642574,False
17709,-0.3799999999999999,0.01,0.03332088701426983,False
17710,-1.4100000000000001,0.01,0.020831532776355743,False
17711,-0.11499999999999999,0.01,0.05214613676071167,False
17712,-1.895,0.01,0.041852252557873726,False
17713,-1.12,0.01,0.027311135083436966,False
17714,-0.615,0.01,0.04014621302485466,False
17715,-0.7399999999999999,0.01,0.03845618044336637,False
17716,-1.375,0.01,0.03427785262465477,False
17717,-0.4850000000000001,0.01,0.04448888311162591,False
17718,-1.245,0.01,0.028094582880536716,False
17719,-1.4250000000000003,0.01,0.02413652092218399,False
17720,-1.3599999999999999,0.01,0.042789134507377945,False
17721,-0.30000000000000004,0.01,0.04657482790450255,False
17722,-1.85,0.01,0.027269595302641392,False
17723,-0.40000000000000013,0.01,0.04395595254997412,False
17724,0.3900000000000001,0.01,0.03605177626013756,False
17725,-1.25,0.01,0.03376437537372112,False
17726,-1.195,0.01,0.036884434148669244,False
17727,-1.8250000000000002,0.01,0.032769083976745605,False
17728,-0.3600000000000001,0.01,0.036328197767337166,False
17729,-0.25,0.01,0.021536653861403465,False
17730,-0.91,0.01,0.060242362320423126,False
17731,-0.5100000000000001,0.01,0.028762442991137505,False
17732,-0.635,0.01,0.025925982743501663,False
17733,-1.4100000000000001,0.01,0.03259171855946382,False
17734,-1.5150000000000001,0.01,0.0390776302665472,False
17735,-0.91,0.01,0,False
17736,0.675,0.01,0.023895837366580963,False
17737,-0.745,0.01,0.029670401165882748,False
17738,-2.165,0.01,0.031306275477012,False
17739,-0.3350000000000001,0.01,0.03942609950900078,False
17740,-1.12,0.01,0.033578649163246155,False
17741,-0.2450000000000001,0.01,0.032282084226608276,False
17742,-1.865,0.01,0.03400775510817766,False
17743,0.3600000000000001,0.01,0.03644047677516937,False
17744,-1.74,0.01,0.037097690626978874,False
17745,-0.815,0.01,0.04589428752660751,False
17746,0.11499999999999977,0.01,0.05242201592773199,False
17747,-0.15500000000000014,0.01,0.05730978399515152,False
17748,-1.01,0.01,0.03498372063040733,False
17749,-1.155,0.01,0.029778236523270607,False
17750,-1.165,0.01,0.043806937212745346,False
17751,-0.3450000000000001,0.01,0.029386043548583984,False
17752,-1.0050000000000001,0.01,0.02723481444021066,False
17753,-0.98,0.01,0.02750860759988427,False
17754,-0.51,0.01,0.0335971936583519,False
17755,-1.12,0.01,0.020906314253807068,False
17756,-2.33,0.01,0.02863407347883497,False
17757,-1.2,0.01,0.03342870809137821,False
17758,0.03000000000000025,0.01,0.048612259328365326,False
17759,-1.74,0.01,0.059279389679431915,False
17760,-0.89,0.01,0.04606365151703358,False
17761,-0.5099999999999999,0.01,0,False
17762,-1.3250000000000002,0.01,0.045086827129125595,False
17763,-0.94,0.01,0.03705289587378502,False
17764,-0.85,0.01,0.03278099497159322,False
17765,-2.7199999999999998,0.01,0.03246590091536442,False
17766,0.9800000000000002,0.01,0.039633482694625854,False
17767,-1.695,0.01,0.03862624205648899,False
17768,-1.08,0.01,0.03002941906452179,False
17769,-1.065,0.01,0.02867007814347744,False
17770,-1.3250000000000002,0.01,0.04481807087237636,False
17771,0.08500000000000019,0.01,0.03559853881597519,False
17772,-1.3150000000000002,0.01,0.047962626752754055,False
17773,-1.165,0.01,0.03645591251552105,False
17774,-0.775,0.01,0.04325262317433953,False
17775,-0.895,0.01,0.04543566703796387,False
17776,-1.5750000000000002,0.01,0.0408044945448637,False
17777,0.28000000000000025,0.01,0.02918349765241146,False
17778,-1.22,0.01,0.029664061963558197,False
17779,-0.645,0.01,0.03837691123286883,False
17780,-1.54,0.01,0.05363672133535147,False
17781,-0.9450000000000001,0.01,0.039170343428850174,False
17782,-0.925,0.01,0.018280032090842724,False
17783,-0.9750000000000003,0.01,0.03869662847783831,False
17784,-0.22499999999999987,0.01,0.0378002476479326,False
17785,-1.12,0.01,0.03635019063949585,False
17786,-0.86,0.01,0.03143089761336645,False
17787,-0.83,0.01,0.02680811332538724,False
17788,-1.1,0.01,0.050396674498915675,False
17789,-2.01,0.01,0.04840994253754616,False
17790,-0.015000000000000013,0.01,0.052047986537218094,False
17791,-1.46,0.01,0.06256087062259515,False
17792,-1.7850000000000001,0.01,0.0500214621424675,False
17793,-0.5499999999999999,0.01,0.03295058757066727,False
17794,-0.76,0.01,0.05894477618858218,False
17795,-1.7650000000000001,0.01,0.037857541193564735,False
17796,-0.6449999999999999,0.01,0.06460365404685338,False
17797,-0.83,0.01,0.030434057116508484,False
17798,-1.37,0.01,0.039998481050133705,False
17799,-1.75,0.01,0.04345794270435969,False
17800,-1.1149999999999998,0.01,0.03444255515933037,False
17801,-0.6249999999999999,0.01,0.03704015910625458,False
17802,-0.5600000000000002,0.01,0.04121372662484646,False
17803,-1.82,0.01,0.04864635349561771,False
17804,-0.835,0.01,0.03473897970148495,False
17805,-1.115,0.01,0.0497302170842886,False
17806,-0.615,0.01,0.031093910336494446,False
17807,-2.4749999999999996,0.01,0.03241444751620293,False
17808,0.18000000000000016,0.01,0.02712368406355381,False
17809,-1.02,0.01,0.014747120440006256,False
17810,-1.235,0.01,0.047834575176239014,False
17811,-1.4250000000000003,0.01,0.04086231657614311,False
17812,-0.22999999999999998,0.01,0.03073003888130188,False
17813,-0.8800000000000001,0.01,0.039151957258582115,False
17814,-2.06,0.01,0.07664847870667775,False
17815,-0.535,0.01,0.03871967829763889,False
17816,-0.96,0.01,0.023307092487812042,False
17817,-0.8450000000000001,0.01,0.03518803045153618,False
17818,-1.665,0.01,0.040110704178611435,False
17819,-0.5650000000000001,0.01,0.04379624149037732,False
17820,-1.5350000000000001,0.01,0.03530914629144328,False
17821,-1.495,0.01,0.035322918370366094,False
17822,-0.7449999999999999,0.01,0.05533544719219208,False
17823,-1.4500000000000002,0.01,0.024914379542072613,False
17824,-0.3849999999999998,0.01,0.05056954845786095,False
17825,-1.34,0.01,0.0344403050839901,False
17826,-0.9000000000000001,0.01,0.04083169810473919,False
17827,-2.0,0.01,0.031165479496121407,False
17828,0.060000000000000275,0.01,0.047104524448513985,False
17829,-1.11,0.01,0,False
17830,-0.725,0.01,0.03273390419781208,False
17831,-0.825,0.01,0.031769149005413055,False
17832,-1.3650000000000002,0.01,0.047321438789367676,False
17833,-2.1750000000000003,0.01,0.040178285290797554,False
17834,-0.020000000000000018,0.01,0.1137477457523346,False
17835,-1.4900000000000002,0.01,0.0320332121104002,False
17836,-0.5299999999999999,0.01,0.026482269167900085,False
17837,-1.05,0.01,0.06057656742632389,False
17838,-1.8599999999999999,0.01,0.030374004505574703,False
17839,-1.12,0.01,0.06275960803031921,False
17840,-0.5349999999999999,0.01,0.02294062916189432,False
17841,-1.04,0.01,0.034423221834003925,False
17842,-0.31500000000000006,0.01,0.05133991315960884,False
17843,-1.915,0.01,0.04390025821824869,False
17844,-0.8099999999999999,0.01,0.0759533941745758,False
17845,-1.04,0.01,0.04829997196793556,False
17846,-0.825,0.01,0.02746859146282077,False
17847,-0.07499999999999996,0.01,0.03480056673288345,False
17848,-1.24,0.01,0.027455618605017662,False
17849,-1.24,0.01,0.05186515487730503,False
17850,-0.8499999999999999,0.01,0.033797131230433784,False
17851,-1.0150000000000001,0.01,0.02824477106332779,False
17852,-0.8700000000000001,0.01,0.029545761023958523,False
17853,-2.245,0.01,0.05178079195320606,False
17854,-0.46499999999999964,0.01,0.050859575159847736,False
17855,-1.24,0.01,0.056289067491889,False
17856,-0.2300000000000001,0.01,0.038607917726039886,False
17857,-1.84,0.01,0.0365629427667175,False
17858,-1.435,0.01,0.04396762313055141,False
17859,-1.01,0.01,0.04423124995082617,False
17860,0.7900000000000003,0.01,0.058766208589076996,False
17861,-1.56,0.01,0.03126212457815806,False
17862,-1.27,0.01,0.03782167658209801,False
17863,-0.7549999999999999,0.01,0.03810220708449682,False
17864,-0.9950000000000001,0.01,0.03314996883273125,False
17865,-1.4300000000000002,0.01,0.02256768010556698,False
17866,-0.6149999999999999,0.01,0.025181066244840622,False
17867,-1.24,0.01,0.05071423575282097,False
17868,0.08499999999999996,0.01,0.07113102823495865,False
17869,-1.135,0.01,0.04597446881234646,False
17870,-0.31499999999999995,0.01,0.018478862941265106,False
17871,-1.79,0.01,0.03155104033648968,False
17872,-2.5300000000000002,0.01,0.032448647011603625,False
17873,0.7500000000000002,0.01,0.022625576704740524,False
17874,-1.6150000000000002,0.01,0.039207336492836475,False
17875,-0.55,0.01,0.044792635987202324,False
17876,-1.69,0.01,0.029416786134243013,False
17877,-1.29,0.01,0.04730819277465344,False
17878,-0.33499999999999996,0.01,0.04170951060950756,False
17879,-1.3900000000000001,0.01,0.04214928159490228,False
17880,-0.515,0.01,0.05688215047121048,False
17881,-1.32,0.01,0.034462034702301025,False
17882,-1.51,0.01,0.04204461947083473,False
17883,-0.33499999999999974,0.01,0.041905615478754044,False
17884,-2.76,0.01,0.040305656070510544,False
17885,0.4900000000000002,0.01,0,False
17886,-0.855,0.01,0.03193130406240622,False
17887,-1.675,0.01,0.02984541654586792,False
17888,-1.6600000000000001,0.01,0.037748781964182854,False
17889,0.33499999999999996,0.01,0.053294760485490165,False
17890,-2.73,0.01,0.05577697019491877,False
17891,0.3650000000000002,0.01,0.02993270382285118,False
17892,-2.0,0.01,0.042497193068265916,False
17893,-0.6950000000000001,0.01,0.03646755013614893,False
17894,-0.905,0.01,0.03215532470494509,False
17895,-1.355,0.01,0.04375559215744337,False
17896,-1.15,0.01,0.03472859598696232,False
17897,-1.425,0.01,0.028984800779393742,False
17898,-0.52,0.01,0.041292401030659676,False
17899,-1.2800000000000002,0.01,0.04672554647549987,False
17900,-1.0950000000000002,0.01,0.043602987006306645,False
17901,-1.605,0.01,0.02970431186258793,False
17902,-0.905,0.01,0.03186123073101044,False
17903,-0.13500000000000012,0.01,0.034254752565175295,False
17904,-2.42,0.01,0.03478984960487911,False
17905,-0.10999999999999999,0.01,0,False
17906,-0.825,0.01,0.04219067096710205,False
17907,-1.3650000000000002,0.01,0.035407643765211105,False
17908,-1.44,0.01,0.027450847905129194,False
17909,-1.51,0.01,0.04651096686720848,False
17910,-0.9199999999999999,0.01,0.03965570676761369,False
17911,-0.51,0.01,0,False
17912,-1.76,0.01,0.05482651852071285,False
17913,0.0800000000000003,0.01,0.024389861151576042,False
17914,-1.3250000000000004,0.01,0.04278287726143996,False
17915,-2.09,0.01,0.029222751781344414,False
17916,-1.12,0.01,0.03309692939122518,False
17917,-1.055,0.01,0.06227205817898115,False
17918,-0.32000000000000006,0.01,0.03188582633932432,False
17919,-0.19500000000000017,0.01,0.027381445840001108,False
17920,-1.65,0.01,0.04439532135923704,False
17921,-1.235,0.01,0.03325283580592701,False
17922,-0.3799999999999999,0.01,0.05498886201530695,False
17923,-0.6050000000000002,0.01,0.035239162668585775,False
17924,-1.4500000000000002,0.01,0.043408929059902825,False
17925,-0.06000000000000005,0.01,0.03429970165921582,False
17926,-1.0600000000000003,0.01,0.027546716233094532,False
17927,-0.715,0.01,0.02593906596302986,False
17928,-1.7200000000000002,0.01,0.027761975303292274,False
17929,-1.145,0.01,0.03189080115407705,False
17930,-1.1,0.01,0.02923656553030014,False
17931,-2.075,0.01,0.04577016830444336,False
17932,0.050000000000000044,0.01,0.0269641721000274,False
17933,-1.055,0.01,0.043665806452433266,False
17934,-0.645,0.01,0.057652443647384644,False
17935,-2.65,0.01,0.032864478727181755,False
17936,-0.4950000000000001,0.01,0.036218380369246,False
17937,-1.9849999999999999,0.01,0.039978381246328354,False
17938,0.3450000000000002,0.01,0.039450849095980324,False
17939,-0.009999999999999787,0.01,0,False
17940,-1.545,0.01,0.02893160531918208,False
17941,-1.1300000000000001,0.01,0.035270877448575835,False
17942,-0.935,0.01,0.035805922001600266,False
17943,-1.315,0.01,0.02655697613954544,False
17944,-1.06,0.01,0.056835378830631576,False
17945,-1.3050000000000002,0.01,0.03955160249024629,False
17946,-1.0899999999999999,0.01,0.03432227000594139,False
17947,-0.4900000000000001,0.01,0.036872854456305504,False
17948,-1.1250000000000004,0.01,0.029034882290836644,False
17949,-1.6800000000000002,0.01,0.04132510224978129,False
17950,0.31000000000000005,0.01,0.0411270409822464,False
17951,-0.05500000000000016,0.01,0.04970411894222101,False
17952,-2.0600000000000005,0.01,0.03646529329797396,False
17953,0.3800000000000001,0.01,0.021946313790977,False
17954,-0.9750000000000002,0.01,0.02576598959664504,False
17955,-1.165,0.01,0.026407248650987942,False
17956,-0.5750000000000001,0.01,0.028404921758919954,False
17957,-2.16,0.01,0.0382882667084535,False
17958,-0.5249999999999999,0.01,0.06915524415671825,False
17959,-1.37,0.01,0.02772090444341302,False
17960,-0.785,0.01,0.039498331025242805,False
17961,-1.215,0.01,0.03201249986886978,False
17962,-1.85,0.01,0.03783912630751729,False
17963,-0.2599999999999998,0.01,0.03207385105391344,False
17964,-2.4699999999999998,0.01,0.04441622458398342,False
17965,-0.3049999999999997,0.01,0.045656624063849446,False
17966,-0.009999999999999787,0.01,0.04184848815202713,False
17967,-1.865,0.01,0.0312204179354012,False
17968,-0.9600000000000002,0.01,0.03657306358218193,False
17969,-1.3800000000000001,0.01,0.03196578426286578,False
17970,-0.3450000000000001,0.01,0.02849160258968671,False
17971,-2.575,0.01,0.034719707909971476,False
17972,0.30000000000000004,0.01,0.04459568969905377,False
17973,-0.81,0.01,0.0353604294359684,False
17974,-1.4050000000000002,0.01,0.026800213009119035,False
17975,-0.91,0.01,0.031050492078065872,False
17976,-1.855,0.01,0.021342915172378223,False
17977,-1.0699999999999998,0.01,0.033764596562832594,False
17978,-0.2849999999999999,0.01,0.030965487472712994,False
17979,-1.1550000000000002,0.01,0.0405691165683998,False
17980,-0.9400000000000002,0.01,0.04520522803068161,False
17981,-1.0300000000000005,0.01,0.03844128207614025,False
17982,-1.7349999999999999,0.01,0.03505599685013294,False
17983,-1.455,0.01,0.02571672573685646,False
17984,-0.07500000000000018,0.01,0.020405554212629795,False
17985,-1.85,0.01,0.03671892670293649,False
17986,-1.83,0.01,0.06917395908385515,False
17987,-0.13999999999999968,0.01,0.05091220140457153,False
17988,-0.6649999999999999,0.01,0.035698571552832924,False
17989,-2.2800000000000002,0.01,0.038943813368678096,False
17990,-0.8449999999999999,0.01,0.05030113272368908,False
17991,-1.21,0.01,0.05084767503043016,False
17992,0.15500000000000025,0.01,0.04268375597894192,False
17993,-0.4600000000000002,0.01,0.036238253116607666,False
17994,-1.02,0.01,0.0627097338438034,False
17995,-0.9100000000000003,0.01,0.05283654512216648,False
17996,-1.19,0.01,0.04682571552693844,False
17997,-0.42499999999999993,0.01,0.02880368009209633,False
17998,-0.77,0.01,0.037493587005883455,False
17999,-2.5700000000000003,0.01,0.03221285459585488,False
18000,-0.06999999999999962,0.01,0.023284797091037035,False
18001,-1.77,0.01,0.024643131842215855,False
18002,0.5900000000000001,0.01,0.0418077539652586,False
18003,-1.5750000000000002,0.01,0.03864779835566878,False
18004,-0.825,0.01,0.05416404455900192,False
18005,-1.175,0.01,0.04545599687844515,False
18006,-1.06,0.01,0.03570979957779249,False
18007,-1.1600000000000001,0.01,0.03977093442032734,False
18008,-1.025,0.01,0.028605012223124504,False
18009,-1.755,0.01,0.07685176221032937,False
18010,-0.10999999999999999,0.01,0,False
18011,-0.13500000000000023,0.01,0.032391993794590235,False
18012,-0.82,0.01,0.025688430294394493,False
18013,-1.02,0.01,0.03807135298848152,False
18014,-0.935,0.01,0.029239432187750936,False
18015,-1.125,0.01,0.04349507178579058,False
18016,-0.8799999999999999,0.01,0.0346202845685184,False
18017,-1.54,0.01,0.0540713369846344,False
18018,-1.055,0.01,0.03586100166042646,False
18019,-0.96,0.01,0.028455834137275815,False
18020,-1.185,0.01,0.03891422227025032,False
18021,-0.21999999999999997,0.01,0.04083678126335144,False
18022,-1.8150000000000002,0.01,0.037002269686623054,False
18023,-1.075,0.01,0.02262064116075635,False
18024,-0.5950000000000001,0.01,0.03700509406626225,False
18025,-1.6949999999999998,0.01,0.021806843206286432,False
18026,-0.5550000000000003,0.01,0.03837377721300492,False
18027,-1.94,0.01,0.04434755692879359,False
18028,-0.62,0.01,0.026917362585663795,False
18029,-1.04,0.01,0.06326979212462902,False
18030,-1.35,0.01,0.034422904873887696,False
18031,-1.3850000000000002,0.01,0.03371267805674246,False
18032,-0.735,0.01,0.03812951035797596,False
18033,-0.7000000000000001,0.01,0.0409967292410632,False
18034,-1.315,0.01,0.02550559490919113,False
18035,0.4349999999999996,0.01,0.031480442034080625,False
18036,-1.37,0.01,0.04088969714939594,False
18037,-2.49,0.01,0.04132557641714811,False
18038,-0.16999999999999993,0.01,0.05679036397486925,False
18039,-1.02,0.01,0.02668747864663601,False
18040,0.1799999999999995,0.01,0.033170693612191826,False
18041,-1.4500000000000002,0.01,0.025460294758280117,False
18042,-0.9700000000000001,0.01,0.0402957322075963,False
18043,-1.7,0.01,0.02717899065464735,False
18044,0.06999999999999984,0.01,0.03894736325102193,False
18045,-1.9200000000000002,0.01,0.03608528524637222,False
18046,0.5999999999999999,0.01,0.05232340718309084,False
18047,-1.5800000000000003,0.01,0.03541643010746492,False
18048,-0.025000000000000133,0.01,0.03170057785298143,False
18049,-1.225,0.01,0.015423594042658806,False
18050,-1.3450000000000002,0.01,0.04474330196777979,False
18051,-0.275,0.01,0.040271695237606764,False
18052,-1.32,0.01,0.016209734603762627,False
18053,-1.5150000000000001,0.01,0.013623923063278198,False
18054,-0.815,0.01,0.09322046488523483,False
18055,0.395,0.01,0.028197031468153,False
18056,-0.71,0.01,0,False
18057,-2.08,0.01,0.019751452095806598,False
18058,-1.7850000000000001,0.01,0.031072075944393873,False
18059,-0.61,0.01,0.03337327887614568,False
18060,-1.51,0.01,0.03183502229777249,False
18061,-1.1649999999999998,0.01,0.045564825336138405,False
18062,-0.7649999999999999,0.01,0.028473730199038982,False
18063,-0.66,0.01,0.02700752889116605,False
18064,-0.74,0.01,0.03409161338848727,False
18065,-1.2650000000000001,0.01,0.04355523828417063,False
18066,-1.37,0.01,0.01754003328581651,False
18067,-0.5499999999999999,0.01,0.04780819391210874,False
18068,-1.65,0.01,0.035008844919502735,False
18069,-0.6149999999999998,0.01,0.03672082598010699,False
18070,-1.165,0.01,0.029446551576256752,False
18071,-1.27,0.01,0.02328148134984076,False
18072,-0.91,0.01,0.054727353155612946,False
18073,-0.575,0.01,0.02731020702049136,False
18074,-1.485,0.01,0.02870345301926136,False
18075,-0.95,0.01,0.05412039595345656,False
18076,-0.8099999999999999,0.01,0.019646847620606422,False
18077,-1.2300000000000002,0.01,0.03858790493437222,False
18078,-1.235,0.01,0.034847116097807884,False
18079,-0.815,0.01,0.033534158021211624,False
18080,-1.225,0.01,0.015291484072804451,False
18081,-1.025,0.01,0.0282700527459383,False
18082,-1.1300000000000001,0.01,0.02774335164576769,False
18083,-1.69,0.01,0.03660578988492489,False
18084,-0.245,0.01,0.03922534299393495,False
18085,-1.07,0.01,0.02153629871706168,False
18086,-1.335,0.01,0.03383648954331875,False
18087,-0.61,0.01,0.09506125748157501,False
18088,-1.22,0.01,0.05440155789256096,False
18089,-0.835,0.01,0.050912100821733475,False
18090,-1.125,0.01,0.05021671764552593,False
18091,-0.865,0.01,0.02830172733714183,False
18092,-2.45,0.01,0.04061890083054701,False
18093,-0.32500000000000007,0.01,0.029763229191303253,False
18094,-0.54,0.01,0.03281863406300545,False
18095,-1.31,0.01,0.023118341341614723,False
18096,-0.63,0.01,0.06651543080806732,False
18097,-2.255,0.01,0.0406580176204443,False
18098,-0.5649999999999997,0.01,0.04188770381733775,False
18099,-1.115,0.01,0.046200014650821686,False
18100,-0.345,0.01,0.034417507238686085,False
18101,-1.2950000000000002,0.01,0.023824645206332207,False
18102,-0.5250000000000004,0.01,0.020787269409213747,False
18103,-0.31999999999999995,0.01,0.05333511531352997,False
18104,-1.63,0.01,0.019029436632990837,False
18105,-1.255,0.01,0.03938341202835242,False
18106,-0.125,0.01,0.02769679669290781,False
18107,-1.21,0.01,0,False
18108,-1.06,0.01,0.04047335125505924,False
18109,-1.27,0.01,0.03554248126844565,False
18110,-0.9750000000000001,0.01,0.028855481650680304,False
18111,-0.785,0.01,0.060507047921419144,False
18112,-1.2650000000000001,0.01,0.027757087101538975,False
18113,-0.855,0.01,0.041280957559744515,False
18114,-1.04,0.01,0.029036975155274074,False
18115,-1.235,0.01,0.05428743734955788,False
18116,-1.29,0.01,0.02408484648913145,False
18117,-1.125,0.01,0.024251804687082767,False
18118,-1.11,0.01,0.048629045486450195,False
18119,-0.845,0.01,0.06431768089532852,False
18120,-1.0750000000000002,0.01,0.03018867876380682,False
18121,-1.3200000000000003,0.01,0.02805444939682881,False
18122,-0.2450000000000001,0.01,0.03081342950463295,False
18123,-1.155,0.01,0.03282833844423294,False
18124,-1.44,0.01,0.04409400001168251,False
18125,-0.73,0.01,0.023486759513616562,False
18126,-1.625,0.01,0.030448881909251213,False
18127,-0.43999999999999995,0.01,0.030930859347184498,False
18128,-1.6950000000000003,0.01,0.05197230391204357,False
18129,-0.815,0.01,0.05604743957519531,False
18130,-1.37,0.01,0.06691152354081471,False
18131,-0.8099999999999999,0.01,0.0308214258402586,False
18132,-1.655,0.01,0.030600188300013542,False
18133,-0.6449999999999999,0.01,0.037899730106194816,False
18134,-1.365,0.01,0.02540397954483827,False
18135,-0.31999999999999995,0.01,0.036397796124219894,False
18136,-0.94,0.01,0.02813935900727908,False
18137,-0.95,0.01,0.039113689213991165,False
18138,-1.2600000000000002,0.01,0.05242100823670626,False
18139,-0.20000000000000018,0.01,0.03238161709159613,False
18140,-1.725,0.01,0.04875277914106846,False
18141,-0.49,0.01,0.03637218801304698,False
18142,-1.0350000000000001,0.01,0.05781669169664383,False
18143,-0.81,0.01,0.03285977989435196,False
18144,-1.3250000000000002,0.01,0.026664786972105503,False
18145,-0.7800000000000002,0.01,0.029955153663953144,False
18146,-1.475,0.01,0.043158083222806454,False
18147,-0.040000000000000036,0.01,0.0403860229998827,False
18148,-2.035,0.01,0.025328448973596096,False
18149,-0.20999999999999996,0.01,0.05899073928594589,False
18150,-1.195,0.01,0.03915041908621788,False
18151,-1.1400000000000001,0.01,0.01997837144881487,False
18152,-0.5099999999999999,0.01,0.032551251351833344,False
18153,-1.21,0.01,0.035236191004514694,False
18154,-0.68,0.01,0.04802537872456014,False
18155,-1.355,0.01,0.02889229791859786,False
18156,-1.01,0.01,0.03031453862786293,False
18157,-0.645,0.01,0.02054886892437935,False
18158,-1.835,0.01,0.015743013471364975,False
18159,0.7649999999999999,0.01,0.044896895065903664,False
18160,-1.215,0.01,0.019183943048119545,False
18161,-1.29,0.01,0.027036098763346672,False
18162,-0.5750000000000001,0.01,0.04014808963984251,False
18163,-1.11,0.01,0.03144237771630287,False
18164,-1.435,0.01,0.027554191648960114,False
18165,-1.05,0.01,0.027011599391698837,False
18166,-0.81,0.01,0.0126133868470788,False
18167,-1.3600000000000003,0.01,0.037294075125828385,False
18168,-0.97,0.01,0.0453379200771451,False
18169,-1.11,0.01,0,False
18170,-1.11,0.01,0.020439375191926956,False
18171,-1.01,0.01,0.01711721159517765,False
18172,-0.935,0.01,0.023456120863556862,False
18173,-0.83,0.01,0.023106727749109268,False
18174,-1.32,0.01,0.050011757761240005,False
18175,-0.68,0.01,0.03843275876715779,False
18176,-1.4450000000000003,0.01,0.041033169254660606,False
18177,-0.52,0.01,0.04082668200135231,False
18178,-1.845,0.01,0.0378258777782321,False
18179,-0.7,0.01,0.0439663203433156,False
18180,-1.205,0.01,0.041084776446223256,False
18181,-1.2100000000000002,0.01,0.04103539946178595,False
18182,-0.8150000000000001,0.01,0.0359975757698218,False
18183,-0.9400000000000001,0.01,0.016664570197463036,False
18184,-1.3650000000000002,0.01,0.025600017048418522,False
18185,-1.87,0.01,0.04530308085183302,False
18186,-0.17499999999999982,0.01,0.026222797576338053,False
18187,-1.1500000000000001,0.01,0.05406311363913119,False
18188,-0.5750000000000001,0.01,0.04592818859964609,False
18189,-2.01,0.01,0.019736820831894875,False
18190,-0.475,0.01,0.040074083022773266,False
18191,-0.84,0.01,0.01841884572058916,False
18192,-2.365,0.01,0.025866556498739455,False
18193,0.1100000000000001,0.01,0.03377580735832453,False
18194,-1.4700000000000002,0.01,0.04296152712777257,False
18195,-0.8099999999999999,0.01,0.034904543310403824,False
18196,0.3799999999999999,0.01,0.037373763819535576,False
18197,-1.665,0.01,0.03640583762899041,False
18198,-1.0150000000000001,0.01,0.08805213868618011,False
18199,-1.095,0.01,0.054455995187163354,False
18200,-0.4700000000000001,0.01,0.028314266353845596,False
18201,-1.7200000000000002,0.01,0.017691519111394882,False
18202,0.28,0.01,0.025849083438515663,False
18203,-0.915,0.01,0.045487143099308014,False
18204,-0.6450000000000001,0.01,0.05589609406888485,False
18205,-1.06,0.01,0.05020196860035261,False
18206,-0.8800000000000001,0.01,0.029966697841882706,False
18207,-0.31500000000000006,0.01,0.02415413223206997,False
18208,-2.54,0.01,0.022690854035317898,False
18209,-0.010000000000000009,0.01,0.03447642922401428,False
18210,-1.4500000000000002,0.01,0.031088655814528465,False
18211,-0.63,0.01,0.02310776337981224,False
18212,-0.71,0.01,0.023264838382601738,False
18213,-1.3800000000000001,0.01,0.0384236890822649,False
18214,-1.25,0.01,0.0389951627003029,False
18215,-1.05,0.01,0.043391755471626915,False
18216,-1.25,0.01,0.04688476864248514,False
18217,-0.71,0.01,0.04496920108795166,False
18218,-1.125,0.01,0.01639088848605752,False
18219,-0.605,0.01,0,False
18220,-0.43999999999999995,0.01,0.04660695170362791,False
18221,-1.545,0.01,0.06315159052610397,False
18222,-0.15500000000000025,0.01,0.030466533731669188,False
18223,-1.96,0.01,0.04481558750073115,False
18224,-0.7399999999999999,0.01,0.042653227845827736,False
18225,-0.5449999999999999,0.01,0.02678890246897936,False
18226,-1.165,0.01,0.025608528405427933,False
18227,-0.66,0.01,0.029555293420950573,False
18228,-1.495,0.01,0.030570093914866446,False
18229,-1.82,0.01,0.02439449355006218,False
18230,-0.91,0.01,0.03178885734329621,False
18231,-0.4600000000000001,0.01,0.03381358149151007,False
18232,-1.4000000000000001,0.01,0.05156294517219066,False
18233,-0.9500000000000001,0.01,0.04932469191650549,False
18234,-1.5150000000000001,0.01,0.043556030839681625,False
18235,-0.43000000000000005,0.01,0.03644932247698307,False
18236,-1.23,0.01,0.04176507703959942,False
18237,-1.34,0.01,0.04232773184776306,False
18238,-0.55,0.01,0.03709924345215162,False
18239,-1.435,0.01,0.0312409196048975,False
18240,-0.95,0.01,0.04527209885418415,False
18241,-0.96,0.01,0.024296368472278118,False
18242,-1.57,0.01,0.04204396468897661,False
18243,-0.515,0.01,0.03806257310012976,False
18244,-1.915,0.01,0.03707815757529302,False
18245,-0.55,0.01,0.03826982527971268,False
18246,-0.915,0.01,0.020431652665138245,False
18247,-1.095,0.01,0.05598265454173088,False
18248,-0.635,0.01,0.024825893342494965,False
18249,-2.285,0.01,0.029672525078058242,False
18250,-0.62,0.01,0.0334867462515831,False
18251,-0.57,0.01,0.03170139901340008,False
18252,-1.365,0.01,0.02496605987350146,False
18253,-0.83,0.01,0.02544867806136608,False
18254,-0.43000000000000005,0.01,0.013448028825223446,False
18255,-2.14,0.01,0.031286049634218216,False
18256,-0.6050000000000001,0.01,0.028946937620639802,False
18257,-1.915,0.01,0.033009929272035755,False
18258,-0.20999999999999996,0.01,0.03349814563989639,False
18259,-0.9450000000000001,0.01,0.0411161066343387,False
18260,-1.645,0.01,0.02327663078904152,False
18261,-1.4300000000000002,0.01,0.036771196871995926,False
18262,-0.1349999999999998,0.01,0.03266612533479929,False
18263,-2.49,0.01,0.03303692117333412,False
18264,-0.44499999999999984,0.01,0.034619486491595,False
18265,-0.5750000000000001,0.01,0.029085186310112476,False
18266,-1.1500000000000001,0.01,0.037030987441539764,False
18267,0.2400000000000002,0.01,0.03079160861670971,False
18268,-1.4300000000000002,0.01,0.01686811912804842,False
18269,-0.715,0.01,0.05939463526010513,False
18270,-1.97,0.01,0.03294297680258751,False
18271,-0.010000000000000009,0.01,0.021365167573094368,False
18272,-1.74,0.01,0.025756918426070894,False
18273,-0.925,0.01,0.07566499710083008,False
18274,0.2749999999999999,0.01,0.022188765928149223,False
18275,-1.1300000000000001,0.01,0.01338181970641017,False
18276,-0.92,0.01,0.026606399565935135,False
18277,-1.33,0.01,0.02004523854702711,False
18278,-1.2750000000000001,0.01,0.04390386398881674,False
18279,-0.72,0.01,0.061040669679641724,False
18280,-0.6399999999999999,0.01,0.03780187387019396,False
18281,-1.965,0.01,0.04213060159236193,False
18282,0.050000000000000044,0.01,0.04201609889666239,False
18283,-2.335,0.01,0.04023003205657005,False
18284,1.045,0.01,0.06802371765176456,False
18285,-1.1500000000000001,0.01,0.032405126839876175,False
18286,-1.365,0.01,0.02706414833664894,False
18287,-0.63,0.01,0.0361349917948246,False
18288,-2.0999999999999996,0.01,0.033063361421227455,False
18289,-1.055,0.01,0.04498547688126564,False
18290,-0.22499999999999998,0.01,0.02819221932440996,False
18291,-0.61,0.01,0,False
18292,-1.565,0.01,0.03651184635236859,False
18293,-0.08500000000000019,0.01,0.026196486316621304,False
18294,-0.7950000000000002,0.01,0.03166703619062901,False
18295,-1.025,0.01,0.03365650027990341,False
18296,-0.93,0.01,0.02813375275582075,False
18297,-2.005,0.01,0.03070017546415329,False
18298,-1.4050000000000002,0.01,0.021963707947482664,False
18299,-0.08999999999999986,0.01,0.03994450718164444,False
18300,-1.025,0.01,0.04512981325387955,False
18301,-0.78,0.01,0.03858601627871394,False
18302,-1.5300000000000002,0.01,0.04105209931731224,False
18303,-1.12,0.01,0.040776558220386505,False
18304,-0.935,0.01,0.05030615208670497,False
18305,-0.9500000000000001,0.01,0.03444933891296387,False
18306,-1.025,0.01,0.021064164116978645,False
18307,-1.6150000000000002,0.01,0.021848998963832855,False
18308,0.645,0.01,0.036266504476467766,False
18309,-1.32,0.01,0.027337729930877686,False
18310,-1.44,0.01,0.01977210585027933,False
18311,-0.20999999999999996,0.01,0.02371641807258129,False
18312,-1.81,0.01,0.05433503910899162,False
18313,-0.9900000000000001,0.01,0.021866438537836076,False
18314,0.05999999999999983,0.01,0.039099344185420444,False
18315,-1.115,0.01,0.014869995415210724,False
18316,-0.76,0.01,0.035252424577871956,False
18317,-1.335,0.01,0.043361566960811615,False
18318,-1.03,0.01,0.025881750509142876,False
18319,-1.71,0.01,0.023079781016955774,False
18320,-0.345,0.01,0.026472563855350018,False
18321,-1.1600000000000001,0.01,0.03276240453124046,False
18322,-1.9,0.01,0.04478551298379898,False
18323,-0.5649999999999997,0.01,0.03406111399332682,False
18324,-0.6449999999999999,0.01,0.03267652293046316,False
18325,-1.265,0.01,0.02518686776359876,False
18326,-0.95,0.01,0.057543653373916946,False
18327,0.355,0.01,0.031238307245075703,False
18328,-1.735,0.01,0.032763419672846794,False
18329,-1.8250000000000002,0.01,0.034331414538125195,False
18330,0.010000000000000009,0.01,0.037930499638120334,False
18331,-1.115,0.01,0.02166072651743889,False
18332,-1.03,0.01,0.038179226352700164,False
18333,-0.93,0.01,0.02305204700678587,False
18334,-1.725,0.01,0.03689545392990112,False
18335,-0.9199999999999999,0.01,0.044468577951192856,False
18336,-0.92,0.01,0.07428261451423168,False
18337,-1.76,0.01,0.03623316871623198,False
18338,0.15999999999999992,0.01,0.02552499808371067,False
18339,-1.3250000000000002,0.01,0.036007895533527644,False
18340,-0.935,0.01,0.029248729348182678,False
18341,-0.725,0.01,0.028252655640244484,False
18342,-1.42,0.01,0.036210861057043076,False
18343,-1.1700000000000002,0.01,0.0383745594881475,False
18344,-1.73,0.01,0.0451828557997942,False
18345,-0.09999999999999987,0.01,0.03973683081567288,False
18346,-0.9850000000000001,0.01,0.048113762959837915,False
18347,-1.635,0.01,0.02443175856024027,False
18348,-0.7900000000000001,0.01,0.024927880408035383,False
18349,-1.0050000000000001,0.01,0.04066122695803642,False
18350,-1.23,0.01,0.039608925580978394,False
18351,-0.15500000000000025,0.01,0.034394008573144674,False
18352,-1.135,0.01,0.031115747056901455,False
18353,-1.54,0.01,0.021475251764059067,False
18354,-0.73,0.01,0.03147467225790024,False
18355,-0.5099999999999999,0.01,0.03991997241973877,False
18356,-1.115,0.01,0.054521020501852036,False
18357,-0.9700000000000003,0.01,0.04302555446823438,False
18358,-0.9450000000000001,0.01,0.029320321744307876,False
18359,-2.46,0.01,0.03677545767277479,False
18360,0.1399999999999999,0.01,0.05716139202316602,False
18361,-1.42,0.01,0.049812573939561844,False
18362,-1.485,0.01,0.03128178883343935,False
18363,-0.8200000000000001,0.01,0.01307244598865509,False
18364,-0.87,0.01,0.025347185786813498,False
18365,-0.85,0.01,0.023969779411951702,False
18366,-1.445,0.01,0.04720141552388668,False
18367,-1.235,0.01,0.04257708601653576,False
18368,-1.25,0.01,0.022863245258728664,False
18369,-0.6149999999999999,0.01,0.024087391793727875,False
18370,-0.63,0.01,0.038199953734874725,False
18371,-1.51,0.01,0.020764920860528946,False
18372,-0.62,0.01,0.020784329622983932,False
18373,-1.02,0.01,0.05271846055984497,False
18374,-1.9600000000000002,0.01,0.025930949797232945,False
18375,0.09000000000000008,0.01,0.06189509481191635,False
18376,-0.91,0.01,0.05141325667500496,False
18377,-1.445,0.01,0.035144731402397156,False
18378,-1.625,0.01,0.020370944403111935,False
18379,-0.495,0.01,0.035147543996572495,False
18380,-0.645,0.01,0.029945967718958855,False
18381,-1.125,0.01,0.021850244142115116,False
18382,-1.53,0.01,0.04549191985279322,False
18383,-0.7399999999999999,0.01,0.040474776178598404,False
18384,-0.6900000000000001,0.01,0.037616601400077346,False
18385,-0.9750000000000002,0.01,0.024274412542581558,False
18386,-0.5750000000000001,0.01,0.033500382443889976,False
18387,-1.6350000000000002,0.01,0.026698269482169832,False
18388,-0.77,0.01,0.04057007934898138,False
18389,-0.48,0.01,0.026761253364384174,False
18390,-1.4450000000000003,0.01,0.03953258746436664,False
18391,-1.235,0.01,0.04222479462623596,False
18392,-1.4500000000000002,0.01,0.0365088174585253,False
18393,-1.0900000000000003,0.01,0.03534867977723479,False
18394,-0.57,0.01,0.029703084379434586,False
18395,-1.36,0.01,0.0328271978845199,False
18396,-0.82,0.01,0.04543410986661911,False
18397,-1.5750000000000002,0.01,0.04763509100303054,False
18398,-0.2650000000000001,0.01,0.024012168869376183,False
18399,-1.77,0.01,0.034164124789337315,False
18400,-0.43999999999999995,0.01,0.03250911024709543,False
18401,-1.35,0.01,0.039702254347503185,False
18402,-1.0650000000000002,0.01,0.04365291027352214,False
18403,-1.385,0.01,0.03244691155850887,False
18404,-1.34,0.01,0.022041890149315197,False
18405,-0.35,0.01,0.034725568257272243,False
18406,-0.5999999999999999,0.01,0.04065549404670795,False
18407,-1.2850000000000001,0.01,0.047113814391195774,False
18408,-0.45000000000000007,0.01,0.024291131335000198,False
18409,-0.935,0.01,0.034549495205283165,False
18410,-1.8,0.01,0.034920365735888484,False
18411,-0.5249999999999999,0.01,0.0339229442179203,False
18412,-0.95,0.01,0.03984335934122404,False
18413,-1.1700000000000002,0.01,0.02677121013402939,False
18414,-1.02,0.01,0.01606543269008398,False
18415,-0.85,0.01,0.05105765350162983,False
18416,-1.425,0.01,0.02752066869288683,False
18417,-1.44,0.01,0.01558306161314249,False
18418,0.29000000000000026,0.01,0.019087497144937515,False
18419,-2.55,0.01,0.01984558068215847,False
18420,-1.275,0.01,0.01849147561006248,False
18421,0.0800000000000003,0.01,0.019418545067310333,False
18422,-0.7100000000000001,0.01,0.04093111570303639,False
18423,-2.5,0.01,0.03925046026706695,False
18424,-0.40000000000000013,0.01,0.035348670184612276,False
18425,-0.28500000000000014,0.01,0.03883214332163334,False
18426,-2.115,0.01,0.02077796682715416,False
18427,-1.78,0.01,0.03684269730001688,False
18428,0.4900000000000002,0.01,0.021832164376974106,False
18429,-1.4300000000000002,0.01,0.01984161138534546,False
18430,-0.815,0.01,0.035587227592865624,False
18431,-1.475,0.01,0.03352644247934222,False
18432,-1.4049999999999998,0.01,0.03788780669371287,False
18433,-0.81,0.01,0.0362093448638916,False
18434,-0.855,0.01,0.04136928915977478,False
18435,-1.7850000000000001,0.01,0.04777776217088103,False
18436,-0.36499999999999977,0.01,0.03407162055373192,False
18437,-1.57,0.01,0.03539276371399561,False
18438,-0.37,0.01,0.027637372259050608,False
18439,-0.8300000000000001,0.01,0.018565434962511063,False
18440,-1.5550000000000002,0.01,0.0378093762944142,False
18441,-0.755,0.01,0.025532112767299015,False
18442,-1.31,0.01,0.011722387745976448,False
18443,-1.0599999999999998,0.01,0.028683069472511608,False
18444,-1.11,0.01,0.062944695353508,False
18445,-0.8449999999999999,0.01,0.024381116032600403,False
18446,-0.81,0.01,0.051224084881444774,False
18447,-1.06,0.01,0.03880072198808193,False
18448,-1.5150000000000001,0.01,0.028368795290589333,False
18449,-1.1450000000000002,0.01,0.031025693053379655,False
18450,-0.20000000000000018,0.01,0.032269147038459775,False
18451,-1.4100000000000001,0.01,0.03515682369470596,False
18452,-0.009999999999999787,0.01,0.03584188222885132,False
18453,-1.52,0.01,0.015855232253670692,False
18454,-1.2600000000000002,0.01,0.024225579691119492,False
18455,-0.625,0.01,0.0203079916536808,False
18456,-1.23,0.01,0.02362944185733795,False
18457,-0.9550000000000001,0.01,0.033821905652681984,False
18458,-2.005,0.01,0.03462483609716097,False
18459,-0.59,0.01,0.024729261361062526,False
18460,-0.825,0.01,0.014997351914644241,False
18461,-1.125,0.01,0.04538675118237734,False
18462,-0.97,0.01,0.03697400291760763,False
18463,-0.5650000000000001,0.01,0.034133063836230174,False
18464,-1.6099999999999999,0.01,0.02521148882806301,False
18465,-1.005,0.01,0.03656997065991163,False
18466,-0.685,0.01,0.040175193920731544,False
18467,-1.685,0.01,0.026636982103809714,False
18468,-0.32999999999999996,0.01,0.06109699793159962,False
18469,-1.725,0.01,0.03188522905111313,False
18470,-1.37,0.01,0.02645601751282811,False
18471,-0.5449999999999999,0.01,0.07065973555048306,False
18472,0.1399999999999999,0.01,0.027773433248512447,False
18473,-2.715,0.01,0.03465470982094606,False
18474,0.020000000000000018,0.01,0.02949992732869254,False
18475,-0.3350000000000001,0.01,0.04317448288202286,False
18476,-1.175,0.01,0.03730611642822623,False
18477,-2.255,0.01,0.03597057486573855,False
18478,-0.5850000000000001,0.01,0.0230178315192461,False
18479,-0.67,0.01,0.03317146608605981,False
18480,-1.2650000000000001,0.01,0.028161507099866867,False
18481,-0.545,0.01,0.035286712149779,False
18482,-2.705,0.01,0.023503018915653227,False
18483,0.2550000000000001,0.01,0.030786575749516487,False
18484,-1.335,0.01,0.018682779744267464,False
18485,-0.925,0.01,0.024969331920146942,False
18486,-0.735,0.01,0.021099611185491085,False
18487,-1.03,0.01,0.024680305272340775,False
18488,-1.395,0.01,0.0238906130194664,False
18489,-0.735,0.01,0.028316684067249298,False
18490,-1.485,0.01,0.048493185080587864,False
18491,-0.88,0.01,0.03247416093945503,False
18492,-1.8250000000000002,0.01,0.039681196212768555,False
18493,-0.6249999999999999,0.01,0.020315510220825672,False
18494,-0.3550000000000001,0.01,0.031024715552727383,False
18495,-1.69,0.01,0.035767121240496635,False
18496,-0.825,0.01,0.02465503942221403,False
18497,-1.045,0.01,0.05840206518769264,False
18498,-1.7000000000000002,0.01,0.022959026352812845,False
18499,-0.855,0.01,0.03593703731894493,False
18500,-0.14500000000000002,0.01,0.017725304700434208,False
18501,-1.1300000000000003,0.01,0.03649668914398977,False
18502,-1.0600000000000003,0.01,0.026859705336391926,False
18503,-2.3,0.01,0.030314431339502335,False
18504,-0.5799999999999996,0.01,0.03499974422156811,False
18505,-0.52,0.01,0.024282917380332947,False
18506,-1.01,0.01,0.03488095756620169,False
18507,-1.67,0.01,0.022746849184234936,False
18508,-0.74,0.01,0.07082986707488696,False
18509,-0.91,0.01,0,False
18510,-1.23,0.01,0.042413098737597466,False
18511,-1.3150000000000002,0.01,0.03342486762752136,False
18512,-1.945,0.01,0.031851218392451607,False
18513,-0.31999999999999995,0.01,0.025196027010679245,False
18514,-0.44000000000000006,0.01,0.057002175599336624,False
18515,-2.23,0.01,0.023128989152610302,False
18516,-0.26,0.01,0.022456030050913494,False
18517,-1.21,0.01,0.01797088235616684,False
18518,-0.85,0.01,0.033623396108547844,False
18519,-1.2500000000000004,0.01,0.03537965069214503,False
18520,-0.545,0.01,0.044934420535961785,False
18521,-1.155,0.01,0.02900618314743042,False
18522,-1.2550000000000003,0.01,0.031232719542458653,False
18523,-1.38,0.01,0.028536987025290728,False
18524,-1.065,0.01,0.023978912038728595,False
18525,-1.435,0.01,0.01928520668298006,False
18526,-1.21,0.01,0.027590162679553033,False
18527,0.6400000000000008,0.01,0.04254352115094662,False
18528,-1.02,0.01,0.03446977290635308,False
18529,-1.16,0.01,0.019804791857798893,False
18530,-1.76,0.01,0.04137962032109499,False
18531,-0.21499999999999997,0.01,0.02900170162320137,False
18532,-1.115,0.01,0.02591077983379364,False
18533,-1.025,0.01,0.02402379736304283,False
18534,-0.53,0.01,0.030478481203317642,False
18535,-1.82,0.01,0.011585650965571404,False
18536,0.365,0.01,0.017962646670639515,False
18537,-0.9299999999999999,0.01,0.046530554071068764,False
18538,-1.11,0.01,0.04275413602590561,False
18539,-1.855,0.01,0.02913445110122363,False
18540,-0.63,0.01,0.048091852106153965,False
18541,-1.455,0.01,0.04303500056266785,False
18542,-0.545,0.01,0.022089275531470776,False
18543,-0.81,0.01,0.07173341512680054,False
18544,-1.935,0.01,0.019899963401257992,False
18545,-0.1549999999999998,0.01,0.037183220498263836,False
18546,-1.4649999999999999,0.01,0.02753207894663016,False
18547,-0.30999999999999994,0.01,0.02756466530263424,False
18548,-1.98,0.01,0.036805287934839725,False
18549,-0.30999999999999994,0.01,0.07624471187591553,False
18550,-1.29,0.01,0.03530874475836754,False
18551,-1.87,0.01,0.050023721531033516,False
18552,-0.44999999999999996,0.01,0.03369799442589283,False
18553,0.004999999999999893,0.01,0.024783015251159668,False
18554,-0.8549999999999999,0.01,0.031393906101584435,False
18555,-1.4100000000000001,0.01,0,False
18556,-0.94,0.01,0.03946650152405103,False
18557,-0.8999999999999999,0.01,0.0417591406032443,False
18558,-0.61,0.01,0.023476559668779373,False
18559,-0.915,0.01,0.017881765961647034,False
18560,-1.675,0.01,0.03516560047864914,False
18561,-1.085,0.01,0.03067072108387947,False
18562,-1.495,0.01,0.019978307001292706,False
18563,-0.86,0.01,0.04071564103166262,False
18564,-0.43000000000000005,0.01,0.01828688895329833,False
18565,-1.455,0.01,0.04205703362822533,False
18566,-0.73,0.01,0.03845218941569328,False
18567,-1.795,0.01,0.047481033764779565,False
18568,-0.9449999999999998,0.01,0.047684552147984505,False
18569,-0.3500000000000001,0.01,0.025449960802992184,False
18570,-0.86,0.01,0.01803380095710357,False
18571,-1.88,0.01,0.04867520537227392,False
18572,-0.555,0.01,0.032906631007790565,False
18573,-0.755,0.01,0.0467013455927372,False
18574,-1.125,0.01,0.013392236083745956,False
18575,-1.12,0.01,0.029002632324894268,False
18576,-1.355,0.01,0.035357002168893814,False
18577,-1.01,0.01,0.024405911564826965,False
18578,-1.02,0.01,0.023546261712908745,False
18579,-0.52,0.01,0.023459886200726032,False
18580,-1.525,0.01,0.03916902840137482,False
18581,-1.0150000000000001,0.01,0.019689444452524185,False
18582,-1.6600000000000001,0.01,0.02375070285052061,False
18583,-1.035,0.01,0.037001220509409904,False
18584,-0.61,0.01,0.03370676934719086,False
18585,-0.43999999999999995,0.01,0.018617015797644854,False
18586,-1.5750000000000002,0.01,0.026779235806316137,False
18587,-1.0750000000000002,0.01,0.0530763422138989,False
18588,-1.435,0.01,0.014556353446096182,False
18589,-0.51,0.01,0.04324620341261228,False
18590,-1.695,0.01,0.03787525147199631,False
18591,-1.05,0.01,0.022261434234678745,False
18592,-0.575,0.01,0.04105025250464678,False
18593,-1.135,0.01,0.024399918504059315,False
18594,-0.64,0.01,0.022962715476751328,False
18595,-1.0150000000000001,0.01,0.01789546199142933,False
18596,-1.37,0.01,0.026339645264670253,False
18597,-1.2650000000000001,0.01,0.045613562067349754,False
18598,-1.11,0.01,0.0375623299429814,False
18599,-1.6250000000000004,0.01,0.030684109284159017,False
18600,-0.19500000000000006,0.01,0.04503807164728642,False
18601,-1.7349999999999999,0.01,0.0418112687766552,False
18602,-0.825,0.01,0.029055964201688766,False
18603,-0.865,0.01,0.020901854848489165,False
18604,-1.2800000000000002,0.01,0.025832624899016485,False
18605,-0.835,0.01,0.04915035329759121,False
18606,-1.02,0.01,0.012856975197792053,False
18607,-2.27,0.01,0.023618161911144853,False
18608,-0.05999999999999983,0.01,0.02583498569826285,False
18609,-2.04,0.01,0.03787883697077632,False
18610,-0.5699999999999998,0.01,0.02450695540755987,False
18611,-0.915,0.01,0.04167288262397051,False
18612,-1.4900000000000002,0.01,0.02476194128394127,False
18613,-1.4749999999999999,0.01,0.04185618832707405,False
18614,0.4750000000000001,0.01,0.013843771070241928,False
18615,-1.0400000000000003,0.01,0.03215261269360781,False
18616,-1.34,0.01,0.021765601821243763,False
18617,-1.1,0.01,0.020107897743582726,False
18618,-1.1350000000000002,0.01,0.026917376023318087,False
18619,-1.7149999999999999,0.01,0.03842565417289734,False
18620,-0.5499999999999999,0.01,0.03996109217405319,False
18621,-1.36,0.01,0.024942366406321526,False
18622,-0.08000000000000007,0.01,0.03857901711016894,False
18623,-0.715,0.01,0.016159474849700928,False
18624,-0.84,0.01,0.04623912088572979,False
18625,-0.9500000000000002,0.01,0.02796019831051429,False
18626,-1.3450000000000002,0.01,0.023672728799283504,False
18627,-1.415,0.01,0.02826160906503598,False
18628,-1.3450000000000002,0.01,0.03189579832057158,False
18629,-0.925,0.01,0.09344307333230972,False
18630,-1.2999999999999998,0.01,0.024740122072398663,False
18631,-0.5099999999999999,0.01,0.04813845083117485,False
18632,0.6399999999999999,0.01,0.04382456000894308,False
18633,-1.4100000000000001,0.01,0,False
18634,-1.315,0.01,0.0385703518986702,False
18635,-0.45500000000000007,0.01,0.02913333661854267,False
18636,-2.095,0.01,0.04633745588362217,False
18637,-0.67,0.01,0.033189648762345314,False
18638,-0.805,0.01,0.025246823206543922,False
18639,-1.42,0.01,0.01309596560895443,False
18640,-0.8450000000000001,0.01,0.030425027012825012,False
18641,-0.84,0.01,0.05101056396961212,False
18642,-1.415,0.01,0.030421117320656776,False
18643,0.1649999999999998,0.01,0.026542240753769875,False
18644,-1.545,0.01,0.02159035950899124,False
18645,-1.415,0.01,0.0235951595629255,False
18646,-0.32500000000000007,0.01,0.025574496015906334,False
18647,-0.915,0.01,0.023584582066784304,False
18648,-1.355,0.01,0.017645747711261112,False
18649,-1.065,0.01,0.030921307081977528,False
18650,-1.645,0.01,0.02537473539511363,False
18651,-0.59,0.01,0.02876368872821331,False
18652,-1.805,0.01,0.030584708601236344,False
18653,-0.14000000000000012,0.01,0.023361791856586933,False
18654,-1.0150000000000001,0.01,0.05972543731331825,False
18655,-0.76,0.01,0.034830622375011444,False
18656,-1.5500000000000003,0.01,0.02868526754900813,False
18657,-0.715,0.01,0.014091312885284424,False
18658,-1.1800000000000002,0.01,0.022423777356743814,False
18659,-1.625,0.01,0.029486828794082005,False
18660,-0.5599999999999998,0.01,0.026834937433401745,False
18661,-1.6400000000000001,0.01,0.029565866726140182,False
18662,-0.20999999999999996,0.01,0,False
18663,-1.01,0.01,0.026556994765996933,False
18664,-1.115,0.01,0.032399989664554596,False
18665,-1.3650000000000002,0.01,0.04697744268923998,False
18666,-0.4700000000000001,0.01,0.043936741538345814,False
18667,-0.5849999999999997,0.01,0.03708785120397806,False
18668,-1.23,0.01,0.029229733161628246,False
18669,-0.785,0.01,0.029818076640367508,False
18670,-0.8099999999999999,0.01,0.03293587639927864,False
18671,-1.01,0.01,0.02270425483584404,False
18672,-1.125,0.01,0.01476801186800003,False
18673,-1.7550000000000001,0.01,0.03280368850876888,False
18674,0.6850000000000003,0.01,0.020333008840680122,False
18675,-1.01,0.01,0,False
18676,-1.195,0.01,0.02326351311057806,False
18677,-1.5350000000000001,0.01,0.02904671523720026,False
18678,-0.57,0.01,0.029530280269682407,False
18679,-1.53,0.01,0.04378204420208931,False
18680,-1.2850000000000001,0.01,0.03427900498112043,False
18681,-0.52,0.01,0.01277556549757719,False
18682,-1.21,0.01,0.02955559566617012,False
18683,-1.16,0.01,0.02522991644218564,False
18684,-0.625,0.01,0.023643113672733307,False
18685,-2.26,0.01,0.02111790794879198,False
18686,-0.5349999999999997,0.01,0.03688178397715092,False
18687,-0.28000000000000014,0.01,0.03194819539785385,False
18688,-1.23,0.01,0.07165566086769104,False
18689,-1.245,0.01,0.02924598567187786,False
18690,-1.0200000000000002,0.01,0.03977971306691567,False
18691,-1.76,0.01,0.02411450818181038,False
18692,0.77,0.01,0.037238165736198425,False
18693,-1.01,0.01,0.029282458126544952,False
18694,-1.52,0.01,0.03234121948480606,False
18695,-0.74,0.01,0.021073571716745693,False
18696,-0.41000000000000003,0.01,0,False
18697,-1.955,0.01,0.01538510899990797,False
18698,0.9549999999999998,0.01,0.02650621999055147,False
18699,-0.63,0.01,0.015385433565825224,False
18700,-0.9450000000000001,0.01,0.027611795191963513,False
18701,-1.0950000000000002,0.01,0.02554951049387455,False
18702,-1.925,0.01,0.03403859585523605,False
18703,-0.895,0.01,0.01874880716204643,False
18704,-0.735,0.01,0.03577170707285404,False
18705,-1.3650000000000002,0.01,0.03224780255307754,False
18706,-0.835,0.01,0.043226754292845726,False
18707,-0.9200000000000002,0.01,0.0367971220985055,False
18708,-1.31,0.01,0.01669161394238472,False
18709,-0.5399999999999999,0.01,0.039575258269906044,False
18710,-1.2700000000000002,0.01,0.04031360439128346,False
18711,-0.915,0.01,0.03041474148631096,False
18712,-2.165,0.01,0.030288245528936386,False
18713,-0.1349999999999998,0.01,0.023234990425407887,False
18714,-0.7550000000000001,0.01,0.02246386429760605,False
18715,-1.24,0.01,0.04104728624224663,False
18716,-0.92,0.01,0.028688617050647736,False
18717,-1.695,0.01,0.04280886612832546,False
18718,-1.21,0.01,0.02026107329875231,False
18719,-0.9000000000000001,0.01,0.025228860167165596,False
18720,-0.825,0.01,0.1109042838215828,False
18721,-1.31,0.01,0.018035266548395157,False
18722,-0.42000000000000004,0.01,0.02067377232015133,False
18723,-2.1100000000000003,0.01,0.02454291998098294,False
18724,0.7950000000000002,0.01,0.023829510435461998,False
18725,-0.8350000000000001,0.01,0.03798763533788068,False
18726,-1.2,0.01,0.02876158393919468,False
18727,-0.3650000000000001,0.01,0.03097321382827229,False
18728,-1.04,0.01,0.031140446662902832,False
18729,-0.935,0.01,0.02209191443398595,False
18730,-1.53,0.01,0.01504026260226965,False
18731,-0.6449999999999999,0.01,0.02804665919393301,False
18732,-1.115,0.01,0.024277932941913605,False
18733,-0.6950000000000002,0.01,0.029530899226665498,False
18734,-1.35,0.01,0.02207344739387433,False
18735,-1.7850000000000001,0.01,0.034745297161862254,False
18736,-0.14500000000000046,0.01,0.027212129905819893,False
18737,0.06500000000000017,0.01,0.054351551458239555,False
18738,-0.61,0.01,0.05098973587155342,False
18739,-1.7999999999999998,0.01,0.036212680861353874,False
18740,-0.20999999999999996,0.01,0.019561288878321648,False
18741,-1.22,0.01,0.027686070650815964,False
18742,-1.25,0.01,0.032704826444387436,False
18743,-0.925,0.01,0.031692047603428364,False
18744,-1.12,0.01,0.018754765391349792,False
18745,-1.21,0.01,0.05068638175725937,False
18746,-0.42000000000000004,0.01,0.04622049629688263,False
18747,-0.63,0.01,0.02367067290470004,False
18748,-1.25,0.01,0.021761101360122364,False
18749,-0.885,0.01,0.027748906157082982,False
18750,-0.62,0.01,0.016927260905504227,False
18751,-0.865,0.01,0.026235448429360986,False
18752,-1.915,0.01,0.03795909617717067,False
18753,-0.3650000000000001,0.01,0.02355484664440155,False
18754,-1.435,0.01,0.03981851600110531,False
18755,-1.3450000000000002,0.01,0.019110821808377903,False
18756,-0.3400000000000001,0.01,0.02039881143718958,False
18757,-1.5350000000000001,0.01,0.027875706553459167,False
18758,-0.71,0.01,0.02473754622042179,False
18759,-1.6250000000000004,0.01,0.02802620433448326,False
18760,-1.175,0.01,0.04634716082364321,False
18761,-1.0750000000000002,0.01,0.025981389606992405,False
18762,-1.9500000000000002,0.01,0.029575994859139126,False
18763,0.03500000000000014,0.01,0.03872685041278601,False
18764,-1.3450000000000002,0.01,0.020247406459280422,False
18765,-1.2600000000000002,0.01,0.05035702511668205,False
18766,-0.82,0.01,0.03260190971195698,False
18767,-0.9299999999999999,0.01,0.027201633900403976,False
18768,-0.825,0.01,0.02843099646270275,False
18769,-1.2900000000000003,0.01,0.04906847570091486,False
18770,-2.125,0.01,0.01924886057774226,False
18771,0.014999999999999902,0.01,0.024703513272106646,False
18772,-1.145,0.01,0.04910324513912201,False
18773,-1.125,0.01,0.03159373067319393,False
18774,-0.8099999999999999,0.01,0,False
18775,-1.7650000000000003,0.01,0.02719217705141221,False
18776,-1.55,0.01,0.05471032174925009,False
18777,-0.9649999999999999,0.01,0.03544673199454943,False
18778,-0.565,0.01,0.02410472510382533,False
18779,-1.6800000000000002,0.01,0.025813313201069832,False
18780,-0.345,0.01,0.05619575269520283,False
18781,0.07499999999999996,0.01,0.020980127155780792,False
18782,-2.1950000000000003,0.01,0.04176835250109434,False
18783,-1.235,0.01,0.04529736936092377,False
18784,-0.2799999999999998,0.01,0.031536136753857136,False
18785,-0.30999999999999994,0.01,0.01734623685479164,False
18786,-1.2750000000000001,0.01,0.03392011346295476,False
18787,-1.8200000000000003,0.01,0.03644992286960284,False
18788,-1.7650000000000001,0.01,0.0271894377656281,False
18789,0.76,0.01,0.03272636793553829,False
18790,-1.5750000000000002,0.01,0.02339829711450471,False
18791,-0.625,0.01,0.03154260292649269,False
18792,-1.05,0.01,0.02862701192498207,False
18793,-2.5,0.01,0.023101426661014557,False
18794,0.27000000000000024,0.01,0.022980382665991783,False
18795,-1.4300000000000002,0.01,0.018088302575051785,False
18796,-1.775,0.01,0.03304220107384026,False
18797,-0.020000000000000018,0.01,0.03557267598807812,False
18798,-2.31,0.01,0.039933607913553715,False
18799,-0.9749999999999998,0.01,0.03214430436491966,False
18800,-0.53,0.01,0.017493017949163914,False
18801,-1.3050000000000002,0.01,0.03419433897361159,False
18802,-1.145,0.01,0.041595915953318276,False
18803,-0.36,0.01,0.03830471200247606,False
18804,-1.865,0.01,0.02975551155395806,False
18805,0.02499999999999991,0.01,0.028076547663658857,False
18806,-1.9649999999999999,0.01,0.03695741854608059,False
18807,-0.22499999999999998,0.01,0.04532342962920666,False
18808,-2.36,0.01,0.030825587610403698,False
18809,0.13000000000000012,0.01,0.02537626400589943,False
18810,-1.175,0.01,0.024919898714870214,False
18811,-1.4100000000000001,0.01,0,False
18812,-1.74,0.01,0.034668246284127235,False
18813,0.135,0.01,0.03068462759256363,False
18814,-1.1300000000000001,0.01,0.016000645700842142,False
18815,-0.9850000000000002,0.01,0.03493865625932813,False
18816,-1.9200000000000002,0.01,0.04578876029700041,False
18817,-1.6099999999999999,0.01,0.02749950662255287,False
18818,-0.2649999999999999,0.01,0.0267863217741251,False
18819,-1.09,0.01,0.040581274032592776,False
18820,-0.3750000000000001,0.01,0.041722098365426064,False
18821,-1.35,0.01,0.04117213189601898,False
18822,-1.03,0.01,0.044652001932263374,False
18823,-1.045,0.01,0.028218706448872883,False
18824,-1.115,0.01,0.016552742570638657,False
18825,-1.4,0.01,0.021305864676833153,False
18826,-0.94,0.01,0.04333757422864437,False
18827,-1.88,0.01,0.03089505061507225,False
18828,-0.020000000000000018,0.01,0.03548659756779671,False
18829,-0.71,0.01,0,False
18830,-1.24,0.01,0.02631898658970992,False
18831,-1.42,0.01,0.022390160709619522,False
18832,-0.91,0.01,0.02093225158751011,False
18833,-1.34,0.01,0.024962964467704296,False
18834,-0.7499999999999999,0.01,0.046505413949489594,False
18835,-0.71,0.01,0,False
18836,-1.935,0.01,0.032746605042900355,False
18837,-0.6649999999999999,0.01,0.027994966600090265,False
18838,-0.5150000000000001,0.01,0.03290545288473368,False
18839,-2.2800000000000002,0.01,0.03455797769129276,False
18840,-0.22499999999999998,0.01,0.05014500208199024,False
18841,-0.935,0.01,0.019555751234292984,False
18842,-1.165,0.01,0.034990278421901166,False
18843,-1.6099999999999999,0.01,0.032293498516082764,False
18844,-0.44499999999999995,0.01,0.033575765788555145,False
18845,-0.92,0.01,0.027038201689720154,False
18846,-0.9199999999999999,0.01,0.023769041523337364,False
18847,-0.8300000000000001,0.01,0.040022946894168854,False
18848,-1.975,0.01,0.03489569574594498,False
18849,-1.2850000000000001,0.01,0.026719614966875978,False
18850,0.1299999999999999,0.01,0.026237591169774532,False
18851,-0.6549999999999999,0.01,0.024545883138974506,False
18852,-0.925,0.01,0.025442933663725853,False
18853,-0.8800000000000001,0.01,0.05126750096678734,False
18854,-2.01,0.01,0.039349401059250035,False
18855,-0.30999999999999994,0.01,0,False
18856,-1.4100000000000001,0.01,0.023396003991365433,False
18857,0.5049999999999999,0.01,0.02804146856069565,False
18858,-1.67,0.01,0.034959856886416674,False
18859,-0.8800000000000001,0.01,0.042247829493135214,False
18860,-0.91,0.01,0.0601748451590538,False
18861,-1.23,0.01,0.04712746664881706,False
18862,-2.45,0.01,0.028843538835644722,False
18863,0.3800000000000001,0.01,0.035292480140924454,False
18864,-0.7399999999999999,0.01,0.019909665919840336,False
18865,-1.54,0.01,0.035900654271245,False
18866,-1.905,0.01,0.03023818725099166,False
18867,1.1949999999999998,0.01,0.012350127100944519,False
18868,-1.12,0.01,0.02316887304186821,False
18869,-0.895,0.01,0.03339093551039696,False
18870,-0.6950000000000002,0.01,0.03983309529721737,False
18871,-0.91,0.01,0.017379358410835266,False
18872,-0.5050000000000001,0.01,0.0256529925391078,False
18873,-1.08,0.01,0.049681241437792775,False
18874,-1.7349999999999999,0.01,0.0322569627314806,False
18875,-0.635,0.01,0.014757103752344847,False
18876,-1.04,0.01,0.034379714634269476,False
18877,-1.99,0.01,0.016338775120675563,False
18878,-0.6199999999999997,0.01,0.029345809792478878,False
18879,-1.87,0.01,0.02515551509956519,False
18880,0.42500000000000004,0.01,0.025805427071948845,False
18881,-2.255,0.01,0.05667308298870921,False
18882,0.0900000000000003,0.01,0,False
18883,-1.9300000000000002,0.01,0.022747550026646683,False
18884,0.6799999999999999,0.01,0.03767472133040428,False
18885,-1.03,0.01,0.02637021616101265,False
18886,-1.32,0.01,0.06353849545121193,False
18887,-1.455,0.01,0.033397856866940856,False
18888,-1.03,0.01,0.032704961796601616,False
18889,-0.63,0.01,0.03268707916140556,False
18890,-1.02,0.01,0.0182825718075037,False
18891,-1.4050000000000002,0.01,0.031217695213854313,False
18892,-1.445,0.01,0.018905275501310825,False
18893,-1.01,0.01,0.037166205855707325,False
18894,-0.98,0.01,0.02471298212185502,False
18895,0.16500000000000004,0.01,0.039203497930429876,False
18896,-0.9800000000000001,0.01,0.028332233661785722,False
18897,-1.0350000000000001,0.01,0.035866498947143555,False
18898,-0.855,0.01,0.02699946736296018,False
18899,-1.945,0.01,0.02472566906362772,False
18900,-0.825,0.01,0.03235667385160923,False
18901,-0.10000000000000009,0.01,0.049723634123802186,False
18902,-0.32999999999999996,0.01,0.02163468999788165,False
18903,-1.1450000000000002,0.01,0.019299097048739593,False
18904,-1.255,0.01,0.06261354809006055,False
18905,-1.46,0.01,0.02597704529762268,False
18906,-0.1100000000000001,0.01,0.03263348635906974,False
18907,-0.8999999999999999,0.01,0.02027008906006813,False
18908,-0.43500000000000016,0.01,0.04419841883437974,False
18909,-0.5050000000000001,0.01,0.034061871469020844,False
18910,-0.825,0.01,0.02635260671377182,False
18911,-1.1550000000000002,0.01,0.037654710647005304,False
18912,-1.9649999999999999,0.01,0.02557239681482315,False
18913,-0.51,0.01,0.030019771307706833,False
18914,-1.02,0.01,0.024008408188819885,False
18915,-1.2450000000000003,0.01,0.03766847758864363,False
18916,-1.05,0.01,0.03945170218745867,False
18917,-1.03,0.01,0.015497005078941584,False
18918,-1.3650000000000002,0.01,0.029804278785983723,False
18919,-0.9700000000000002,0.01,0.03206350085222059,False
18920,-0.63,0.01,0.03507782758346626,False
18921,-1.435,0.01,0.035824703983962536,False
18922,-0.79,0.01,0.020158451981842518,False
18923,-1.3800000000000001,0.01,0.03471351880580187,False
18924,-0.7900000000000001,0.01,0.02782672382891178,False
18925,-0.18500000000000005,0.01,0.029548305086791515,False
18926,-1.4100000000000001,0.01,0.037149399518966675,False
18927,-1.24,0.01,0.05436119996011257,False
18928,-0.32500000000000007,0.01,0.03171003609895706,False
18929,-0.4950000000000001,0.01,0.03653631955385208,False
18930,-1.8350000000000002,0.01,0.03261982622955527,False
18931,-0.385,0.01,0.024216408282518385,False
18932,-1.4700000000000002,0.01,0.03826495446264744,False
18933,-0.15500000000000003,0.01,0.03315781429409981,False
18934,-1.81,0.01,0.021991677582263947,False
18935,-1.495,0.01,0.03843935951590538,False
18936,-1.05,0.01,0.037825364619493484,False
18937,-0.31999999999999995,0.01,0.030185770243406296,False
18938,-1.6700000000000002,0.01,0.028542739132212266,False
18939,0.125,0.01,0.04046484688296914,False
18940,-0.20999999999999996,0.01,0.020005173981189728,False
18941,-2.2,0.01,0.02773801051080227,False
18942,-1.035,0.01,0.031118417158722878,False
18943,-0.45999999999999974,0.01,0.019296140410006046,False
18944,-0.71,0.01,0.018500884994864464,False
18945,-2.0700000000000003,0.01,0.045850261580199,False
18946,-0.5249999999999999,0.01,0.014203228987753391,False
18947,-0.52,0.01,0.036680661141872406,False
18948,-0.99,0.01,0.04857533983886242,False
18949,-1.03,0.01,0.03683872427791357,False
18950,-1.2850000000000004,0.01,0.03451910130679607,False
18951,-1.2550000000000001,0.01,0.02487143874168396,False
18952,-1.125,0.01,0.03393826292206844,False
18953,-0.715,0.01,0.013355598784983158,False
18954,-1.73,0.01,0.04149835929274559,False
18955,-1.62,0.01,0.04241164090732733,False
18956,-0.46999999999999975,0.01,0.05776660796254873,False
18957,-1.4500000000000002,0.01,0.022143039852380753,False
18958,-0.95,0.01,0.024957530200481415,False
18959,-0.855,0.01,0.02156106464099139,False
18960,-0.3800000000000002,0.01,0.03097579376772046,False
18961,-1.04,0.01,0.03851854428648949,False
18962,-1.47,0.01,0.04268777370452881,False
18963,0.06000000000000005,0.01,0.0688980221748352,False
18964,-1.415,0.01,0.03718276694417,False
18965,-0.3400000000000001,0.01,0.034334306294719376,False
18966,-0.44000000000000006,0.01,0.027864396572113037,False
18967,-1.58,0.01,0.03485041996464133,False
18968,-1.295,0.01,0.02029486820101738,False
18969,-0.25,0.01,0.04154836821059386,False
18970,-2.855,0.01,0.023963696012894314,False
18971,0.7650000000000001,0.01,0.04419737495481968,False
18972,-1.4100000000000004,0.01,0.01777703780680895,False
18973,-1.0450000000000002,0.01,0.024163424968719482,False
18974,-0.5700000000000001,0.01,0.03773121163249016,False
18975,-1.6800000000000002,0.01,0.02547365939244628,False
18976,-0.5800000000000001,0.01,0.025216273497790098,False
18977,-2.1550000000000002,0.01,0.02911005603770415,False
18978,-0.58,0.01,0.032899361848831174,False
18979,-1.225,0.01,0.021718131378293037,False
18980,-0.5399999999999999,0.01,0.026819536462426186,False
18981,-1.31,0.01,0.05887562781572342,False
18982,-1.35,0.01,0.02300888920823733,False
18983,0.9300000000000002,0.01,0.034476601518690586,False
18984,-2.17,0.01,0.04326743549770779,False
18985,-1.635,0.01,0.027933333534747362,False
18986,-0.9849999999999998,0.01,0.028092388529330492,False
18987,0.15500000000000025,0.01,0.015669692618151505,False
18988,-1.4050000000000002,0.01,0.03828289695084095,False
18989,-1.69,0.01,0.020190054550766945,False
18990,0.3599999999999999,0.01,0.021698318421840668,False
18991,-1.75,0.01,0.017078903193275135,False
18992,-1.685,0.01,0.03084650283886327,False
18993,-1.355,0.01,0.03140266084422668,False
18994,-0.13999999999999968,0.01,0.03353726118803024,False
18995,-0.9850000000000001,0.01,0.020539657212793827,False
18996,-0.935,0.01,0.023730598390102386,False
18997,-1.31,0.01,0.040046464651823044,False
18998,-1.7700000000000002,0.01,0.035339828270177044,False
18999,-1.38,0.01,0.03008406748995185,False
19000,0.395,0.01,0.025895652920007707,False
19001,-1.915,0.01,0.02819332480430603,False
19002,-1.7349999999999999,0.01,0.018750103190541267,False
19003,-0.21999999999999997,0.01,0.053148094564676285,False
19004,-1.55,0.01,0.0401308536529541,False
19005,-0.7699999999999999,0.01,0.037051519844681025,False
19006,-0.5050000000000001,0.01,0.023607046343386173,False
19007,-2.16,0.01,0.031755875796079636,False
19008,-0.7249999999999999,0.01,0.02616994082927704,False
19009,-0.6550000000000001,0.01,0.02998628723435104,False
19010,-1.635,0.01,0.022791181225329638,False
19011,-0.020000000000000018,0.01,0.02567085064947605,False
19012,-1.52,0.01,0.04015161469578743,False
19013,-1.74,0.01,0.021966281346976757,False
19014,0.29000000000000026,0.01,0.06026649475097656,False
19015,-1.11,0.01,0.03760362587248286,False
19016,-1.85,0.01,0.03351198323071003,False
19017,-0.5650000000000001,0.01,0.036379787139594555,False
19018,-0.9299999999999999,0.01,0.018734865821897984,False
19019,-1.65,0.01,0.013456935063004494,False
19020,-1.26,0.01,0.04603398218750954,False
19021,0.08999999999999986,0.01,0.03758999891579151,False
19022,-2.715,0.01,0.039810686837881804,False
19023,0.625,0.01,0.04420550260692835,False
19024,-1.42,0.01,0.02292198222130537,False
19025,-1.3650000000000002,0.01,0.045176749428113304,False
19026,-2.135,0.01,0.043294298595615795,False
19027,-0.030000000000000027,0.01,0.05924053117632866,False
19028,-1.3450000000000002,0.01,0.03285481400477389,False
19029,-0.845,0.01,0.026543674990534782,False
19030,-1.3850000000000002,0.01,0.02266252925619483,False
19031,-0.040000000000000036,0.01,0.03059982384244601,False
19032,-1.36,0.01,0.023386851884424686,False
19033,-0.96,0.01,0.035234508104622364,False
19034,-0.795,0.01,0.02938301246613264,False
19035,-1.11,0.01,0.02310256597896417,False
19036,-1.67,0.01,0.02762877708300948,False
19037,-0.7549999999999999,0.01,0.030381437701483566,False
19038,-0.8099999999999998,0.01,0.019067648022125166,False
19039,-0.5650000000000001,0.01,0.02639521968861421,False
19040,-1.5350000000000001,0.01,0.03760497085750103,False
19041,-1.085,0.01,0.030456039309501647,False
19042,-1.0150000000000001,0.01,0.031026870012283325,False
19043,-0.865,0.01,0.03669703875978788,False
19044,-1.52,0.01,0.02253110148012638,False
19045,-1.025,0.01,0.05555782467126846,False
19046,-0.95,0.01,0.029215076006948948,False
19047,-0.725,0.01,0.04402940720319748,False
19048,-1.31,0.01,0.02898125583305955,False
19049,-1.12,0.01,0.09918863326311111,False
19050,-0.84,0.01,0.025459127500653267,False
19051,-1.44,0.01,0.037797526766856514,False
19052,-0.16000000000000025,0.01,0.03567155020741316,False
19053,-2.3200000000000003,0.01,0.031068951667596895,False
19054,-1.235,0.01,0.03914600145071745,False
19055,-0.46999999999999975,0.01,0.04414626583456993,False
19056,-0.21999999999999997,0.01,0.01715087890625,False
19057,-1.2850000000000001,0.01,0.03062346447259188,False
19058,-1.96,0.01,0.04157549887895584,False
19059,-0.835,0.01,0.03528094637606825,False
19060,-1.11,0.01,0.050466388463974,False
19061,-1.4500000000000002,0.01,0.03176289610564709,False
19062,-0.71,0.01,0.02078825794160366,False
19063,-1.02,0.01,0.025156131014227867,False
19064,-0.3750000000000001,0.01,0.023197278380393982,False
19065,-1.8050000000000002,0.01,0.02775986089060704,False
19066,-0.08000000000000018,0.01,0.027038373984396458,False
19067,-1.125,0.01,0.030052792746573687,False
19068,-1.8900000000000001,0.01,0.034506112802773714,False
19069,0.19999999999999973,0.01,0.04209552053362131,False
19070,-0.7200000000000001,0.01,0.03690807707607746,False
19071,-1.6600000000000001,0.01,0.024150777608156204,False
19072,-0.62,0.01,0.047844015061855316,False
19073,-1.645,0.01,0.039058197289705276,False
19074,-0.865,0.01,0.03526327945291996,False
19075,-1.54,0.01,0.01890469156205654,False
19076,-0.7449999999999999,0.01,0.01771078258752823,False
19077,-1.4,0.01,0.02859649108722806,False
19078,-1.025,0.01,0.028096981346607208,False
19079,-1.245,0.01,0.03976911609061062,False
19080,-0.92,0.01,0.013123717159032822,False
19081,0.7949999999999999,0.01,0.033976003527641296,False
19082,-1.0650000000000002,0.01,0.01867743209004402,False
19083,-0.665,0.01,0.03786165779456496,False
19084,-2.045,0.01,0.03141337353736162,False
19085,-0.765,0.01,0.034635495860129595,False
19086,-1.09,0.01,0.02485398156568408,False
19087,-0.71,0.01,0.015484562143683434,False
19088,-0.815,0.01,0.031209496781229973,False
19089,-1.46,0.01,0.02418575808405876,False
19090,-1.245,0.01,0.03717714548110962,False
19091,-0.615,0.01,0.05356774479150772,False
19092,-1.95,0.01,0.03593877702951431,False
19093,-0.24999999999999978,0.01,0.04086434096097946,False
19094,0.2650000000000001,0.01,0.026477201531330746,False
19095,-1.84,0.01,0.03649630397558212,False
19096,-0.5349999999999999,0.01,0.03504133224487305,False
19097,-0.83,0.01,0.02460108930245042,False
19098,-1.75,0.01,0.042505187913775444,False
19099,-0.775,0.01,0.0369492257013917,False
19100,-1.3800000000000001,0.01,0.031002112478017808,False
19101,-0.245,0.01,0.025957537814974785,False
19102,-1.75,0.01,0.026737291598692536,False
19103,-1.0950000000000002,0.01,0.027566072717308997,False
19104,-0.745,0.01,0.04474066384136677,False
19105,-0.8600000000000001,0.01,0.042792619516452156,False
19106,-1.6350000000000002,0.01,0.02866935543715954,False
19107,0.2649999999999999,0.01,0.040206240490078926,False
19108,-0.745,0.01,0.03529395287235578,False
19109,-0.14,0.01,0.023660077713429928,False
19110,-1.195,0.01,0.04311429858207703,False
19111,-1.42,0.01,0.028999434784054756,False
19112,-1.025,0.01,0.040395669639110565,False
19113,-0.21999999999999997,0.01,0.053076330572366714,False
19114,-1.435,0.01,0.033846395555883646,False
19115,-1.02,0.01,0.02685629390180111,False
19116,-1.11,0.01,0.011858580633997917,False
19117,-1.355,0.01,0.03144268970936537,False
19118,-1.235,0.01,0.01725227665156126,False
19119,-1.27,0.01,0.03045802703127265,False
19120,-0.42000000000000004,0.01,0.013579679653048515,False
19121,-0.8050000000000002,0.01,0.028473549429327248,False
19122,-1.6550000000000002,0.01,0.025330799942215283,False
19123,-0.43500000000000005,0.01,0.03263034112751484,False
19124,-1.5550000000000002,0.01,0.03469638153910637,False
19125,-0.75,0.01,0.03482236278553804,False
19126,-2.31,0.01,0.03314957410718004,False
19127,-0.33499999999999996,0.01,0.03261196240782738,False
19128,-0.615,0.01,0.057483281940221786,False
19129,-1.5900000000000003,0.01,0.038242457807064055,False
19130,-1.375,0.01,0.025682273786514997,False
19131,-0.32999999999999996,0.01,0.01903717592358589,False
19132,-1.3250000000000002,0.01,0.0473457295447588,False
19133,-1.8,0.01,0.04623223729431629,False
19134,-0.31999999999999995,0.01,0.03890383988618851,False
19135,-0.4800000000000001,0.01,0.042530907317996025,False
19136,-1.4300000000000002,0.01,0.01406999584287405,False
19137,-0.76,0.01,0.022579910000786185,False
19138,-1.605,0.01,0.03147374987602234,False
19139,-0.585,0.01,0.02823839783668518,False
19140,-0.6449999999999999,0.01,0.05212791822850704,False
19141,-0.815,0.01,0.028849216178059578,False
19142,-1.3650000000000002,0.01,0.03623517323285341,False
19143,-1.025,0.01,0.057091522961854935,False
19144,-0.61,0.01,0.05215154215693474,False
19145,-0.66,0.01,0.032913840686281524,False
19146,-1.645,0.01,0.0424810436864694,False
19147,-1.025,0.01,0.04243836924433708,False
19148,-0.83,0.01,0.04882855713367462,False
19149,-1.0650000000000004,0.01,0.02576560340821743,False
19150,0.15500000000000003,0.01,0.041403984650969505,False
19151,-1.0850000000000002,0.01,0.03670488372445106,False
19152,-1.6,0.01,0.03902059607207775,False
19153,-0.915,0.01,0.04195405915379524,False
19154,-1.525,0.01,0.03669100906699896,False
19155,-0.31499999999999995,0.01,0.020574912428855896,False
19156,-1.4600000000000002,0.01,0.02124067892630895,False
19157,-0.7850000000000003,0.01,0.03971223123371601,False
19158,-0.375,0.01,0.03499879501760006,False
19159,-0.725,0.01,0.015854952856898308,False
19160,-0.61,0.01,0.03642693907022476,False
19161,-1.11,0.01,0.02411515638232231,False
19162,-1.955,0.01,0.026170202841361363,False
19163,-1.16,0.01,0.026165277386705082,False
19164,-0.8699999999999999,0.01,0.03642767947167158,False
19165,-0.8599999999999999,0.01,0.01842775009572506,False
19166,-0.45000000000000007,0.01,0.03487847248713175,False
19167,-1.2000000000000002,0.01,0.037221434712409976,False
19168,-1.01,0.01,0.012636123225092888,False
19169,-1.5,0.01,0.021312240138649942,False
19170,-0.82,0.01,0.051131196320056915,False
19171,-1.23,0.01,0.03166412189602852,False
19172,-0.765,0.01,0.03551288073261579,False
19173,-1.1600000000000001,0.01,0.027052663266658783,False
19174,-1.375,0.01,0.020563268568366766,False
19175,-1.01,0.01,0,False
19176,-0.9649999999999999,0.01,0.03015535045415163,False
19177,-1.0799999999999998,0.01,0.03005036571994424,False
19178,-1.0450000000000002,0.01,0.025725901126861572,False
19179,-0.8300000000000001,0.01,0.027414746737728517,False
19180,-1.44,0.01,0.019113438824812572,False
19181,-1.42,0.01,0.014178719371557236,False
19182,-1.07,0.01,0.03196253544754452,False
19183,-0.41999999999999993,0.01,0.029514096677303314,False
19184,-1.21,0.01,0.02415170893073082,False
19185,-1.4100000000000001,0.01,0,False
19186,-0.475,0.01,0.02967951912432909,False
19187,-1.77,0.01,0.026898926589637995,False
19188,-0.009999999999999787,0.01,0.016507510095834732,False
19189,-0.5100000000000002,0.01,0.03065711319107901,False
19190,-1.725,0.01,0.04277550724024574,False
19191,-0.855,0.01,0.03719413032134374,False
19192,-1.465,0.01,0.026676334906369448,False
19193,-1.605,0.01,0.030557681061327457,False
19194,0.4550000000000003,0.01,0.020026927813887596,False
19195,-2.05,0.01,0.029190630341569584,False
19196,-0.6449999999999999,0.01,0.026661742478609085,False
19197,-0.865,0.01,0.032230865908786654,False
19198,-0.92,0.01,0.019047820940613747,False
19199,-1.51,0.01,0.024190306663513184,False
19200,-0.95,0.01,0.028564652893692255,False
19201,-0.32999999999999996,0.01,0.025403164327144623,False
19202,-1.815,0.01,0.010706732049584389,False
19203,-0.2450000000000001,0.01,0.026388025532166164,False
19204,-1.995,0.01,0.03761688265949488,False
19205,0.9750000000000001,0.01,0.05042286962270737,False
19206,-1.7400000000000002,0.01,0.03188882333536943,False
19207,-0.9450000000000001,0.01,0.034583311794059615,False
19208,-1.1800000000000002,0.01,0.03427877835929394,False
19209,-1.12,0.01,0.02514807414263487,False
19210,-0.515,0.01,0.04339642822742462,False
19211,-1.1600000000000001,0.01,0.026841317303478718,False
19212,-2.215,0.01,0.040209690729777016,False
19213,-1.3649999999999998,0.01,0.01750510899970929,False
19214,0.16999999999999993,0.01,0.01539683435112238,False
19215,-1.4300000000000002,0.01,0.030638957396149635,False
19216,-0.66,0.01,0.04877558226386706,False
19217,-0.69,0.01,0.04065283238887787,False
19218,-1.085,0.01,0.037437194027006626,False
19219,-1.155,0.01,0.036572959274053574,False
19220,-0.7149999999999999,0.01,0.038658316646303446,False
19221,-0.385,0.01,0.024225672474130988,False
19222,-2.0250000000000004,0.01,0.036855749785900116,False
19223,-1.0350000000000001,0.01,0.02612475026398897,False
19224,-0.5549999999999999,0.01,0.04668228514492512,False
19225,-0.6150000000000001,0.01,0.030633199028670788,False
19226,-1.235,0.01,0.04556066542863846,False
19227,-1.0400000000000003,0.01,0.03254300196255956,False
19228,-1.2650000000000001,0.01,0.036854115004340805,False
19229,-1.69,0.01,0.037048467248678205,False
19230,-1.02,0.01,0.03853107678393523,False
19231,-0.07499999999999996,0.01,0.029583652038127184,False
19232,-1.6099999999999999,0.01,0.03524239361286163,False
19233,-1.225,0.01,0.04882652685046196,False
19234,-0.33499999999999996,0.01,0.039115150924772024,False
19235,-1.42,0.01,0.047160789370536804,False
19236,0.3149999999999997,0.01,0.028675808757543563,False
19237,-1.54,0.01,0.02090531587600708,False
19238,-0.9299999999999999,0.01,0.04102774057537317,False
19239,-0.63,0.01,0.042837485671043396,False
19240,-1.175,0.01,0.02224821923300624,False
19241,-1.19,0.01,0.04184514507651329,False
19242,-2.38,0.01,0.03764980938285589,False
19243,0.2450000000000001,0.01,0.03142858234544595,False
19244,-1.3450000000000002,0.01,0.05450671911239624,False
19245,-0.935,0.01,0.020627400372177362,False
19246,-1.295,0.01,0.028409059345722198,False
19247,-0.42000000000000004,0.01,0.08381204307079315,False
19248,-2.365,0.01,0.042633180506527424,False
19249,-0.04500000000000004,0.01,0.04273994639515877,False
19250,-0.61,0.01,0.03898584842681885,False
19251,-0.14500000000000002,0.01,0.037206203366319336,False
19252,-1.135,0.01,0.018517195247113705,False
19253,-0.9400000000000001,0.01,0.05383012071251869,False
19254,-1.215,0.01,0.029523289762437344,False
19255,-1.51,0.01,0.03415697440505028,False
19256,-0.41000000000000003,0.01,0,False
19257,-1.8550000000000002,0.01,0.04155797941180376,False
19258,-0.6149999999999999,0.01,0.019198061898350716,False
19259,-1.44,0.01,0.040461743250489235,False
19260,-1.7650000000000001,0.01,0.029180852696299553,False
19261,-0.015000000000000013,0.01,0.03740281984210014,False
19262,0.22999999999999998,0.01,0.04491903446614742,False
19263,-1.685,0.01,0.035084639489650724,False
19264,-1.58,0.01,0.03527182899415493,False
19265,-0.12,0.01,0.04531010240316391,False
19266,-1.23,0.01,0.011949537321925163,False
19267,-1.52,0.01,0.02453746274113655,False
19268,-0.615,0.01,0.06302854418754578,False
19269,-1.465,0.01,0.03252149373292923,False
19270,-0.10999999999999999,0.01,0,False
19271,-1.33,0.01,0.02069444116204977,False
19272,-1.42,0.01,0.022097337990999222,False
19273,-0.31999999999999995,0.01,0.016462107188999653,False
19274,-0.11499999999999999,0.01,0.014856439083814621,False
19275,-2.0,0.01,0.030646995455026627,False
19276,-0.86,0.01,0.02606559917330742,False
19277,-0.865,0.01,0.02991538541391492,False
19278,-0.5350000000000001,0.01,0.031630879401096275,False
19279,-1.0050000000000001,0.01,0.036400999535213814,False
19280,-1.625,0.01,0.029575582593679428,False
19281,-0.18500000000000005,0.01,0.04948030039668083,False
19282,-1.6400000000000001,0.01,0.0381962563842535,False
19283,-0.8449999999999999,0.01,0.017799193039536476,False
19284,-0.925,0.01,0.043159881606698036,False
19285,-1.505,0.01,0.02632118370383978,False
19286,-0.625,0.01,0.02592586539685726,False
19287,-0.77,0.01,0.03636326361447573,False
19288,-0.92,0.01,0.020078346133232117,False
19289,-2.0650000000000004,0.01,0.04062013980001211,False
19290,-0.32999999999999996,0.01,0.023543478921055794,False
19291,-1.405,0.01,0.0355711259568731,False
19292,-1.25,0.01,0.020426366478204727,False
19293,-0.015000000000000013,0.01,0.01670227013528347,False
19294,-1.6600000000000001,0.01,0.0740030026063323,False
19295,-0.9850000000000001,0.01,0.03203452751040459,False
19296,-0.815,0.01,0.01787641830742359,False
19297,-1.0550000000000002,0.01,0.02493712306022644,False
19298,-1.5100000000000002,0.01,0.04168430343270302,False
19299,0.6600000000000001,0.01,0.019451802596449852,False
19300,-1.125,0.01,0.01804496580734849,False
19301,-1.3599999999999999,0.01,0.02493727331360181,False
19302,-1.11,0.01,0.02079998515546322,False
19303,-1.02,0.01,0.04750526323914528,False
19304,-1.085,0.01,0.03266713060438633,False
19305,-1.585,0.01,0.06855248287320137,False
19306,-0.24499999999999988,0.01,0.030790842448671658,False
19307,-1.24,0.01,0.03334164712578058,False
19308,-1.4500000000000002,0.01,0.02191619575023651,False
19309,-0.31499999999999995,0.01,0.02492285519838333,False
19310,-1.4650000000000003,0.01,0.033760314186414085,False
19311,-0.4099999999999999,0.01,0.041076935827732086,False
19312,-2.445,0.01,0.04270891472697258,False
19313,-0.02499999999999969,0.01,0.04899575375020504,False
19314,-1.045,0.01,0.05445815809071064,False
19315,-1.215,0.01,0.026614805683493614,False
19316,-0.735,0.01,0.023728388361632824,False
19317,-1.235,0.01,0.03874480351805687,False
19318,-2.4,0.01,0.04322728825112184,False
19319,-0.1549999999999998,0.01,0.04460739903151989,False
19320,-0.4700000000000001,0.01,0.036754041289289795,False
19321,-1.25,0.01,0.034632895762721695,False
19322,1.1700000000000008,0.01,0.028995555958577564,False
19323,-1.615,0.01,0.013910714536905289,False
19324,-0.7449999999999999,0.01,0.03170211426913738,False
19325,-1.3250000000000002,0.01,0.01645781844854355,False
19326,-0.10999999999999999,0.01,0.022456876933574677,False
19327,-1.88,0.01,0.029846743680536747,False
19328,-0.3700000000000001,0.01,0.038435513619333506,False
19329,-1.4650000000000003,0.01,0.03615646390244365,False
19330,-1.0450000000000002,0.01,0.03306221030652523,False
19331,0.20500000000000007,0.01,0.04349242951720953,False
19332,-1.6800000000000002,0.01,0.04518784582614899,False
19333,-1.27,0.01,0.03286179589728514,False
19334,-0.30999999999999994,0.01,0.01767638325691223,False
19335,-1.73,0.01,0.025723353826573918,False
19336,-1.07,0.01,0.025921164080500603,False
19337,-0.845,0.01,0.04368198104202747,False
19338,-1.44,0.01,0.027297336608171463,False
19339,-0.2849999999999999,0.01,0.031622411124408244,False
19340,-1.1400000000000001,0.01,0.03877824544906616,False
19341,-0.83,0.01,0.025729231536388397,False
19342,-1.8900000000000001,0.01,0.03814048543572426,False
19343,-1.97,0.01,0.043226740012566246,False
19344,0.25,0.01,0.026840959675610065,False
19345,-1.0750000000000002,0.01,0.048468347638845444,False
19346,-1.3250000000000002,0.01,0.0506136454641819,False
19347,-0.895,0.01,0.0501985676586628,False
19348,-1.09,0.01,0.034995249938219786,False
19349,-1.01,0.01,0.02423553168773651,False
19350,-1.845,0.01,0.048638018469015755,False
19351,-0.42499999999999993,0.01,0.016513101756572723,False
19352,-0.815,0.01,0.036136604845523834,False
19353,-1.02,0.01,0.012503739446401596,False
19354,-1.2750000000000001,0.01,0.02099640481173992,False
19355,-1.245,0.01,0.028386172528068226,False
19356,-0.22499999999999998,0.01,0.01699138432741165,False
19357,-1.21,0.01,0.03544507548213005,False
19358,-1.37,0.01,0.0367743547540158,False
19359,-0.62,0.01,0.020359013229608536,False
19360,-1.025,0.01,0.0464054848998785,False
19361,-1.31,0.01,0,False
19362,-0.2650000000000001,0.01,0.03379732556641102,False
19363,-1.025,0.01,0.04024079628288746,False
19364,-0.72,0.01,0.06379445642232895,False
19365,-0.95,0.01,0.04963355573515097,False
19366,-1.715,0.01,0.03060713006804387,False
19367,-0.31499999999999995,0.01,0.047605350613594055,False
19368,-0.31000000000000005,0.01,0.05042008310556412,False
19369,-1.7349999999999999,0.01,0.04712688457220793,False
19370,-1.62,0.01,0.036111184480515396,False
19371,0.2500000000000002,0.01,0.02818109778066476,False
19372,-1.1300000000000001,0.01,0.06015722453594208,False
19373,-1.79,0.01,0.030760828964412214,False
19374,-1.23,0.01,0.03378523141145706,False
19375,-0.27,0.01,0.019289768766611814,False
19376,-1.3250000000000002,0.01,0.010896699503064156,False
19377,-0.71,0.01,0.07350101321935654,False
19378,-0.8650000000000001,0.01,0.035724496158460774,False
19379,-1.955,0.01,0.03211592312436551,False
19380,-0.56,0.01,0.02398038236424327,False
19381,-1.475,0.01,0.027505899779498577,False
19382,-0.7899999999999999,0.01,0.02651112712919712,False
19383,-1.0550000000000002,0.01,0.033252968763311706,False
19384,-1.475,0.01,0.02339872717857361,False
19385,-0.20999999999999996,0.01,0.029955465346574783,False
19386,-1.525,0.01,0.03763383533805609,False
19387,-0.71,0.01,0,False
19388,-0.7399999999999999,0.01,0.04407270501057307,False
19389,-1.185,0.01,0.02079051360487938,False
19390,-0.605,0.01,0.03123602643609047,False
19391,-1.12,0.01,0.05054584890604019,False
19392,-0.7549999999999999,0.01,0.023707667055229347,False
19393,-1.35,0.01,0.02331218682229519,False
19394,-0.545,0.01,0.026927308179438114,False
19395,-1.37,0.01,0.027219929732382298,False
19396,0.18500000000000028,0.01,0.058350175619125366,False
19397,-1.11,0.01,0.05234120041131973,False
19398,-1.5150000000000001,0.01,0.041162289679050446,False
19399,-1.035,0.01,0.02646072953939438,False
19400,-0.9700000000000003,0.01,0.03343728158090796,False
19401,-2.06,0.01,0.02095365213851134,False
19402,0.3250000000000002,0.01,0.027913491241633892,False
19403,-1.31,0.01,0.023063775151968002,False
19404,-0.62,0.01,0.029804956167936325,False
19405,-1.01,0.01,0.02560148946940899,False
19406,-1.27,0.01,0.042853040155023336,False
19407,-0.5199999999999999,0.01,0.024117428809404373,False
19408,-1.61,0.01,0.041108641773462296,False
19409,-1.815,0.01,0.0368829487512509,False
19410,0.06500000000000017,0.01,0.01833798922598362,False
19411,-2.2,0.01,0.0360229842364788,False
19412,-0.95,0.01,0.044791944324970245,False
19413,-0.2600000000000001,0.01,0.02355204274257024,False
19414,-1.4100000000000001,0.01,0.022602204233407974,False
19415,-1.12,0.01,0.04502229765057564,False
19416,-0.135,0.01,0.02755696512758732,False
19417,-1.27,0.01,0.05126206483691931,False
19418,-1.335,0.01,0.059786027297377586,False
19419,-1.36,0.01,0.02281622091929118,False
19420,-0.5149999999999999,0.01,0.020556718111038208,False
19421,-1.335,0.01,0.04525361396372318,False
19422,-1.31,0.01,0.05108856471876303,False
19423,-1.24,0.01,0.024691958911716938,False
19424,-0.43500000000000005,0.01,0.031074569959725653,False
19425,-1.245,0.01,0.04061404801905155,False
19426,-1.25,0.01,0.025960613662997883,False
19427,-1.075,0.01,0.031311837024986744,False
19428,-0.44499999999999995,0.01,0.04264413813749949,False
19429,-1.73,0.01,0.05824269354343414,False
19430,-0.845,0.01,0.031262571612993874,False
19431,-0.645,0.01,0.030807774513959885,False
19432,-2.325,0.01,0.01372107258066535,False
19433,-0.6449999999999998,0.01,0.040479556524327824,False
19434,-1.715,0.01,0.042030866568287216,False
19435,-1.585,0.01,0.043092953786253926,False
19436,-0.1599999999999997,0.01,0.021308225269118946,False
19437,-0.02499999999999991,0.01,0.05366397276520729,False
19438,-0.91,0.01,0,False
19439,-1.715,0.01,0.024754023179411888,False
19440,-2.05,0.01,0.025990665579835575,False
19441,-0.04999999999999982,0.01,0.02767171214024226,False
19442,-1.27,0.01,0.028239242266863585,False
19443,-0.125,0.01,0.04862561821937561,False
19444,-1.6150000000000002,0.01,0.01879047602415085,False
19445,-0.835,0.01,0.02383413538336754,False
19446,-0.91,0.01,0.04421386122703552,False
19447,-1.215,0.01,0.025530647486448288,False
19448,-1.4100000000000001,0.01,0.06421591341495514,False
19449,-1.2100000000000002,0.01,0.02364124096930027,False
19450,-0.5149999999999999,0.01,0.026875333860516548,False
19451,-0.96,0.01,0.03348544077016413,False
19452,-1.1800000000000002,0.01,0.03462150157429278,False
19453,-1.6600000000000001,0.01,0.03206309179464976,False
19454,0.06999999999999984,0.01,0.03835371934941837,False
19455,-1.62,0.01,0.04652414470911026,False
19456,-0.7550000000000001,0.01,0.03406042465940118,False
19457,-1.1300000000000001,0.01,0.03629326168447733,False
19458,-1.0550000000000002,0.01,0.030213127844035625,False
19459,-1.5150000000000001,0.01,0.04812648892402649,False
19460,-1.16,0.01,0.05900061751405398,False
19461,-0.07500000000000018,0.01,0.03194701950997114,False
19462,-0.61,0.01,0.04345129430294037,False
19463,-1.65,0.01,0.03438159450888634,False
19464,-0.5549999999999999,0.01,0.03843285826345285,False
19465,-0.52,0.01,0.030199386179447174,False
19466,-2.6950000000000003,0.01,0.028631505370140076,False
19467,0.44999999999999996,0.01,0.029846436033646267,False
19468,-1.465,0.01,0.036148584758241974,False
19469,-1.21,0.01,0.04866211861371994,False
19470,0.5549999999999999,0.01,0.025178503865996998,False
19471,-1.135,0.01,0.0197010301053524,False
19472,-1.865,0.01,0.03736025964220365,False
19473,-0.61,0.01,0.010572707280516624,False
19474,-0.79,0.01,0.028323712944984435,False
19475,-1.31,0.01,0.025827324017882347,False
19476,-1.955,0.01,0.0358020526667436,False
19477,-0.2799999999999998,0.01,0.03412223607301712,False
19478,-0.3750000000000001,0.01,0.023573988117277622,False
19479,-2.05,0.01,0.03940456981460253,False
19480,-0.4,0.01,0.025819391757249833,False
19481,-1.945,0.01,0.01979782897979021,False
19482,-0.1299999999999999,0.01,0.013659827411174774,False
19483,-1.2750000000000004,0.01,0.04679600242525339,False
19484,-1.56,0.01,0.03518284981449445,False
19485,-0.85,0.01,0.03501262329518795,False
19486,-1.225,0.01,0.020630949176847935,False
19487,-0.48,0.01,0.03261055704206228,False
19488,-1.33,0.01,0.027711506001651287,False
19489,-1.32,0.01,0.027587484568357468,False
19490,-0.42499999999999993,0.01,0.03531170263886452,False
19491,-1.845,0.01,0.05973898464192947,False
19492,-0.32499999999999996,0.01,0.017017077654600143,False
19493,-1.245,0.01,0.02829112228937447,False
19494,-0.45000000000000007,0.01,0.026801768069465954,False
19495,-1.995,0.01,0.03250600695610047,False
19496,-0.61,0.01,0,False
19497,-1.73,0.01,0.044245997975979535,False
19498,-0.32500000000000007,0.01,0.014798054471611977,False
19499,-0.925,0.01,0.030588964000344276,False
19500,-1.31,0.01,0.01669890061020851,False
19501,-0.83,0.01,0.033056557178497314,False
19502,-1.345,0.01,0.03357365261763334,False
19503,-0.865,0.01,0.03455071710050106,False
19504,-1.58,0.01,0.033170015551149845,False
19505,-0.23999999999999977,0.01,0.047956448048353195,False
19506,-1.1900000000000002,0.01,0.025675490498542786,False
19507,-1.0450000000000002,0.01,0.01650320179760456,False
19508,-1.9449999999999998,0.01,0.06898918623725574,False
19509,-0.8799999999999999,0.01,0.023814737796783447,False
19510,0.2549999999999999,0.01,0.028699422487989068,False
19511,-0.44500000000000006,0.01,0.03163402318023145,False
19512,-0.8100000000000002,0.01,0.03737869374454021,False
19513,-1.215,0.01,0.04997820407152176,False
19514,-1.51,0.01,0.016342148184776306,False
19515,-0.8200000000000001,0.01,0.02465672604739666,False
19516,-0.82,0.01,0.029615333303809166,False
19517,-1.5250000000000001,0.01,0.029797942688067753,False
19518,-0.5399999999999999,0.01,0.019093498587608337,False
19519,-0.6700000000000002,0.01,0.036516561897264585,False
19520,-1.115,0.01,0.016484931111335754,False
19521,-1.725,0.01,0.051784783601760864,False
19522,-0.49,0.01,0.06230046320706606,False
19523,-1.645,0.01,0.053554308911164604,False
19524,-1.2800000000000002,0.01,0.030116862151771784,False
19525,-0.96,0.01,0.029679435615738232,False
19526,-0.615,0.01,0.05913331359624863,False
19527,-1.1,0.01,0.025824712744603556,False
19528,-0.61,0.01,0,False
19529,-2.16,0.01,0.02459888462908566,False
19530,-0.6449999999999999,0.01,0.09916729107499123,False
19531,-0.54,0.01,0.04907472804188728,False
19532,-2.045,0.01,0.04810194546977679,False
19533,0.24999999999999978,0.01,0.04559726023580879,False
19534,-2.06,0.01,0.021483659744262695,False
19535,-0.5499999999999998,0.01,0.02744349092245102,False
19536,-1.125,0.01,0.023196525871753693,False
19537,-0.835,0.01,0.038117341697216034,False
19538,-1.48,0.01,0.03824866469949484,False
19539,-0.6250000000000001,0.01,0.046390911165092676,False
19540,-1.21,0.01,0.018962159752845764,False
19541,-1.145,0.01,0.04692730028182268,False
19542,-1.11,0.01,0.03545683994889259,False
19543,-0.6499999999999999,0.01,0.02443319434920947,False
19544,-1.645,0.01,0.06912231631577015,False
19545,-0.91,0.01,0.011682451702654362,False
19546,-0.84,0.01,0.06789139658212662,False
19547,-0.4800000000000001,0.01,0.027603729628026485,False
19548,-1.23,0.01,0.025863575749099255,False
19549,-1.625,0.01,0.025772307999432087,False
19550,-0.8349999999999999,0.01,0.01528177596628666,False
19551,-1.21,0.01,0,False
19552,-0.31499999999999995,0.01,0.03373873978853226,False
19553,-1.3650000000000002,0.01,0.04913265397772193,False
19554,-0.9750000000000001,0.01,0.03925214009359479,False
19555,-0.2650000000000001,0.01,0.03881573677062988,False
19556,-0.94,0.01,0.024559366516768932,False
19557,-1.21,0.01,0.0403280071914196,False
19558,-1.035,0.01,0.026991328224539757,False
19559,-0.815,0.01,0.05618448182940483,False
19560,-1.135,0.01,0.0392552288249135,False
19561,-1.01,0.01,0,False
19562,-0.61,0.01,0.012397242709994316,False
19563,-1.12,0.01,0.038739461451768875,False
19564,-1.645,0.01,0.02848232537508011,False
19565,-0.925,0.01,0.019743334501981735,False
19566,-1.31,0.01,0.024920348078012466,False
19567,-1.5849999999999995,0.01,0.05095558576285839,False
19568,0.2400000000000002,0.01,0.022580822308858235,False
19569,-0.4700000000000002,0.01,0.03862495068460703,False
19570,-1.78,0.01,0.028461740869614813,False
19571,-0.5499999999999999,0.01,0.03078099898993969,False
19572,-0.9450000000000001,0.01,0.029079681262373924,False
19573,-1.5150000000000001,0.01,0.041254554875195026,False
19574,-0.525,0.01,0.02678726054728031,False
19575,-1.2700000000000002,0.01,0.034138549651418416,False
19576,-1.25,0.01,0.041276900097727776,False
19577,-1.27,0.01,0.03445693105459213,False
19578,-1.545,0.01,0.034810082404874265,False
19579,-0.4850000000000001,0.01,0.03796363389119506,False
19580,-0.75,0.01,0.03930839834113916,False
19581,-0.865,0.01,0.0399066973477602,False
19582,-1.9450000000000003,0.01,0.03327945634149588,False
19583,-0.51,0.01,0.06706833839416504,False
19584,-1.635,0.01,0.024524521082639694,False
19585,-0.77,0.01,0.04875275492668152,False
19586,-2.27,0.01,0.05678358068689704,False
19587,-0.009999999999999787,0.01,0.019520150497555733,False
19588,-0.5099999999999999,0.01,0.03507969528436661,False
19589,-1.025,0.01,0.02920587547123432,False
19590,-1.7200000000000002,0.01,0.01577012613415718,False
19591,-0.925,0.01,0.03229503918971334,False
19592,-0.14,0.01,0.022169414907693863,False
19593,-2.1550000000000002,0.01,0.03017784593005975,False
19594,-0.6699999999999999,0.01,0.03495218604803085,False
19595,-0.83,0.01,0.0444827675819397,False
19596,-0.72,0.01,0.024191224947571754,False
19597,-1.77,0.01,0.015031750313937664,False
19598,-1.585,0.01,0.03507510758936405,False
19599,0.14000000000000012,0.01,0.05406137059132258,False
19600,-0.81,0.01,0.02204061672091484,False
19601,-2.055,0.01,0.03626124517848858,False
19602,-1.545,0.01,0.02797310644139846,False
19603,-0.45500000000000007,0.01,0.043344393372535706,False
19604,-1.0150000000000001,0.01,0.05132802311951915,False
19605,-1.3650000000000002,0.01,0.03324341339369615,False
19606,-0.49,0.01,0.058710142597556116,False
19607,-2.19,0.01,0.02424034159630537,False
19608,-1.0499999999999998,0.01,0.024209789000451565,False
19609,0.16999999999999993,0.01,0.016825669445097446,False
19610,-2.34,0.01,0.02812940301373601,False
19611,-0.22999999999999998,0.01,0.04007980786263943,False
19612,-0.51,0.01,0.01993386261165142,False
19613,-1.8599999999999999,0.01,0.026772204786539078,False
19614,-0.4850000000000001,0.01,0.04714619144797325,False
19615,-1.7349999999999999,0.01,0.04239948280155659,False
19616,-0.4099999999999999,0.01,0,False
19617,-1.55,0.01,0.03624416266878446,False
19618,-0.95,0.01,0.03650220793982347,False
19619,-2.41,0.01,0.04117463963727156,False
19620,0.43000000000000016,0.01,0.050246830408771835,False
19621,-1.75,0.01,0.019990890597303707,False
19622,-0.8349999999999999,0.01,0.03606870025396347,False
19623,-0.5599999999999996,0.01,0.020765339334805805,False
19624,-0.81,0.01,0.02780110016465187,False
19625,-1.6600000000000004,0.01,0.02803612736841807,False
19626,-1.74,0.01,0.03600889133910338,False
19627,-0.7549999999999999,0.01,0.033407709250847496,False
19628,-0.2549999999999999,0.01,0.023783322734137375,False
19629,0.09999999999999964,0.01,0.02129979748278856,False
19630,-1.54,0.01,0.024687299504876137,False
19631,-0.745,0.01,0.038158170878887177,False
19632,-1.5950000000000002,0.01,0.03277366869151592,False
19633,-1.1400000000000001,0.01,0.025626234710216522,False
19634,-0.5349999999999999,0.01,0.04294075071811676,False
19635,-1.3250000000000002,0.01,0.020900380332022905,False
19636,-1.04,0.01,0.038759203627705574,False
19637,-1.99,0.01,0.03428559564054012,False
19638,0.5449999999999999,0.01,0.02996678153673808,False
19639,-1.7550000000000001,0.01,0.03746987568835417,False
19640,-1.01,0.01,0,False
19641,-0.6900000000000001,0.01,0.03404851369559765,False
19642,-1.42,0.01,0.03693142905831337,False
19643,-0.62,0.01,0.027729379013180733,False
19644,-1.355,0.01,0.020679167471826077,False
19645,-1.65,0.01,0.05541578494012356,False
19646,-0.575,0.01,0.022371385246515274,False
19647,-1.5300000000000002,0.01,0.03571148642471859,False
19648,-1.045,0.01,0.05087841426332792,False
19649,0.05499999999999994,0.01,0.03439874202013016,False
19650,-2.18,0.01,0.04759766533970833,False
19651,-0.61,0.01,0.023292642397185166,False
19652,-1.27,0.01,0.04420665092766285,False
19653,-1.1,0.01,0.03037419617176056,False
19654,-0.655,0.01,0.05934622138738632,False
19655,-0.855,0.01,0.037858410427967705,False
19656,-0.25,0.01,0.018430810421705246,False
19657,-1.3450000000000002,0.01,0.01788063223163287,False
19658,-1.1300000000000001,0.01,0.04560720858474573,False
19659,-1.1000000000000003,0.01,0.03399588691536337,False
19660,-0.95,0.01,0.039767470210790634,False
19661,-0.835,0.01,0.02947311056777835,False
19662,-1.4100000000000001,0.01,0.027286916971206665,False
19663,-1.21,0.01,0.042355991899967194,False
19664,-1.0250000000000001,0.01,0.028514970626149858,False
19665,0.29000000000000026,0.01,0,False
19666,0.050000000000000044,0.01,0.0341901828845342,False
19667,-2.11,0.01,0.02099526859819889,False
19668,0.060000000000000275,0.01,0.03270466439425945,False
19669,-1.06,0.01,0.033539929427206516,False
19670,-0.915,0.01,0.0653737485408783,False
19671,-1.225,0.01,0.02930982472995917,False
19672,-0.8700000000000001,0.01,0.025609187316149473,False
19673,-1.3000000000000003,0.01,0.03186938036233187,False
19674,-2.145,0.01,0.025007690613468487,False
19675,-0.11499999999999999,0.01,0.012847239151597023,False
19676,-1.03,0.01,0.06887873262166977,False
19677,-1.54,0.01,0.031753815710544586,False
19678,-1.67,0.01,0.03484069307645162,False
19679,-0.07000000000000006,0.01,0.042534199077636003,False
19680,-1.065,0.01,0.03330670576542616,False
19681,-1.145,0.01,0.051590624664510996,False
19682,-0.33999999999999964,0.01,0.03225684414307276,False
19683,-0.63,0.01,0.017285088077187538,False
19684,-1.725,0.01,0.02897682785987854,False
19685,-0.5699999999999998,0.01,0.038741260301321745,False
19686,-0.43500000000000005,0.01,0.024996633641421795,False
19687,-0.5199999999999998,0.01,0.030527301753560703,False
19688,-1.315,0.01,0.05647670850157738,False
19689,-1.36,0.01,0.03605431690812111,False
19690,-0.14500000000000002,0.01,0.019020444403092068,False
19691,-2.0549999999999997,0.01,0.035541207840045295,False
19692,-0.26,0.01,0.04208912141621113,False
19693,-0.9650000000000001,0.01,0.02113622473552823,False
19694,-1.425,0.01,0.016561271622776985,False
19695,-0.355,0.01,0.0368868795533975,False
19696,-0.53,0.01,0.02167140692472458,False
19697,-1.5950000000000002,0.01,0.03408863097429275,False
19698,-1.935,0.01,0.033752864226698875,False
19699,0.03500000000000014,0.01,0.02512664091773331,False
19700,-0.6600000000000001,0.01,0.028960229208072025,False
19701,-0.5649999999999997,0.01,0.043005520943552256,False
19702,-1.12,0.01,0.04762171829740206,False
19703,-0.8200000000000001,0.01,0.037536232421795525,False
19704,-0.9650000000000001,0.01,0.03190719801932573,False
19705,-1.04,0.01,0.05762830004096031,False
19706,-1.775,0.01,0.029737563803792,False
19707,-0.33999999999999997,0.01,0.03166788071393967,False
19708,-1.525,0.01,0.024664128199219704,False
19709,-1.4300000000000002,0.01,0.053651317954063416,False
19710,0.1399999999999999,0.01,0.039298069663345814,False
19711,-1.3600000000000003,0.01,0.035136151826009154,False
19712,-1.37,0.01,0.03187744319438934,False
19713,-0.84,0.01,0.012018695008009672,False
19714,-0.925,0.01,0.032916560769081116,False
19715,-1.2500000000000002,0.01,0.03908460331149399,False
19716,-0.77,0.01,0.03436965495347977,False
19717,-0.22499999999999998,0.01,0.04697643965482712,False
19718,-1.0,0.01,0.025682945176959036,False
19719,-1.465,0.01,0.030927862506359816,False
19720,-0.05499999999999994,0.01,0.059758166472117104,False
19721,-0.8099999999999999,0.01,0,False
19722,-1.4300000000000002,0.01,0.037290602922439575,False
19723,-1.07,0.01,0.04626976838335395,False
19724,-0.9450000000000001,0.01,0.019859155019124348,False
19725,-0.040000000000000036,0.01,0.056927530094981194,False
19726,-1.56,0.01,0.03860378762086233,False
19727,0.050000000000000266,0.01,0.06347257892290752,False
19728,-1.175,0.01,0.042617376428097486,False
19729,-1.48,0.01,0.03208654699847102,False
19730,-1.52,0.01,0.030691219493746758,False
19731,-0.625,0.01,0.02902626246213913,False
19732,-1.55,0.01,0.04108117272456487,False
19733,-1.1300000000000001,0.01,0.010899338871240616,False
19734,-0.21999999999999997,0.01,0.03046997357159853,False
19735,-0.92,0.01,0.03928010165691376,False
19736,-1.02,0.01,0.015201140195131302,False
19737,-1.125,0.01,0.0376676507294178,False
19738,-1.62,0.01,0.03120540827512741,False
19739,-0.63,0.01,0.0422349888831377,False
19740,-0.845,0.01,0.027397657744586468,False
19741,-1.02,0.01,0.04845122992992401,False
19742,-1.0150000000000001,0.01,0.030436258763074875,False
19743,-1.635,0.01,0.029866192489862442,False
19744,-0.61,0.01,0.015227636322379112,False
19745,0.10499999999999998,0.01,0.03692532368004322,False
19746,-1.22,0.01,0.018233899027109146,False
19747,-0.5150000000000003,0.01,0.03872879162769426,False
19748,-1.34,0.01,0.019067449495196342,False
19749,-0.42999999999999994,0.01,0.03437012806534767,False
19750,-1.3450000000000002,0.01,0.04629228636622429,False
19751,-0.27,0.01,0.022468649316579103,False
19752,-1.4050000000000002,0.01,0.03181246419747671,False
19753,-0.21999999999999997,0.01,0.045234326273202896,False
19754,-1.52,0.01,0.012492997571825981,False
19755,-0.6349999999999999,0.01,0.032888540998101234,False
19756,-1.12,0.01,0.04733755253255367,False
19757,-1.235,0.01,0.04104230273514986,False
19758,0.1449999999999998,0.01,0.029817832401022315,False
19759,-1.3150000000000002,0.01,0.03720879523704449,False
19760,-0.9650000000000001,0.01,0.029224732890725136,False
19761,-1.15,0.01,0.03376232894758383,False
19762,-1.32,0.01,0.01041649840772152,False
19763,-0.32999999999999996,0.01,0.03919067047536373,False
19764,-1.03,0.01,0.026922408491373062,False
19765,-0.635,0.01,0.05721515789628029,False
19766,-1.9200000000000002,0.01,0.04080485490461191,False
19767,-0.9600000000000001,0.01,0.04358098035057386,False
19768,-0.74,0.01,0.029899935238063335,False
19769,-1.51,0.01,0,False
19770,-0.7550000000000003,0.01,0.03877403201269252,False
19771,0.29000000000000026,0.01,0,False
19772,-1.44,0.01,0.04367693637808164,False
19773,-1.115,0.01,0.07233884930610657,False
19774,-1.745,0.01,0.020762382075190544,False
19775,-0.42500000000000004,0.01,0.040030084284288545,False
19776,-1.04,0.01,0.020886133424937725,False
19777,-1.1500000000000001,0.01,0.027246023217837017,False
19778,-1.435,0.01,0.051588090136647224,False
19779,0.019999999999999574,0.01,0.03049590728349156,False
19780,-1.02,0.01,0.021092120558023453,False
19781,-1.215,0.01,0.02852011565119028,False
19782,0.1499999999999999,0.01,0.041060118625561394,False
19783,-1.03,0.01,0.021014297381043434,False
19784,-0.52,0.01,0.02467172034084797,False
19785,-1.6099999999999999,0.01,0.052319206297397614,False
19786,-1.035,0.01,0.045856647193431854,False
19787,-0.52,0.01,0.019986558705568314,False
19788,-1.29,0.01,0.03328867182135582,False
19789,-0.625,0.01,0.03769002668559551,False
19790,-1.9449999999999998,0.01,0.029560538940131664,False
19791,-1.47,0.01,0.024915447924286127,False
19792,-0.31500000000000017,0.01,0.04108159447258169,False
19793,-1.435,0.01,0.03763880953192711,False
19794,-1.01,0.01,0.03572868919846686,False
19795,-0.505,0.01,0.0301918076351285,False
19796,-0.015000000000000124,0.01,0.027002127841114998,False
19797,-2.1100000000000003,0.01,0.02281946719934543,False
19798,-1.125,0.01,0.036487936175295284,False
19799,-0.4600000000000001,0.01,0.04290527664124966,False
19800,-1.585,0.01,0.03820188017562032,False
19801,-0.5549999999999999,0.01,0.07033743895590305,False
19802,-0.20500000000000007,0.01,0.05773329883813858,False
19803,-2.075,0.01,0.03354797791689634,False
19804,-0.18499999999999983,0.01,0.027108322829008102,False
19805,-1.04,0.01,0.021076158620417118,False
19806,-1.225,0.01,0.0156101044267416,False
19807,-0.8099999999999999,0.01,0.012011317536234856,False
19808,-0.4099999999999999,0.01,0.03301233798265457,False
19809,-1.98,0.01,0.025702419690787792,False
19810,-0.16000000000000003,0.01,0.03290917662282785,False
19811,-1.3350000000000004,0.01,0.03470115203942571,False
19812,-1.375,0.01,0.029794463887810707,False
19813,-0.8400000000000001,0.01,0.0327689026016742,False
19814,-1.1400000000000001,0.01,0.031078608706593513,False
19815,-1.415,0.01,0.06840552389621735,False
19816,-0.31499999999999995,0.01,0.029055776074528694,False
19817,-1.3450000000000002,0.01,0.028940783813595772,False
19818,0.04499999999999993,0.01,0.030657192692160606,False
19819,-1.945,0.01,0.02385665476322174,False
19820,-0.42000000000000004,0.01,0.06570768356323242,False
19821,0.20999999999999974,0.01,0.04362459480762482,False
19822,-1.3900000000000001,0.01,0.03094286248087883,False
19823,-0.585,0.01,0.04005035720765591,False
19824,-0.71,0.01,0.02312653511762619,False
19825,-0.5399999999999999,0.01,0.04763534851372242,False
19826,-2.05,0.01,0.028741966583766043,False
19827,-0.03499999999999992,0.01,0.026405845768749714,False
19828,-1.86,0.01,0.02806783343354861,False
19829,-0.6549999999999999,0.01,0.047920518865187965,False
19830,-1.85,0.01,0.03187736061712106,False
19831,-0.6599999999999997,0.01,0.02972416828076045,False
19832,-0.5249999999999999,0.01,0.017208227887749672,False
19833,-0.8099999999999999,0.01,0.044881317764520645,False
19834,-0.38500000000000023,0.01,0.035890496149659154,False
19835,-1.0,0.01,0.03716984651982784,False
19836,-1.455,0.01,0.04478027671575546,False
19837,-1.6400000000000001,0.01,0.041949329897761345,False
19838,0.3450000000000002,0.01,0.03791281456748644,False
19839,-1.9400000000000002,0.01,0.029698176309466362,False
19840,-1.01,0.01,0,False
19841,-0.925,0.01,0.05626598373055458,False
19842,-1.21,0.01,0.07045508921146393,False
19843,-1.605,0.01,0.029565805569291115,False
19844,-0.6699999999999999,0.01,0.019326713867485523,False
19845,-1.105,0.01,0.02933510169386864,False
19846,-1.0750000000000002,0.01,0.03240326466038823,False
19847,-0.3500000000000001,0.01,0.026481070555746555,False
19848,-0.755,0.01,0.05132852556804816,False
19849,-2.395,0.01,0.039947598427534106,False
19850,-0.015000000000000013,0.01,0.013129042461514473,False
19851,-1.125,0.01,0.031021525152027607,False
19852,-1.3450000000000002,0.01,0.06443464569747448,False
19853,-0.51,0.01,0.04196474328637123,False
19854,-1.955,0.01,0.034156775722901024,False
19855,-0.5599999999999999,0.01,0.03195116048057874,False
19856,-0.735,0.01,0.03393114171922207,False
19857,-1.4500000000000002,0.01,0.06575159728527069,False
19858,-0.9449999999999998,0.01,0.04113017860800028,False
19859,-1.225,0.01,0.05033076927065849,False
19860,-1.255,0.01,0.035955372576912246,False
19861,-1.0399999999999998,0.01,0.0454489029943943,False
19862,-0.30999999999999994,0.01,0.03180330991744995,False
19863,-1.74,0.01,0.03591086156666279,False
19864,-0.9549999999999998,0.01,0.044845590367913246,False
19865,-0.895,0.01,0.040598058328032496,False
19866,-1.115,0.01,0.019411601126194,False
19867,-0.53,0.01,0.0450058002024889,False
19868,-1.175,0.01,0.03150497656315565,False
19869,-1.76,0.01,0.014195656403899193,False
19870,-0.050000000000000044,0.01,0.027495393762364984,False
19871,-2.43,0.01,0.040866835841110775,False
19872,-1.04,0.01,0.04431070280926568,False
19873,-0.4149999999999999,0.01,0.015609409660100937,False
19874,0.06999999999999984,0.01,0.03149055862533195,False
19875,-1.11,0.01,0.046095505356788635,False
19876,-1.11,0.01,0,False
19877,-0.8800000000000001,0.01,0.03257870655506849,False
19878,-1.3350000000000004,0.01,0.024757119671752054,False
19879,-0.74,0.01,0.042643606662750244,False
19880,-0.93,0.01,0.028617647476494312,False
19881,-0.9500000000000001,0.01,0.04130685795098543,False
19882,-1.05,0.01,0.043630952636400856,False
19883,-0.4650000000000002,0.01,0.029955227859318256,False
19884,-1.5550000000000002,0.01,0.027771979570388794,False
19885,0.5900000000000003,0.01,0.03568994253873825,False
19886,-1.705,0.01,0.03526524975895882,False
19887,-0.755,0.01,0.024381982783476513,False
19888,-1.2850000000000001,0.01,0.04383597038686275,False
19889,-2.17,0.01,0.02633991395123303,False
19890,-0.34499999999999975,0.01,0.03192336857318878,False
19891,0.395,0.01,0.020651984959840775,False
19892,-1.1,0.01,0.04084477908909321,False
19893,-1.0750000000000002,0.01,0.02597383363172412,False
19894,-1.645,0.01,0.035643916577100754,False
19895,0.20999999999999996,0.01,0.04608745779842138,False
19896,-0.865,0.01,0.023041504124800365,False
19897,-0.41999999999999993,0.01,0.025836262851953506,False
19898,-1.675,0.01,0.021085659274831414,False
19899,-1.65,0.01,0.036795370280742645,False
19900,-0.5449999999999999,0.01,0.06214929247895876,False
19901,-0.6150000000000001,0.01,0.032192059637357794,False
19902,-1.665,0.01,0.02558356647690137,False
19903,-0.755,0.01,0.025590183834234875,False
19904,-1.21,0.01,0.022516492754220963,False
19905,-0.9300000000000002,0.01,0.036902157589793205,False
19906,-0.675,0.01,0.05112283187918365,False
19907,-0.935,0.01,0.05105018801987171,False
19908,-1.5100000000000002,0.01,0,False
19909,-1.235,0.01,0.03084009885787964,False
19910,-0.6499999999999999,0.01,0.028209562102953594,False
19911,-1.2000000000000002,0.01,0.03750821687281132,False
19912,-1.96,0.01,0.024936207802966237,False
19913,-0.33499999999999974,0.01,0.02526062447577715,False
19914,-1.155,0.01,0.04396490380167961,False
19915,-1.3900000000000001,0.01,0.026271796319633722,False
19916,-0.95,0.01,0.04482871666550636,False
19917,-1.275,0.01,0.025862618815153837,False
19918,-0.935,0.01,0.024141394533216953,False
19919,-0.8900000000000001,0.01,0.04077045172452927,False
19920,-1.2800000000000002,0.01,0.03408154705539346,False
19921,-0.3600000000000001,0.01,0.02977705397643149,False
19922,-1.1500000000000001,0.01,0.029280039792259533,False
19923,-1.58,0.01,0.035604608348674245,False
19924,0.1549999999999998,0.01,0.033991060219705105,False
19925,-1.435,0.01,0.017121978104114532,False
19926,-0.545,0.01,0.024124127812683582,False
19927,-0.8700000000000001,0.01,0.04044371470808983,False
19928,-1.8450000000000002,0.01,0.020501745864748955,False
19929,-0.8649999999999999,0.01,0.03300556230048338,False
19930,-0.62,0.01,0.019241997972130775,False
19931,-1.045,0.01,0.02463462296873331,False
19932,-1.1700000000000002,0.01,0.0407426543533802,False
19933,-1.08,0.01,0.03801268991082907,False
19934,-1.4000000000000001,0.01,0.035254616662859915,False
19935,-0.235,0.01,0.05122371204197407,False
19936,-0.5950000000000002,0.01,0.033894091844558716,False
19937,-2.05,0.01,0.0507362000644207,False
19938,-0.20999999999999996,0.01,0.04582352191209793,False
19939,-0.88,0.01,0.034168546398480736,False
19940,-1.32,0.01,0.02373407781124115,False
19941,-0.815,0.01,0.04730857163667679,False
19942,-0.8500000000000001,0.01,0.04015265618051801,False
19943,-1.7150000000000003,0.01,0.042701225727796555,False
19944,-0.875,0.01,0.049562889254755445,False
19945,-1.03,0.01,0.028982166200876236,False
19946,-0.72,0.01,0.01972508616745472,False
19947,-1.02,0.01,0.018102855421602726,False
19948,-0.885,0.01,0.04285993962548673,False
19949,-0.8349999999999999,0.01,0.04741979017853737,False
19950,-0.515,0.01,0.038267672061920166,False
19951,-0.9750000000000001,0.01,0.03521053958684206,False
19952,-1.5300000000000002,0.01,0.0511716865003109,False
19953,-1.29,0.01,0.028955601155757904,False
19954,-0.8900000000000001,0.01,0.023755225539207458,False
19955,-1.12,0.01,0.02576969377696514,False
19956,-0.56,0.01,0.04586982851227125,False
19957,-1.5400000000000003,0.01,0.03910314943641424,False
19958,-0.525,0.01,0.03446563147008419,False
19959,-1.545,0.01,0.026450897101312876,False
19960,-1.245,0.01,0.0187752777710557,False
19961,-0.9550000000000001,0.01,0.02321113832294941,False
19962,-1.7850000000000001,0.01,0.04001803044229746,False
19963,-0.07499999999999996,0.01,0.04076957469806075,False
19964,-1.4300000000000002,0.01,0.02945810602977872,False
19965,-1.3900000000000001,0.01,0.030897757783532143,False
19966,-0.05500000000000016,0.01,0.029290272272191942,False
19967,-1.745,0.01,0.033365409821271896,False
19968,-1.2550000000000001,0.01,0.0297110000004371,False
19969,-0.71,0.01,0.05758482962846756,False
19970,-0.62,0.01,0.03769536316394806,False
19971,-1.025,0.01,0.03479150403290987,False
19972,-0.035000000000000475,0.01,0.03783728166793784,False
19973,-2.59,0.01,0.04249135088175535,False
19974,-0.345,0.01,0.05059771612286568,False
19975,-0.42499999999999993,0.01,0.027689717710018158,False
19976,-1.6400000000000001,0.01,0.04637867731175253,False
19977,-0.825,0.01,0.028905868530273438,False
19978,-1.3250000000000002,0.01,0.038812290877103806,False
19979,-0.72,0.01,0.026327598839998245,False
19980,-1.24,0.01,0.03440340360005697,False
19981,-1.165,0.01,0.05189090843002001,False
19982,-0.7250000000000001,0.01,0.024271399714052677,False
19983,-1.065,0.01,0.042310621589422226,False
19984,-1.215,0.01,0.023862529546022415,False
19985,-0.665,0.01,0.056233471259474754,False
19986,-0.9300000000000002,0.01,0.04433322542657455,False
19987,-1.235,0.01,0.031907398253679276,False
19988,-1.53,0.01,0.022154130041599274,False
19989,-0.5249999999999999,0.01,0.0364641472697258,False
19990,-0.5449999999999999,0.01,0.03669406473636627,False
19991,-0.865,0.01,0.03736812621355057,False
19992,-0.53,0.01,0.03715625312179327,False
19993,-2.755,0.01,0.03193388134241104,False
19994,0.14000000000000012,0.01,0.02590664600332578,False
19995,-1.215,0.01,0.036702852696180344,False
19996,-0.52,0.01,0.047064609825611115,False
19997,-1.21,0.01,0.017739851027727127,False
19998,-1.07,0.01,0.022956334287300706,False
19999,-1.4300000000000002,0.01,0.03200246021151543,False
